order_id,order_date,category,region,customer_segment,ship_mode,unit_price,quantity,discount,sales,profit,customer_age,customer_rating
ORD100000,2023-04-13,Beauty,North,Corporate,Standard,56.27,7,0.0,393.89,118.17,41.0,4.4
ORD100001,2023-12-10,Beauty,North,Consumer,Standard,39.99,6,0.05,227.94,59.26,42.0,3.4
ORD100002,2024-11-12,Electronics,Central,Consumer,Standard,761.14,4,0.1,2740.1,109.6,20.0,
ORD100003,2024-08-23,Sports,West,Consumer,Standard,208.43,7,0.1,1313.11,157.57,61.0,
ORD100004,2023-07-25,Clothing,North,Corporate,Standard,39.11,4,0.0,156.44,39.11,35.0,4.7
ORD100005,2024-12-27,Home & Kitchen,Central,Home Office,Express,222.78,2,0.35,289.61,-28.96,62.0,4.2
ORD100006,2023-03-06,Electronics,South,Consumer,Standard,66.19,3,0.1,178.71,7.15,52.0,4.7
ORD100007,2023-01-28,Beauty,East,Consumer,Standard,40.76,5,0.1,183.42,40.35,57.0,4.2
ORD100008,2024-09-04,Sports,Central,Corporate,Standard,84.26,3,0.05,240.14,38.42,32.0,3.0
ORD100009,2023-08-29,Clothing,East,Home Office,Standard,67.45,3,0.0,202.35,50.59,30.0,3.9
ORD100010,2023-03-27,Sports,East,Consumer,Standard,142.4,4,0.0,569.6,113.92,47.0,3.5
ORD100011,2023-07-09,Electronics,South,Consumer,Express,1039.84,7,0.0,7278.88,873.47,44.0,3.8
ORD100012,2023-08-22,Clothing,Central,Consumer,Standard,108.42,1,0.0,108.42,27.1,69.0,5.0
ORD100013,2023-03-22,Clothing,Central,Consumer,Standard,58.31,1,0.0,58.31,14.58,19.0,4.9
ORD100014,2024-12-10,Electronics,West,Corporate,Standard,887.45,5,0.15000000000000002,3771.66,-0.0,23.0,4.5
ORD100015,2023-07-06,Electronics,North,Corporate,Express,69.08,3,0.15,176.15,0.0,37.0,4.5
ORD100016,2024-10-01,Home & Kitchen,West,Corporate,Express,95.49,7,0.2,534.74,10.69,52.0,2.7
ORD100017,2023-09-11,Sports,Central,Corporate,Standard,111.27,3,0.15,283.74,22.7,50.0,4.2
ORD100018,2024-02-24,Sports,East,Consumer,Standard,202.42,5,0.0,1012.1,202.42,63.0,4.9
ORD100019,2023-06-10,Electronics,East,Consumer,Standard,905.8,3,0.1,2445.66,97.83,50.0,5.0
ORD100020,2024-04-14,Clothing,South,Home Office,Standard,134.89,3,0.05,384.44,80.73,38.0,3.9
ORD100021,2024-10-20,Home & Kitchen,West,Consumer,Same Day,195.93,6,0.2,940.46,18.81,52.0,5.0
ORD100022,2023-12-15,Clothing,Central,Home Office,Express,51.22,5,0.05,243.3,51.09,50.0,4.3
ORD100023,2024-07-23,Sports,North,Consumer,Express,114.01,7,0.05,758.17,121.31,19.0,3.1
ORD100024,2024-01-28,Books,South,Consumer,Express,49.56,1,0.1,44.6,3.12,24.0,4.6
ORD100025,2024-02-04,Electronics,Central,Consumer,Standard,554.25,7,0.0,3879.75,465.57,42.0,5.0
ORD100026,2023-05-30,Home & Kitchen,North,Consumer,Express,153.67,4,0.0,614.68,110.64,25.0,4.5
ORD100027,2023-12-16,Home & Kitchen,East,Corporate,Same Day,213.78,6,0.05,1218.55,170.6,36.0,3.1
ORD100028,2024-04-18,Sports,West,Corporate,Standard,60.26,1,0.05,57.25,9.16,49.0,4.9
ORD100029,2023-09-29,Home & Kitchen,East,Consumer,Express,33.37,2,0.05,63.4,8.88,54.0,5.0
ORD100030,2023-08-08,Electronics,North,Home Office,Express,595.3,2,0.15,1012.01,0.0,38.0,3.9
ORD100031,2024-06-05,Sports,Central,Consumer,Standard,280.7,1,0.05,266.66,42.67,62.0,3.1
ORD100032,2023-09-15,Electronics,East,Home Office,Standard,496.4,4,0.0,1985.6,238.27,68.0,5.0
ORD100033,2023-02-12,Electronics,North,Consumer,Standard,158.61,3,0.0,475.83,57.1,43.0,4.5
ORD100034,2024-08-24,Clothing,South,Consumer,Express,58.77,3,0.2,141.05,12.69,53.0,4.1
ORD100035,2023-07-11,Home & Kitchen,West,Consumer,Standard,238.51,7,0.2,1335.66,26.71,54.0,4.5
ORD100036,2023-10-06,Beauty,North,Home Office,Standard,100.04,6,0.0,600.24,180.07,36.0,3.9
ORD100037,2024-01-19,Home & Kitchen,East,Consumer,Standard,246.94,4,0.1,888.98,88.9,53.0,3.6
ORD100038,2023-02-08,Electronics,East,Consumer,Standard,557.76,7,0.05,3709.1,296.73,28.0,4.4
ORD100039,2023-09-10,Beauty,South,Consumer,Standard,107.57,2,0.0,215.14,64.54,54.0,3.6
ORD100040,2023-12-31,Clothing,West,Home Office,Same Day,115.47,6,0.15000000000000002,588.9,76.56,36.0,2.5
ORD100041,2023-02-08,Clothing,South,Consumer,Standard,113.74,5,0.15,483.39,62.84,56.0,5.0
ORD100042,2023-07-09,Clothing,East,Consumer,Standard,71.09,2,0.0,142.18,35.54,49.0,3.9
ORD100043,2023-08-17,Clothing,West,Consumer,Standard,40.35,7,0.05,268.33,56.35,20.0,
ORD100044,2023-01-12,Sports,North,Consumer,Standard,107.34,2,0.0,214.68,42.94,43.0,3.5
ORD100045,2024-12-04,Home & Kitchen,North,Consumer,Standard,247.07,5,0.05,1173.58,164.3,52.0,3.4
ORD100046,2023-09-13,Home & Kitchen,Central,Consumer,Express,227.36,5,0.0,1136.8,204.62,50.0,4.4
ORD100047,2023-10-09,Clothing,Central,Home Office,Express,75.62,3,0.0,226.86,56.72,38.0,4.1
ORD100048,2024-12-09,Sports,Central,Corporate,Express,283.98,2,0.1,511.16,61.34,38.0,3.0
ORD100049,2023-02-03,Clothing,North,Corporate,Standard,118.12,3,0.0,354.36,88.59,18.0,4.5
ORD100050,2024-02-05,Electronics,North,Corporate,Express,859.69,3,0.2,2063.26,-82.53,51.0,2.7
ORD100051,2024-03-22,Books,East,Consumer,Same Day,21.39,2,0.15,36.36,1.09,22.0,5.0
ORD100052,2024-02-05,Home & Kitchen,South,Consumer,Same Day,204.66,5,0.0,1023.3,184.19,60.0,4.4
ORD100053,2024-11-26,Clothing,Central,Consumer,Same Day,94.27,3,0.05,268.67,56.42,22.0,3.3
ORD100054,2024-06-17,Electronics,North,Consumer,Standard,468.91,6,0.0,2813.46,337.62,44.0,4.5
ORD100055,2023-12-16,Electronics,South,Consumer,Express,147.19,3,0.05,419.49,33.56,32.0,5.0
ORD100056,2024-06-09,Home & Kitchen,South,Consumer,Express,29.12,3,0.1,78.62,7.86,64.0,3.8
ORD100057,2023-07-11,Clothing,South,Consumer,Standard,39.6,2,0.05,75.24,15.8,42.0,4.8
ORD100058,2024-08-02,Clothing,East,Consumer,Standard,113.16,7,0.1,712.91,121.19,66.0,2.9
ORD100059,2023-11-16,Home & Kitchen,South,Home Office,Express,106.33,6,0.05,606.08,84.85,23.0,3.2
ORD100060,2024-03-21,Clothing,North,Home Office,Standard,83.43,5,0.3,292.0,2.92,48.0,
ORD100061,2023-04-28,Clothing,North,Corporate,Same Day,87.95,2,0.0,175.9,43.98,61.0,4.2
ORD100062,2024-12-24,Home & Kitchen,South,Consumer,Express,126.12,5,0.1,567.54,56.75,53.0,2.7
ORD100063,2023-09-18,Electronics,Central,Consumer,Express,342.84,5,0.0,1714.2,205.7,26.0,5.0
ORD100064,2024-02-23,Clothing,Central,Home Office,Same Day,27.4,3,0.2,65.76,5.92,29.0,
ORD100065,2023-12-15,Electronics,West,Consumer,Standard,238.91,5,0.05,1134.82,90.79,31.0,4.4
ORD100066,2023-02-11,Clothing,West,Consumer,Standard,74.78,6,0.05,426.25,89.51,32.0,3.1
ORD100067,2024-09-07,Electronics,East,Consumer,Standard,890.13,2,0.0,1780.26,213.63,32.0,2.8
ORD100068,2024-04-22,Sports,West,Consumer,Standard,82.06,7,0.0,574.42,114.88,21.0,4.5
ORD100069,2023-06-08,Clothing,South,Corporate,Standard,85.58,5,0.0,427.9,106.98,29.0,
ORD100070,2024-09-18,Books,East,Consumer,Standard,14.99,2,0.0,29.98,4.5,23.0,4.6
ORD100071,2023-05-21,Electronics,North,Consumer,Express,731.91,4,0.1,2634.88,105.4,21.0,
ORD100072,2023-05-07,Electronics,East,Corporate,Standard,896.91,1,0.2,717.53,-28.7,40.0,3.6
ORD100073,2023-01-01,Beauty,East,Corporate,Standard,11.3,1,0.0,11.3,3.39,43.0,3.7
ORD100074,2024-06-20,Beauty,Central,Consumer,Standard,110.62,3,0.0,331.86,99.56,68.0,
ORD100075,2023-06-10,Clothing,East,Corporate,Standard,102.9,7,0.3,504.21,5.04,58.0,4.3
ORD100076,2024-04-20,Home & Kitchen,North,Consumer,Standard,167.97,3,0.0,503.91,90.7,36.0,5.0
ORD100077,2023-05-24,Home & Kitchen,North,Corporate,Standard,216.89,4,0.05,824.18,115.39,47.0,3.6
ORD100078,2023-09-21,Beauty,Central,Consumer,Standard,79.06,4,0.15,268.8,48.38,45.0,3.9
ORD100079,2024-03-18,Home & Kitchen,East,Consumer,Standard,356.67,4,0.0,1426.68,256.8,51.0,4.9
ORD100080,2023-10-15,Beauty,West,Consumer,Express,28.57,7,0.0,199.99,60.0,,2.8
ORD100081,2024-12-09,Clothing,South,Consumer,Standard,47.53,5,0.05,225.77,47.41,47.0,5.0
ORD100082,2024-05-14,Sports,West,Consumer,Standard,295.76,7,0.15,1759.77,140.78,34.0,5.0
ORD100083,2023-10-08,Clothing,North,Home Office,Same Day,83.6,5,0.1,376.2,63.95,,4.2
ORD100084,2023-02-11,Home & Kitchen,South,Corporate,Express,334.45,7,0.0,2341.15,421.41,39.0,5.0
ORD100085,2024-03-30,Home & Kitchen,West,Consumer,Express,177.48,2,0.0,354.96,63.89,60.0,5.0
ORD100086,2024-01-06,Electronics,South,Consumer,Standard,876.9,7,0.1,5524.47,220.98,51.0,2.7
ORD100087,2024-04-11,Home & Kitchen,North,Consumer,Standard,143.68,2,0.05,272.99,38.22,26.0,4.0
ORD100088,2023-08-05,Books,East,Consumer,Standard,9.28,4,0.1,33.41,2.34,,3.9
ORD100089,2023-01-17,Sports,South,Consumer,Standard,263.15,7,0.15,1565.74,125.26,40.0,3.6
ORD100090,2023-07-19,Electronics,East,Consumer,Same Day,1135.67,7,0.0,7949.69,953.96,33.0,4.3
ORD100091,2023-12-01,Books,South,Home Office,Same Day,56.93,2,0.15000000000000002,96.78,2.9,69.0,3.1
ORD100092,2024-05-04,Books,East,Consumer,Standard,31.46,3,0.1,84.94,5.95,57.0,5.0
ORD100093,2024-05-30,Beauty,South,Corporate,Express,75.82,6,0.05,432.17,112.36,52.0,
ORD100094,2023-05-21,Clothing,Central,Consumer,Standard,17.38,1,0.05,16.51,3.47,61.0,3.7
ORD100095,2024-01-24,Books,North,Consumer,Standard,51.91,2,0.0,103.82,15.57,42.0,5.0
ORD100096,2024-08-07,Electronics,South,Consumer,Same Day,967.69,5,0.0,4838.45,580.61,23.0,4.3
ORD100097,2023-08-14,Electronics,Central,Consumer,Same Day,797.09,5,0.15,3387.63,0.0,63.0,4.8
ORD100098,2023-08-06,Electronics,Central,Corporate,Express,774.24,7,0.2,4335.74,-173.43,52.0,2.7
ORD100099,2023-03-03,Sports,Central,Consumer,Express,226.88,1,0.1,204.19,24.5,31.0,4.2
ORD100100,2023-11-19,Clothing,East,Consumer,Express,14.96,7,0.15000000000000002,89.01,11.57,22.0,
ORD100101,2023-09-08,Books,East,Consumer,Standard,42.58,5,0.3,149.03,-13.41,67.0,3.4
ORD100102,2023-12-15,Sports,East,Corporate,Standard,260.7,1,0.25,195.52,0.0,36.0,3.6
ORD100103,2023-12-29,Electronics,Central,Consumer,Express,267.6,5,0.25,1003.5,-80.28,68.0,
ORD100104,2024-11-02,Clothing,West,Consumer,Express,126.5,5,0.05,600.88,126.18,19.0,4.3
ORD100105,2023-08-11,Clothing,North,Corporate,Standard,49.67,7,0.05,330.31,69.37,49.0,4.1
ORD100106,2023-12-01,Sports,North,Home Office,Express,29.67,3,0.05,84.56,13.53,29.0,2.7
ORD100107,2023-07-29,Beauty,Central,Home Office,Express,19.96,5,0.05,94.81,24.65,,4.9
ORD100108,2023-03-20,Beauty,South,Consumer,Standard,58.88,4,0.05,223.74,58.17,30.0,5.0
ORD100109,2023-05-10,Beauty,South,Consumer,Express,115.77,4,0.1,416.77,91.69,64.0,4.2
ORD100110,2024-10-20,Clothing,Central,Consumer,Express,42.19,5,0.0,210.95,52.74,66.0,4.9
ORD100111,2024-08-06,Electronics,North,Consumer,Standard,571.75,2,0.15,971.98,0.0,20.0,3.8
ORD100112,2024-06-19,Sports,East,Corporate,Standard,44.02,1,0.1,39.62,4.75,37.0,4.1
ORD100113,2024-05-15,Clothing,West,Consumer,Standard,11.63,2,0.1,20.93,3.56,35.0,3.0
ORD100114,2024-06-27,Books,West,Home Office,Same Day,44.84,3,0.0,134.52,20.18,34.0,3.8
ORD100115,2023-04-02,Books,East,Consumer,Standard,33.47,1,0.2,26.78,-0.27,47.0,4.1
ORD100116,2023-04-13,Electronics,East,Corporate,Express,280.17,7,0.1,1765.07,70.6,57.0,5.0
ORD100117,2024-11-20,Home & Kitchen,West,Corporate,Standard,269.42,4,0.15000000000000002,916.03,54.96,39.0,4.4
ORD100118,2024-11-30,Books,North,Consumer,Standard,13.77,5,0.15000000000000002,58.52,1.76,36.0,3.3
ORD100119,2024-11-25,Electronics,North,Consumer,Express,432.16,1,0.1,388.94,15.56,45.0,3.7
ORD100120,2023-04-03,Clothing,North,Home Office,Standard,144.51,2,0.1,260.12,44.22,37.0,4.8
ORD100121,2024-07-15,Beauty,East,Consumer,Express,60.97,2,0.1,109.75,24.14,53.0,4.7
ORD100122,2024-01-06,Clothing,South,Consumer,Standard,127.04,1,0.0,127.04,31.76,25.0,5.0
ORD100123,2023-01-02,Electronics,Central,Consumer,Standard,1051.36,7,0.1,6623.57,264.94,56.0,5.0
ORD100124,2023-05-25,Clothing,Central,Consumer,Express,55.53,4,0.0,222.12,55.53,62.0,4.4
ORD100125,2024-08-14,Home & Kitchen,South,Corporate,Standard,110.75,3,0.2,265.8,5.32,37.0,3.9
ORD100126,2024-11-17,Books,East,Home Office,Express,37.19,7,0.15000000000000002,221.28,6.64,37.0,4.1
ORD100127,2023-01-01,Electronics,South,Home Office,Standard,633.32,6,0.1,3419.93,136.8,37.0,3.5
ORD100128,2023-05-06,Sports,East,Home Office,Standard,159.52,2,0.0,319.04,63.81,55.0,3.3
ORD100129,2023-12-07,Electronics,West,Consumer,Express,253.72,2,0.15000000000000002,431.32,-0.0,43.0,
ORD100130,2023-05-25,Beauty,Central,Corporate,Standard,96.48,4,0.1,347.33,76.41,36.0,4.5
ORD100131,2023-08-08,Electronics,East,Consumer,Express,1192.34,5,0.15,5067.44,0.0,30.0,4.9
ORD100132,2024-09-01,Clothing,South,Corporate,Express,116.72,1,0.0,116.72,29.18,62.0,
ORD100133,2024-10-16,Books,East,Corporate,Standard,35.17,1,0.0,35.17,5.28,66.0,
ORD100134,2023-09-24,Home & Kitchen,West,Corporate,Standard,161.22,2,0.3,225.71,-13.54,19.0,3.0
ORD100135,2023-10-27,Home & Kitchen,South,Consumer,Express,290.46,3,0.0,871.38,156.85,40.0,2.8
ORD100136,2023-04-27,Sports,South,Home Office,Standard,280.99,6,0.0,1685.94,337.19,31.0,3.4
ORD100137,2023-06-05,Home & Kitchen,South,Corporate,Express,119.96,4,0.15,407.86,24.47,47.0,3.3
ORD100138,2024-08-08,Beauty,North,Consumer,Express,26.3,4,0.05,99.94,25.98,24.0,4.5
ORD100139,2023-05-21,Home & Kitchen,West,Home Office,Standard,96.64,2,0.0,193.28,34.79,59.0,2.3
ORD100140,2023-06-03,Clothing,South,Corporate,Express,104.0,1,0.0,104.0,26.0,53.0,3.2
ORD100141,2023-04-18,Beauty,North,Consumer,Standard,78.83,4,0.0,315.32,94.6,28.0,3.9
ORD100142,2024-05-23,Electronics,North,Consumer,Standard,827.22,2,0.05,1571.72,125.74,56.0,4.4
ORD100143,2023-10-15,Clothing,North,Consumer,Express,36.86,1,0.0,36.86,9.22,58.0,5.0
ORD100144,2024-10-03,Books,North,Corporate,Standard,37.6,3,0.05,107.16,11.79,20.0,4.0
ORD100145,2023-12-20,Clothing,South,Corporate,Standard,144.63,5,0.15000000000000002,614.68,79.91,33.0,3.7
ORD100146,2023-02-24,Beauty,South,Corporate,Express,111.63,5,0.0,558.15,167.44,68.0,5.0
ORD100147,2024-02-10,Electronics,West,Consumer,Express,949.33,2,0.0,1898.66,227.84,53.0,4.2
ORD100148,2024-07-31,Clothing,South,Consumer,Standard,125.54,6,0.05,715.58,150.27,21.0,4.5
ORD100149,2023-11-12,Beauty,North,Home Office,Standard,99.01,3,0.15000000000000002,252.48,45.45,59.0,3.7
ORD100150,2023-01-07,Clothing,North,Consumer,Standard,107.29,2,0.3,150.21,1.5,35.0,3.9
ORD100151,2023-06-13,Home & Kitchen,North,Home Office,Express,137.25,3,0.05,391.16,54.76,42.0,4.3
ORD100152,2024-06-20,Electronics,North,Corporate,Standard,733.43,7,0.05,4877.31,390.18,35.0,4.1
ORD100153,2023-10-14,Electronics,West,Consumer,Standard,1194.1,5,0.1,5373.45,214.94,32.0,3.9
ORD100154,2023-04-09,Electronics,West,Consumer,Standard,845.36,1,0.05,803.09,64.25,56.0,3.5
ORD100155,2024-02-24,Home & Kitchen,South,Consumer,Express,188.17,5,0.05,893.81,125.13,44.0,3.5
ORD100156,2024-08-20,Sports,South,Consumer,Standard,239.2,5,0.15,1016.6,81.33,56.0,4.8
ORD100157,2024-11-23,Beauty,Central,Consumer,Standard,68.02,7,0.1,428.53,94.28,43.0,3.7
ORD100158,2024-09-15,Books,East,Consumer,Standard,30.27,5,0.3,105.94,-9.53,66.0,3.6
ORD100159,2024-07-25,Electronics,South,Home Office,Standard,948.35,4,0.1,3414.06,136.56,51.0,4.9
ORD100160,2023-03-20,Sports,South,Home Office,Standard,296.6,7,0.1,1868.58,224.23,30.0,4.7
ORD100161,2024-04-27,Electronics,Central,Corporate,Standard,391.02,3,0.3,821.14,-98.54,36.0,5.0
ORD100162,2024-05-05,Clothing,East,Home Office,Standard,69.4,7,0.0,485.8,121.45,45.0,3.6
ORD100163,2024-04-07,Electronics,North,Corporate,Express,790.49,2,0.05,1501.93,120.15,67.0,4.7
ORD100164,2024-05-02,Electronics,East,Home Office,Standard,758.97,2,0.0,1517.94,182.15,32.0,3.4
ORD100165,2023-05-04,Clothing,North,Consumer,Same Day,104.64,3,0.2,251.14,22.6,38.0,4.3
ORD100166,2024-09-22,Beauty,South,Consumer,Express,30.42,6,0.15,155.14,27.93,57.0,5.0
ORD100167,2024-04-10,Electronics,West,Consumer,Same Day,611.65,7,0.15,3639.32,0.0,30.0,3.5
ORD100168,2023-12-19,Home & Kitchen,South,Corporate,Express,351.23,7,0.25,1843.96,-36.88,54.0,3.9
ORD100169,2023-09-18,Sports,South,Consumer,Express,200.69,1,0.1,180.62,21.67,63.0,4.1
ORD100170,2023-04-22,Beauty,East,Consumer,Express,9.06,1,0.0,9.06,2.72,51.0,5.0
ORD100171,2023-03-11,Beauty,Central,Consumer,Standard,88.04,6,0.1,475.42,104.59,54.0,
ORD100172,2024-02-09,Electronics,North,Consumer,Standard,512.68,7,0.05,3409.32,272.75,31.0,3.9
ORD100173,2024-06-19,Books,West,Consumer,Express,32.4,6,0.0,194.4,29.16,41.0,3.8
ORD100174,2023-04-27,Beauty,East,Consumer,Standard,42.74,7,0.0,299.18,89.75,69.0,4.6
ORD100175,2023-04-28,Books,South,Corporate,Express,11.51,6,0.3,48.34,-4.35,28.0,4.7
ORD100176,2024-05-19,Home & Kitchen,Central,Consumer,Express,240.54,6,0.0,1443.24,259.78,34.0,3.8
ORD100177,2023-02-18,Clothing,Central,Corporate,Express,16.98,7,0.05,112.92,23.71,18.0,
ORD100178,2023-07-01,Electronics,North,Consumer,Same Day,592.87,5,0.0,2964.35,355.72,61.0,4.8
ORD100179,2024-02-04,Beauty,South,Corporate,Standard,61.07,3,0.0,183.21,54.96,60.0,3.5
ORD100180,2024-06-02,Electronics,South,Corporate,Standard,197.19,7,0.05,1311.31,104.9,43.0,4.8
ORD100181,2023-03-23,Electronics,West,Consumer,Standard,405.0,5,0.1,1822.5,72.9,,3.4
ORD100182,2024-05-04,Electronics,West,Consumer,Same Day,311.52,4,0.1,1121.47,44.86,58.0,5.0
ORD100183,2024-09-01,Home & Kitchen,North,Home Office,Express,272.57,2,0.15,463.37,27.8,68.0,4.9
ORD100184,2023-12-10,Beauty,North,Consumer,Same Day,96.31,1,0.05,91.49,23.79,24.0,5.0
ORD100185,2024-10-16,Electronics,Central,Home Office,Express,324.62,1,0.1,292.16,11.69,45.0,
ORD100186,2023-09-11,Clothing,South,Consumer,Express,62.07,7,0.15,369.32,48.01,67.0,3.0
ORD100187,2023-01-08,Clothing,West,Corporate,Express,121.71,7,0.0,851.97,212.99,63.0,3.9
ORD100188,2024-04-12,Home & Kitchen,North,Corporate,Standard,360.42,3,0.3,756.88,-45.41,50.0,4.0
ORD100189,2024-11-18,Electronics,South,Corporate,Standard,1064.78,4,0.15000000000000002,3620.25,-0.0,33.0,3.8
ORD100190,2024-06-16,Books,South,Home Office,Same Day,41.09,3,0.1,110.94,7.77,20.0,4.6
ORD100191,2024-10-06,Sports,South,Consumer,Same Day,42.12,4,0.0,168.48,33.7,28.0,4.4
ORD100192,2024-04-01,Clothing,East,Corporate,Standard,34.33,5,0.0,171.65,42.91,43.0,3.6
ORD100193,2023-12-04,Books,East,Corporate,Standard,51.28,3,0.2,123.07,-1.23,44.0,3.8
ORD100194,2023-09-29,Electronics,South,Consumer,Express,242.2,4,0.0,968.8,116.26,25.0,3.9
ORD100195,2023-05-23,Electronics,North,Consumer,Express,1129.05,4,0.0,4516.2,541.94,26.0,3.6
ORD100196,2023-07-29,Books,Central,Consumer,Standard,26.44,6,0.05,150.71,16.58,53.0,3.9
ORD100197,2024-05-21,Clothing,North,Corporate,Same Day,49.21,1,0.0,49.21,12.3,68.0,3.3
ORD100198,2023-10-11,Electronics,Central,Corporate,Standard,1003.8,4,0.1,3613.68,144.55,69.0,4.4
ORD100199,2023-10-13,Electronics,East,Consumer,Express,135.38,1,0.0,135.38,16.25,47.0,5.0
ORD100200,2024-05-28,Books,East,Home Office,Standard,9.34,5,0.15,39.7,1.19,65.0,4.2
ORD100201,2023-10-03,Electronics,East,Corporate,Standard,87.54,3,0.15,223.23,0.0,41.0,
ORD100202,2023-12-09,Clothing,South,Consumer,Express,94.27,2,0.05,179.11,37.61,39.0,5.0
ORD100203,2023-05-12,Books,North,Consumer,Express,58.39,4,0.3,163.49,-14.71,51.0,5.0
ORD100204,2024-08-06,Books,North,Consumer,Standard,30.99,2,0.2,49.58,-0.5,36.0,3.0
ORD100205,2024-11-19,Home & Kitchen,North,Consumer,Standard,29.14,4,0.05,110.73,15.5,56.0,4.0
ORD100206,2023-11-14,Clothing,North,Consumer,Express,49.84,1,0.05,47.35,9.94,68.0,3.8
ORD100207,2024-05-08,Sports,North,Consumer,Standard,132.33,4,0.2,423.46,16.94,62.0,4.2
ORD100208,2023-10-28,Books,Central,Corporate,Express,5.12,6,0.0,30.72,4.61,40.0,3.8
ORD100209,2024-11-03,Home & Kitchen,South,Consumer,Standard,304.2,1,0.1,273.78,27.38,68.0,4.6
ORD100210,2023-04-15,Books,Central,Corporate,Standard,12.64,1,0.1,11.38,0.8,45.0,5.0
ORD100211,2024-01-22,Home & Kitchen,North,Consumer,Standard,128.59,1,0.0,128.59,23.15,32.0,4.7
ORD100212,2023-02-18,Electronics,East,Corporate,Standard,495.5,3,0.05,1412.18,112.97,52.0,5.0
ORD100213,2023-12-30,Beauty,West,Home Office,Same Day,54.56,3,0.15000000000000002,139.13,25.04,53.0,4.2
ORD100214,2023-10-17,Electronics,South,Consumer,Express,447.76,4,0.0,1791.04,214.92,27.0,3.0
ORD100215,2023-05-06,Home & Kitchen,North,Home Office,Standard,339.06,4,0.1,1220.62,122.06,48.0,5.0
ORD100216,2024-01-11,Sports,East,Consumer,Standard,70.57,3,0.05,201.12,32.18,59.0,3.4
ORD100217,2024-04-29,Beauty,South,Consumer,Standard,56.07,2,0.15,95.32,17.16,66.0,3.7
ORD100218,2024-09-29,Clothing,South,Consumer,Standard,31.58,1,0.05,30.0,6.3,62.0,3.9
ORD100219,2024-02-20,Books,North,Consumer,Express,17.93,3,0.1,48.41,3.39,68.0,5.0
ORD100220,2024-09-28,Clothing,East,Consumer,Standard,149.14,4,0.0,596.56,149.14,39.0,3.1
ORD100221,2023-10-11,Beauty,West,Home Office,Standard,73.2,2,0.1,131.76,28.99,62.0,
ORD100222,2024-01-30,Home & Kitchen,North,Corporate,Standard,28.27,6,0.0,169.62,30.53,36.0,4.3
ORD100223,2024-11-25,Clothing,South,Consumer,Express,64.12,3,0.25,144.27,7.21,68.0,3.8
ORD100224,2024-12-31,Clothing,West,Corporate,Standard,143.85,7,0.05,956.6,200.89,,3.0
ORD100225,2024-07-28,Sports,South,Consumer,Express,278.65,2,0.05,529.43,84.71,46.0,4.9
ORD100226,2023-11-16,Clothing,South,Corporate,Standard,39.5,1,0.2,31.6,2.84,52.0,4.9
ORD100227,2024-10-08,Electronics,South,Corporate,Standard,56.52,5,0.15,240.21,0.0,26.0,4.5
ORD100228,2023-07-13,Electronics,South,Corporate,Standard,840.52,7,0.0,5883.64,706.04,52.0,5.0
ORD100229,2023-02-14,Sports,East,Consumer,Standard,155.18,2,0.0,310.36,62.07,55.0,5.0
ORD100230,2023-01-13,Books,North,Home Office,Standard,21.09,6,0.0,126.54,18.98,46.0,4.2
ORD100231,2024-06-16,Electronics,South,Corporate,Standard,877.76,6,0.05,5003.23,400.26,53.0,5.0
ORD100232,2023-06-09,Home & Kitchen,East,Consumer,Standard,126.64,6,0.05,721.85,101.06,30.0,3.5
ORD100233,2023-10-17,Electronics,East,Consumer,Express,415.22,7,0.0,2906.54,348.78,46.0,5.0
ORD100234,2023-10-21,Sports,East,Consumer,Standard,282.73,5,0.2,1130.92,45.24,18.0,5.0
ORD100235,2023-05-21,Clothing,South,Home Office,Express,26.24,7,0.05,174.5,36.64,50.0,4.3
ORD100236,2023-06-24,Electronics,West,Corporate,Same Day,925.19,1,0.1,832.67,33.31,42.0,4.3
ORD100237,2023-04-11,Home & Kitchen,South,Home Office,Standard,57.73,6,0.15,294.42,17.67,58.0,3.9
ORD100238,2023-07-29,Home & Kitchen,South,Corporate,Standard,349.86,6,0.2,1679.33,33.59,50.0,4.6
ORD100239,2023-01-03,Clothing,East,Consumer,Express,37.89,4,0.0,151.56,37.89,60.0,4.0
ORD100240,2023-04-28,Beauty,East,Consumer,Express,32.82,6,0.0,196.92,59.08,39.0,3.4
ORD100241,2024-06-19,Books,Central,Consumer,Standard,46.93,7,0.15,279.23,8.38,64.0,5.0
ORD100242,2024-05-16,Electronics,West,Corporate,Standard,355.42,5,0.0,1777.1,213.25,24.0,4.9
ORD100243,2024-09-14,Books,East,Corporate,Express,21.01,5,0.05,99.8,10.98,21.0,3.0
ORD100244,2023-06-06,Electronics,East,Corporate,Standard,116.52,2,0.3,163.13,-19.58,22.0,5.0
ORD100245,2023-10-05,Clothing,South,Consumer,Standard,97.14,2,0.0,194.28,48.57,36.0,5.0
ORD100246,2023-12-26,Sports,North,Corporate,Express,284.74,6,0.05,1623.02,259.68,64.0,5.0
ORD100247,2024-08-18,Books,South,Consumer,Same Day,34.13,7,0.05,226.96,24.97,38.0,5.0
ORD100248,2024-07-27,Beauty,South,Consumer,Standard,10.05,6,0.15,51.26,9.23,25.0,3.8
ORD100249,2023-09-29,Books,East,Consumer,Same Day,33.74,4,0.0,134.96,20.24,42.0,4.6
ORD100250,2023-06-03,Electronics,West,Corporate,Standard,853.06,3,0.05,2431.22,194.5,19.0,4.9
ORD100251,2024-05-09,Electronics,South,Corporate,Same Day,928.12,5,0.05,4408.57,352.69,26.0,3.8
ORD100252,2024-05-26,Home & Kitchen,West,Consumer,Express,83.49,7,0.1,525.99,52.6,44.0,3.7
ORD100253,2023-06-22,Electronics,South,Consumer,Same Day,1192.24,1,0.15,1013.4,0.0,66.0,2.9
ORD100254,2024-08-28,Sports,Central,Corporate,Standard,238.39,4,0.05,905.88,144.94,44.0,3.5
ORD100255,2023-10-05,Beauty,South,Home Office,Standard,55.21,3,0.05,157.35,40.91,29.0,4.7
ORD100256,2024-11-30,Clothing,Central,Home Office,Standard,116.84,7,0.1,736.09,125.14,32.0,3.6
ORD100257,2023-04-22,Beauty,North,Consumer,Standard,113.19,5,0.05,537.65,139.79,64.0,3.5
ORD100258,2023-07-08,Books,West,Consumer,Express,33.36,1,0.05,31.69,3.49,69.0,4.7
ORD100259,2024-10-11,Electronics,North,Consumer,Standard,1065.14,6,0.1,5751.76,230.07,45.0,2.1
ORD100260,2024-02-24,Books,Central,Consumer,Standard,22.89,1,0.0,22.89,3.43,68.0,4.7
ORD100261,2024-07-04,Electronics,West,Consumer,Standard,487.79,7,0.05,3243.8,259.5,,3.9
ORD100262,2023-09-11,Home & Kitchen,Central,Consumer,Standard,246.6,4,0.1,887.76,88.78,38.0,4.7
ORD100263,2023-03-22,Sports,West,Corporate,Express,143.9,1,0.0,143.9,28.78,56.0,4.9
ORD100264,2024-02-22,Beauty,North,Consumer,Standard,117.53,3,0.0,352.59,105.78,66.0,4.6
ORD100265,2024-04-18,Electronics,West,Corporate,Standard,78.97,4,0.0,315.88,37.91,31.0,4.2
ORD100266,2024-12-01,Electronics,East,Consumer,Express,664.43,3,0.1,1793.96,71.76,22.0,3.9
ORD100267,2024-04-27,Sports,South,Home Office,Express,206.37,4,0.0,825.48,165.1,39.0,4.3
ORD100268,2024-06-02,Clothing,Central,Home Office,Same Day,97.92,4,0.1,352.51,59.93,50.0,3.3
ORD100269,2024-02-05,Sports,South,Home Office,Express,81.67,1,0.0,81.67,16.33,65.0,3.2
ORD100270,2024-03-25,Electronics,South,Home Office,Express,893.51,7,0.0,6254.57,750.55,36.0,4.4
ORD100271,2024-01-27,Electronics,East,Consumer,Same Day,180.3,6,0.1,973.62,38.94,35.0,4.0
ORD100272,2024-12-31,Home & Kitchen,North,Corporate,Standard,299.96,2,0.05,569.92,79.79,27.0,4.3
ORD100273,2024-05-09,Sports,South,Consumer,Standard,190.86,7,0.1,1202.42,144.29,51.0,3.2
ORD100274,2023-10-10,Books,West,Corporate,Standard,19.91,4,0.0,79.64,11.95,21.0,3.9
ORD100275,2024-09-01,Clothing,North,Corporate,Standard,141.08,1,0.05,134.03,28.15,18.0,4.3
ORD100276,2023-02-15,Electronics,West,Home Office,Standard,59.57,6,0.0,357.42,42.89,69.0,4.0
ORD100277,2024-08-27,Home & Kitchen,South,Home Office,Standard,225.55,1,0.0,225.55,40.6,37.0,4.8
ORD100278,2023-05-31,Electronics,Central,Consumer,Standard,68.19,3,0.0,204.57,24.55,57.0,3.0
ORD100279,2024-06-11,Electronics,Central,Home Office,Express,996.43,3,0.0,2989.29,358.71,63.0,3.8
ORD100280,2024-08-25,Home & Kitchen,North,Consumer,Same Day,240.01,1,0.0,240.01,43.2,45.0,3.8
ORD100281,2023-05-03,Books,South,Consumer,Express,56.5,4,0.05,214.7,23.62,39.0,5.0
ORD100282,2023-07-24,Clothing,East,Consumer,Standard,139.8,7,0.0,978.6,244.65,20.0,3.1
ORD100283,2024-10-06,Beauty,Central,Corporate,Express,100.05,3,0.0,300.15,90.04,,4.8
ORD100284,2023-10-10,Home & Kitchen,East,Consumer,Standard,333.99,1,0.15,283.89,17.03,63.0,4.0
ORD100285,2023-12-28,Clothing,South,Consumer,Same Day,20.87,5,0.1,93.92,15.97,39.0,4.4
ORD100286,2023-03-28,Beauty,Central,Corporate,Standard,75.21,5,0.05,357.25,92.88,40.0,3.3
ORD100287,2024-02-05,Books,Central,Consumer,Express,21.32,6,0.0,127.92,19.19,34.0,4.7
ORD100288,2024-05-13,Electronics,South,Consumer,Standard,647.11,4,0.0,2588.44,310.61,56.0,3.0
ORD100289,2024-02-16,Home & Kitchen,Central,Consumer,Express,350.52,3,0.1,946.4,94.64,64.0,3.6
ORD100290,2023-12-20,Clothing,Central,Corporate,Standard,26.16,1,0.1,23.54,4.0,46.0,4.1
ORD100291,2023-11-01,Books,West,Home Office,Express,38.62,3,0.05,110.07,12.11,20.0,4.4
ORD100292,2024-02-20,Books,Central,Corporate,Express,46.4,5,0.15,197.2,5.92,33.0,3.8
ORD100293,2024-02-17,Electronics,Central,Home Office,Standard,137.05,6,0.1,740.07,29.6,35.0,3.6
ORD100294,2024-10-09,Beauty,South,Consumer,Same Day,12.65,1,0.3,8.86,0.53,35.0,3.9
ORD100295,2024-09-26,Electronics,South,Consumer,Express,749.67,7,0.05,4985.31,398.82,69.0,5.0
ORD100296,2023-04-06,Electronics,North,Corporate,Standard,56.11,4,0.0,224.44,26.93,32.0,2.8
ORD100297,2024-01-03,Beauty,West,Consumer,Standard,82.18,4,0.1,295.85,65.09,24.0,5.0
ORD100298,2024-03-17,Sports,West,Corporate,Express,267.85,5,0.05,1272.29,203.57,59.0,5.0
ORD100299,2024-09-07,Clothing,South,Consumer,Standard,137.1,4,0.1,493.56,83.91,33.0,3.6
ORD100300,2024-01-31,Clothing,South,Home Office,Standard,86.91,1,0.0,86.91,21.73,55.0,4.2
ORD100301,2024-01-13,Clothing,East,Corporate,Standard,118.75,7,0.15,706.56,91.85,40.0,2.9
ORD100302,2023-12-06,Clothing,South,Consumer,Standard,14.71,5,0.25,55.16,2.76,32.0,4.2
ORD100303,2023-02-25,Electronics,East,Corporate,Standard,816.79,2,0.15,1388.54,0.0,28.0,3.9
ORD100304,2024-07-03,Electronics,Central,Consumer,Express,977.66,2,0.0,1955.32,234.64,44.0,4.0
ORD100305,2024-04-03,Clothing,West,Corporate,Standard,101.61,3,0.0,304.83,76.21,48.0,3.7
ORD100306,2023-12-22,Electronics,West,Corporate,Standard,768.31,5,0.1,3457.4,138.3,36.0,5.0
ORD100307,2023-10-03,Home & Kitchen,Central,Consumer,Standard,253.13,7,0.0,1771.91,318.94,68.0,3.7
ORD100308,2023-04-23,Home & Kitchen,Central,Consumer,Same Day,335.64,3,0.1,906.23,90.62,35.0,4.3
ORD100309,2024-07-24,Books,East,Consumer,Standard,39.98,4,0.05,151.92,16.71,57.0,4.6
ORD100310,2024-12-21,Beauty,North,Consumer,Express,75.12,3,0.1,202.82,44.62,57.0,4.1
ORD100311,2023-04-04,Sports,East,Home Office,Express,32.78,3,0.1,88.51,10.62,57.0,4.5
ORD100312,2023-01-29,Clothing,North,Corporate,Express,133.61,6,0.1,721.49,122.65,33.0,4.0
ORD100313,2023-03-29,Sports,North,Consumer,Standard,210.45,7,0.3,1031.2,-41.25,25.0,4.3
ORD100314,2024-01-01,Clothing,North,Home Office,Express,129.36,6,0.0,776.16,194.04,63.0,4.0
ORD100315,2024-07-17,Clothing,East,Home Office,Standard,26.02,4,0.0,104.08,26.02,57.0,2.9
ORD100316,2023-04-03,Electronics,North,Consumer,Standard,825.09,4,0.0,3300.36,396.04,39.0,4.8
ORD100317,2023-07-11,Home & Kitchen,East,Consumer,Express,120.35,6,0.2,577.68,11.55,18.0,5.0
ORD100318,2024-03-14,Electronics,South,Consumer,Express,710.43,3,0.3,1491.9,-179.03,34.0,4.4
ORD100319,2023-02-01,Sports,South,Consumer,Standard,225.08,7,0.1,1418.0,170.16,55.0,2.6
ORD100320,2023-08-15,Beauty,North,Corporate,Standard,64.09,5,0.2,256.36,35.89,66.0,5.0
ORD100321,2024-08-29,Clothing,Central,Home Office,Express,49.12,7,0.1,309.46,52.61,45.0,5.0
ORD100322,2024-10-04,Electronics,West,Consumer,Same Day,1165.42,6,0.0,6992.52,839.1,31.0,5.0
ORD100323,2024-12-02,Sports,North,Consumer,Standard,161.37,7,0.05,1073.11,171.7,30.0,3.4
ORD100324,2023-10-03,Clothing,South,Consumer,Standard,37.93,2,0.0,75.86,18.96,44.0,3.4
ORD100325,2024-11-29,Home & Kitchen,North,Corporate,Express,251.87,6,0.1,1360.1,136.01,34.0,3.6
ORD100326,2024-05-12,Clothing,West,Consumer,Standard,38.62,7,0.1,243.31,41.36,36.0,4.1
ORD100327,2024-04-15,Home & Kitchen,South,Home Office,Same Day,398.61,4,0.0,1594.44,287.0,51.0,4.8
ORD100328,2023-05-20,Books,North,Corporate,Standard,14.54,1,0.1,13.09,0.92,59.0,3.7
ORD100329,2024-02-20,Home & Kitchen,Central,Home Office,Same Day,155.87,6,0.0,935.22,168.34,68.0,4.4
ORD100330,2023-08-15,Clothing,South,Consumer,Standard,15.81,7,0.0,110.67,27.67,34.0,3.6
ORD100331,2023-10-20,Sports,West,Consumer,Standard,289.37,4,0.1,1041.73,125.01,34.0,3.4
ORD100332,2024-05-08,Beauty,South,Consumer,Standard,102.7,2,0.0,205.4,61.62,57.0,3.0
ORD100333,2024-01-02,Electronics,East,Consumer,Same Day,563.72,2,0.0,1127.44,135.29,41.0,3.9
ORD100334,2023-10-09,Books,South,Consumer,Standard,11.31,3,0.0,33.93,5.09,32.0,3.8
ORD100335,2023-12-17,Clothing,West,Consumer,Standard,24.99,6,0.05,142.44,29.91,47.0,4.6
ORD100336,2024-03-08,Beauty,North,Consumer,Standard,83.45,2,0.0,166.9,50.07,69.0,5.0
ORD100337,2023-03-11,Sports,South,Corporate,Express,280.15,4,0.2,896.48,35.86,57.0,5.0
ORD100338,2023-08-30,Home & Kitchen,Central,Consumer,Standard,315.3,2,0.1,567.54,56.75,54.0,4.2
ORD100339,2024-11-30,Home & Kitchen,Central,Consumer,Express,318.95,7,0.15000000000000002,1897.75,113.86,45.0,3.6
ORD100340,2024-11-28,Clothing,South,Consumer,Standard,106.88,7,0.05,710.75,149.26,54.0,4.5
ORD100341,2024-02-09,Books,North,Home Office,Express,13.71,1,0.0,13.71,2.06,43.0,2.9
ORD100342,2024-05-10,Home & Kitchen,Central,Consumer,Standard,326.24,6,0.15,1663.82,99.83,30.0,4.4
ORD100343,2024-07-23,Books,East,Consumer,Standard,27.43,6,0.1,148.12,10.37,67.0,4.0
ORD100344,2024-06-09,Beauty,South,Consumer,Standard,93.96,7,0.1,591.95,130.23,34.0,4.7
ORD100345,2023-02-13,Beauty,East,Consumer,Standard,17.18,4,0.05,65.28,16.97,31.0,3.2
ORD100346,2023-07-06,Electronics,Central,Consumer,Standard,646.02,2,0.1,1162.84,46.51,25.0,4.4
ORD100347,2024-01-06,Clothing,South,Consumer,Standard,54.08,2,0.1,97.34,16.55,46.0,3.9
ORD100348,2024-01-17,Electronics,West,Consumer,Express,546.0,4,0.15,1856.4,0.0,23.0,4.1
ORD100349,2023-07-21,Home & Kitchen,South,Consumer,Standard,17.46,1,0.1,15.71,1.57,21.0,5.0
ORD100350,2024-02-20,Books,West,Home Office,Standard,48.08,3,0.05,137.03,15.07,,5.0
ORD100351,2023-04-23,Clothing,North,Consumer,Express,68.78,4,0.05,261.36,54.89,47.0,5.0
ORD100352,2023-09-05,Clothing,West,Home Office,Standard,65.03,7,0.15,386.93,50.3,42.0,3.2
ORD100353,2024-06-06,Beauty,Central,Consumer,Standard,37.19,2,0.2,59.5,8.33,59.0,4.4
ORD100354,2023-08-29,Electronics,Central,Corporate,Same Day,948.86,3,0.0,2846.58,341.59,65.0,
ORD100355,2024-04-18,Clothing,West,Consumer,Same Day,62.46,6,0.0,374.76,93.69,29.0,2.5
ORD100356,2023-03-04,Electronics,South,Corporate,Same Day,159.67,4,0.0,638.68,76.64,64.0,1.8
ORD100357,2023-08-16,Books,East,Consumer,Standard,21.3,7,0.0,149.1,22.36,37.0,3.8
ORD100358,2023-08-12,Books,North,Consumer,Standard,43.34,5,0.0,216.7,32.5,46.0,3.1
ORD100359,2024-07-03,Electronics,West,Corporate,Express,998.0,2,0.0,1996.0,239.52,40.0,3.2
ORD100360,2023-10-27,Electronics,Central,Consumer,Same Day,1173.87,6,0.05,6691.06,535.28,52.0,3.8
ORD100361,2023-07-06,Clothing,South,Consumer,Standard,129.08,6,0.0,774.48,193.62,48.0,4.7
ORD100362,2023-12-07,Beauty,North,Corporate,Standard,107.34,4,0.05,407.89,106.05,64.0,3.5
ORD100363,2023-04-18,Electronics,South,Consumer,Same Day,205.34,3,0.1,554.42,22.18,66.0,4.8
ORD100364,2023-11-12,Electronics,South,Consumer,Standard,583.68,2,0.05,1108.99,88.72,30.0,3.1
ORD100365,2023-08-25,Home & Kitchen,Central,Consumer,Express,146.41,2,0.1,263.54,26.35,29.0,4.7
ORD100366,2023-07-20,Home & Kitchen,West,Home Office,Standard,314.32,3,0.05,895.81,125.41,41.0,5.0
ORD100367,2024-06-10,Sports,East,Corporate,Standard,30.12,6,0.15,153.61,12.29,41.0,4.5
ORD100368,2023-11-28,Electronics,Central,Home Office,Express,952.49,5,0.25,3571.84,-285.75,42.0,4.4
ORD100369,2024-10-24,Electronics,South,Consumer,Express,778.77,6,0.05,4438.99,355.12,31.0,5.0
ORD100370,2024-08-21,Home & Kitchen,South,Consumer,Standard,335.13,7,0.05,2228.61,312.01,22.0,5.0
ORD100371,2023-02-12,Electronics,West,Consumer,Standard,64.83,7,0.15,385.74,0.0,30.0,3.6
ORD100372,2023-07-20,Home & Kitchen,West,Consumer,Express,395.7,3,0.0,1187.1,213.68,18.0,4.1
ORD100373,2024-12-30,Electronics,Central,Consumer,Standard,597.93,1,0.1,538.14,21.53,46.0,4.3
ORD100374,2023-04-22,Electronics,East,Consumer,Standard,847.44,5,0.0,4237.2,508.46,56.0,5.0
ORD100375,2024-10-14,Books,West,Consumer,Standard,48.81,3,0.0,146.43,21.96,69.0,4.1
ORD100376,2024-09-18,Home & Kitchen,East,Consumer,Standard,36.96,7,0.3,181.1,-10.87,32.0,4.6
ORD100377,2024-09-01,Home & Kitchen,West,Consumer,Standard,251.25,1,0.3,175.88,-10.55,25.0,3.1
ORD100378,2024-01-11,Electronics,Central,Home Office,Express,936.01,4,0.05,3556.84,284.55,,3.8
ORD100379,2023-04-28,Clothing,Central,Corporate,Same Day,104.65,2,0.05,198.84,41.76,58.0,4.0
ORD100380,2024-06-23,Home & Kitchen,South,Corporate,Standard,44.54,6,0.0,267.24,48.1,47.0,
ORD100381,2024-05-21,Books,South,Corporate,Standard,49.75,2,0.1,89.55,6.27,34.0,4.1
ORD100382,2024-10-11,Clothing,East,Consumer,Express,51.63,4,0.05,196.19,41.2,51.0,5.0
ORD100383,2023-03-12,Home & Kitchen,Central,Corporate,Standard,324.16,2,0.05,615.9,86.23,60.0,4.8
ORD100384,2024-10-19,Electronics,Central,Corporate,Express,477.28,5,0.0,2386.4,286.37,65.0,4.3
ORD100385,2023-10-05,Home & Kitchen,East,Corporate,Express,121.67,7,0.1,766.52,76.65,43.0,1.4
ORD100386,2024-08-04,Home & Kitchen,West,Consumer,Standard,398.32,6,0.1,2150.93,215.09,50.0,4.5
ORD100387,2023-09-03,Electronics,West,Consumer,Standard,555.83,4,0.0,2223.32,266.8,61.0,5.0
ORD100388,2024-11-13,Home & Kitchen,West,Home Office,Express,90.8,3,0.2,217.92,4.36,35.0,3.5
ORD100389,2024-01-18,Books,West,Corporate,Standard,57.69,6,0.0,346.14,51.92,49.0,4.1
ORD100390,2023-09-22,Electronics,West,Corporate,Express,375.87,3,0.0,1127.61,135.31,56.0,4.4
ORD100391,2023-02-04,Electronics,South,Consumer,Standard,490.2,7,0.0,3431.4,411.77,64.0,3.6
ORD100392,2024-07-10,Home & Kitchen,East,Home Office,Standard,114.37,5,0.0,571.85,102.93,32.0,2.0
ORD100393,2023-07-27,Beauty,South,Consumer,Standard,19.6,2,0.15,33.32,6.0,31.0,5.0
ORD100394,2023-06-20,Books,West,Consumer,Same Day,10.01,4,0.0,40.04,6.01,45.0,3.9
ORD100395,2024-04-12,Home & Kitchen,North,Home Office,Standard,387.6,6,0.1,2093.04,209.3,65.0,2.0
ORD100396,2024-12-09,Electronics,North,Corporate,Express,678.97,2,0.05,1290.04,103.2,29.0,3.4
ORD100397,2023-02-04,Clothing,West,Home Office,Express,78.58,1,0.05,74.65,15.68,39.0,3.1
ORD100398,2023-03-17,Books,South,Corporate,Express,49.23,5,0.0,246.15,36.92,54.0,3.9
ORD100399,2024-09-29,Home & Kitchen,Central,Consumer,Express,167.46,6,0.0,1004.76,180.86,39.0,3.2
ORD100400,2024-05-03,Electronics,South,Corporate,Standard,531.15,6,0.2,2549.52,-101.98,35.0,4.0
ORD100401,2024-04-10,Electronics,West,Consumer,Standard,99.81,3,0.0,299.43,35.93,26.0,3.1
ORD100402,2024-06-16,Books,East,Consumer,Standard,19.37,5,0.0,96.85,14.53,45.0,2.6
ORD100403,2023-03-16,Home & Kitchen,Central,Consumer,Standard,50.2,2,0.1,90.36,9.04,69.0,4.1
ORD100404,2024-12-02,Books,South,Consumer,Standard,37.35,2,0.15000000000000002,63.5,1.9,40.0,4.4
ORD100405,2024-04-25,Clothing,North,Consumer,Standard,87.72,6,0.1,473.69,80.53,23.0,4.3
ORD100406,2024-07-04,Books,West,Corporate,Standard,5.8,5,0.15,24.65,0.74,32.0,3.8
ORD100407,2023-07-28,Electronics,North,Home Office,Standard,699.28,2,0.2,1118.85,-44.75,46.0,4.7
ORD100408,2023-11-26,Electronics,North,Corporate,Standard,115.68,6,0.05,659.38,52.75,52.0,2.6
ORD100409,2023-03-14,Beauty,South,Consumer,Standard,117.3,7,0.0,821.1,246.33,46.0,3.3
ORD100410,2023-03-30,Electronics,South,Consumer,Standard,1159.99,2,0.1,2087.98,83.52,59.0,3.3
ORD100411,2023-07-11,Books,South,Consumer,Standard,55.68,1,0.05,52.9,5.82,42.0,3.8
ORD100412,2023-09-27,Electronics,Central,Consumer,Standard,121.8,7,0.0,852.6,102.31,68.0,4.9
ORD100413,2024-12-03,Sports,Central,Corporate,Standard,274.43,2,0.25,411.64,0.0,46.0,3.6
ORD100414,2024-11-16,Books,East,Consumer,Standard,49.13,6,0.05,280.04,30.8,68.0,5.0
ORD100415,2023-11-24,Beauty,South,Corporate,Express,118.45,5,0.15000000000000002,503.41,90.61,21.0,3.1
ORD100416,2023-08-25,Electronics,West,Consumer,Express,490.91,1,0.15,417.27,0.0,59.0,4.6
ORD100417,2024-01-18,Home & Kitchen,West,Home Office,Same Day,374.54,3,0.15,955.08,57.3,65.0,3.4
ORD100418,2023-01-24,Electronics,East,Consumer,Standard,131.55,3,0.1,355.19,14.21,53.0,4.9
ORD100419,2024-05-02,Clothing,North,Consumer,Standard,146.61,6,0.0,879.66,219.92,31.0,5.0
ORD100420,2024-05-16,Home & Kitchen,North,Consumer,Standard,39.31,3,0.0,117.93,21.23,34.0,4.2
ORD100421,2024-03-20,Beauty,North,Corporate,Express,53.18,1,0.0,53.18,15.95,19.0,5.0
ORD100422,2024-01-25,Clothing,Central,Consumer,Standard,62.7,5,0.0,313.5,78.38,22.0,4.2
ORD100423,2024-12-26,Books,North,Consumer,Standard,44.82,1,0.05,42.58,4.68,18.0,3.3
ORD100424,2023-03-23,Electronics,West,Corporate,Standard,911.79,4,0.3,2553.01,-306.36,33.0,3.4
ORD100425,2024-03-15,Beauty,South,Consumer,Express,63.52,7,0.15,377.94,68.03,68.0,4.8
ORD100426,2024-12-08,Sports,East,Home Office,Express,82.1,1,0.25,61.58,0.0,66.0,4.3
ORD100427,2024-03-06,Clothing,South,Corporate,Standard,125.85,6,0.3,528.57,5.29,66.0,3.6
ORD100428,2023-03-24,Clothing,North,Consumer,Standard,71.41,3,0.2,171.38,15.42,46.0,5.0
ORD100429,2024-02-06,Clothing,South,Consumer,Standard,119.64,6,0.1,646.06,109.83,36.0,
ORD100430,2023-04-24,Electronics,West,Consumer,Standard,1148.77,3,0.1,3101.68,124.07,33.0,5.0
ORD100431,2023-06-20,Electronics,West,Home Office,Express,629.26,2,0.05,1195.59,95.65,21.0,4.2
ORD100432,2024-08-30,Books,North,Consumer,Standard,48.8,1,0.1,43.92,3.07,64.0,3.9
ORD100433,2023-10-06,Sports,North,Consumer,Same Day,223.07,4,0.0,892.28,178.46,44.0,3.5
ORD100434,2024-07-20,Beauty,East,Corporate,Standard,59.99,3,0.1,161.97,35.63,40.0,5.0
ORD100435,2023-11-10,Home & Kitchen,West,Consumer,Standard,135.78,6,0.1,733.21,73.32,24.0,2.1
ORD100436,2023-05-06,Electronics,South,Home Office,Express,699.05,4,0.1,2516.58,100.66,58.0,4.7
ORD100437,2023-07-06,Beauty,North,Consumer,Express,44.44,7,0.05,295.53,76.84,43.0,4.9
ORD100438,2023-04-11,Clothing,North,Consumer,Standard,38.99,1,0.0,38.99,9.75,54.0,3.0
ORD100439,2023-12-03,Electronics,East,Corporate,Express,326.25,2,0.25,489.38,-39.15,41.0,3.6
ORD100440,2024-07-07,Electronics,Central,Consumer,Standard,923.8,7,0.0,6466.6,775.99,37.0,3.6
ORD100441,2023-06-04,Home & Kitchen,South,Corporate,Same Day,178.15,2,0.0,356.3,64.13,66.0,4.2
ORD100442,2024-03-25,Sports,East,Consumer,Standard,100.54,3,0.05,286.54,45.85,43.0,5.0
ORD100443,2023-07-08,Books,South,Consumer,Standard,26.31,5,0.05,124.97,13.75,23.0,4.7
ORD100444,2023-08-21,Electronics,North,Corporate,Standard,80.9,4,0.0,323.6,38.83,69.0,5.0
ORD100445,2024-07-14,Sports,East,Corporate,Standard,139.55,2,0.05,265.14,42.42,,
ORD100446,2024-04-01,Clothing,South,Consumer,Standard,113.34,4,0.1,408.02,69.36,20.0,4.7
ORD100447,2023-12-05,Clothing,East,Consumer,Express,26.71,4,0.2,85.47,7.69,47.0,4.5
ORD100448,2024-04-24,Beauty,South,Home Office,Standard,94.33,3,0.1,254.69,56.03,32.0,4.5
ORD100449,2023-09-28,Electronics,South,Consumer,Express,1012.01,6,0.15,5161.25,0.0,41.0,3.4
ORD100450,2024-05-17,Books,Central,Consumer,Standard,7.91,2,0.0,15.82,2.37,20.0,5.0
ORD100451,2024-02-01,Books,West,Home Office,Standard,11.83,4,0.15,40.22,1.21,51.0,5.0
ORD100452,2023-09-24,Home & Kitchen,East,Consumer,Standard,143.76,5,0.1,646.92,64.69,38.0,5.0
ORD100453,2024-10-22,Electronics,North,Home Office,Standard,381.06,2,0.1,685.91,27.44,61.0,3.5
ORD100454,2024-03-21,Electronics,East,Corporate,Standard,148.21,5,0.05,704.0,56.32,38.0,2.9
ORD100455,2023-12-18,Beauty,North,Consumer,Express,48.47,2,0.15000000000000002,82.4,14.83,28.0,2.0
ORD100456,2023-08-20,Beauty,North,Consumer,Standard,102.06,2,0.0,204.12,61.24,54.0,5.0
ORD100457,2024-09-13,Clothing,East,Home Office,Standard,66.59,1,0.3,46.61,0.47,43.0,3.0
ORD100458,2024-08-23,Clothing,East,Consumer,Standard,116.09,6,0.0,696.54,174.14,29.0,4.1
ORD100459,2023-01-05,Electronics,North,Consumer,Standard,642.6,2,0.05,1220.94,97.68,29.0,3.5
ORD100460,2024-08-16,Clothing,East,Consumer,Express,140.56,4,0.0,562.24,140.56,57.0,3.7
ORD100461,2024-04-03,Sports,East,Consumer,Standard,68.52,7,0.1,431.68,51.8,45.0,4.4
ORD100462,2024-12-10,Home & Kitchen,South,Corporate,Standard,140.58,5,0.05,667.76,93.49,44.0,4.4
ORD100463,2023-10-27,Clothing,West,Home Office,Standard,85.37,6,0.1,461.0,78.37,45.0,4.4
ORD100464,2023-08-14,Beauty,Central,Corporate,Standard,112.89,4,0.1,406.4,89.41,24.0,4.6
ORD100465,2023-08-09,Clothing,South,Consumer,Same Day,99.99,4,0.3,279.97,2.8,29.0,3.6
ORD100466,2024-06-04,Beauty,North,Home Office,Standard,42.52,1,0.1,38.27,8.42,46.0,5.0
ORD100467,2024-08-10,Electronics,South,Consumer,Express,185.97,3,0.0,557.91,66.95,52.0,3.8
ORD100468,2023-03-31,Home & Kitchen,West,Consumer,Express,173.13,7,0.0,1211.91,218.14,66.0,3.9
ORD100469,2023-06-17,Clothing,East,Home Office,Standard,60.36,1,0.15,51.31,6.67,32.0,4.2
ORD100470,2024-04-22,Clothing,Central,Corporate,Standard,130.81,7,0.05,869.89,182.68,29.0,4.9
ORD100471,2023-09-03,Home & Kitchen,North,Home Office,Standard,126.99,2,0.15,215.88,12.95,36.0,3.9
ORD100472,2023-03-03,Home & Kitchen,West,Home Office,Standard,18.67,5,0.0,93.35,16.8,51.0,4.1
ORD100473,2023-08-19,Sports,East,Corporate,Same Day,24.55,1,0.1,22.1,2.65,56.0,3.9
ORD100474,2023-02-18,Electronics,West,Consumer,Standard,746.78,6,0.05,4256.65,340.53,36.0,4.0
ORD100475,2024-01-13,Clothing,East,Home Office,Express,78.24,4,0.2,250.37,22.53,63.0,4.8
ORD100476,2024-11-24,Sports,South,Consumer,Standard,286.12,3,0.1,772.52,92.7,18.0,3.8
ORD100477,2023-06-02,Clothing,East,Consumer,Standard,22.18,5,0.05,105.36,22.13,65.0,5.0
ORD100478,2024-05-11,Sports,North,Corporate,Same Day,36.48,7,0.1,229.82,27.58,37.0,4.1
ORD100479,2023-01-19,Books,Central,Consumer,Standard,34.33,4,0.0,137.32,20.6,21.0,3.8
ORD100480,2023-07-23,Beauty,North,Consumer,Standard,38.97,2,0.3,54.56,3.27,29.0,
ORD100481,2024-10-02,Clothing,South,Corporate,Standard,121.16,6,0.15,617.92,80.33,62.0,4.4
ORD100482,2024-03-08,Beauty,South,Consumer,Standard,25.94,6,0.05,147.86,38.44,63.0,4.9
ORD100483,2023-03-23,Beauty,East,Corporate,Standard,15.63,6,0.0,93.78,28.13,26.0,5.0
ORD100484,2023-09-12,Home & Kitchen,East,Consumer,Express,337.42,1,0.2,269.94,5.4,19.0,3.2
ORD100485,2024-11-08,Electronics,West,Consumer,Express,105.1,2,0.05,199.69,15.98,,4.8
ORD100486,2024-10-19,Beauty,East,Corporate,Express,51.59,1,0.1,46.43,10.21,56.0,4.2
ORD100487,2024-02-22,Beauty,North,Home Office,Standard,30.02,6,0.1,162.11,35.66,68.0,3.6
ORD100488,2024-11-18,Electronics,South,Home Office,Standard,872.67,4,0.05,3316.15,265.29,22.0,4.1
ORD100489,2024-04-30,Sports,Central,Corporate,Standard,29.73,6,0.05,169.46,27.11,61.0,3.9
ORD100490,2023-05-21,Clothing,West,Consumer,Standard,108.22,1,0.15,91.99,11.96,19.0,4.9
ORD100491,2024-03-14,Beauty,West,Home Office,Same Day,102.96,5,0.0,514.8,154.44,62.0,4.7
ORD100492,2023-12-19,Clothing,South,Corporate,Standard,46.5,2,0.15000000000000002,79.05,10.28,24.0,5.0
ORD100493,2024-06-26,Electronics,East,Consumer,Standard,629.75,1,0.0,629.75,75.57,33.0,4.4
ORD100494,2024-10-18,Home & Kitchen,North,Consumer,Express,131.19,6,0.1,708.43,70.84,32.0,4.3
ORD100495,2024-09-17,Home & Kitchen,North,Corporate,Standard,182.48,7,0.0,1277.36,229.92,32.0,5.0
ORD100496,2023-03-23,Electronics,North,Corporate,Standard,652.83,5,0.05,3100.94,248.08,22.0,4.2
ORD100497,2023-11-10,Home & Kitchen,North,Consumer,Express,66.41,5,0.25,249.04,-4.98,51.0,4.2
ORD100498,2024-07-13,Electronics,West,Consumer,Express,442.11,4,0.05,1680.02,134.4,46.0,4.7
ORD100499,2023-02-15,Electronics,North,Corporate,Express,641.36,3,0.1,1731.67,69.27,56.0,4.5
ORD100500,2024-08-18,Electronics,South,Corporate,Express,578.25,5,0.15,2457.56,0.0,51.0,4.3
ORD100501,2024-05-16,Sports,South,Home Office,Same Day,201.93,2,0.1,363.47,43.62,62.0,4.6
ORD100502,2023-01-26,Clothing,North,Corporate,Standard,93.68,4,0.1,337.25,57.33,30.0,3.5
ORD100503,2024-11-08,Home & Kitchen,East,Consumer,Same Day,150.49,1,0.15000000000000002,127.92,7.68,55.0,4.0
ORD100504,2024-03-23,Books,East,Corporate,Express,33.99,1,0.0,33.99,5.1,43.0,4.6
ORD100505,2024-07-02,Electronics,East,Home Office,Standard,106.36,6,0.0,638.16,76.58,50.0,4.4
ORD100506,2024-08-25,Clothing,North,Corporate,Express,91.31,7,0.1,575.25,97.79,59.0,3.4
ORD100507,2024-06-20,Beauty,East,Consumer,Standard,44.48,5,0.15,189.04,34.03,23.0,3.8
ORD100508,2023-03-23,Beauty,North,Corporate,Express,37.91,1,0.0,37.91,11.37,18.0,4.6
ORD100509,2024-05-06,Electronics,East,Consumer,Same Day,1172.5,4,0.2,3752.0,-150.08,33.0,4.7
ORD100510,2023-07-26,Electronics,West,Corporate,Express,405.88,3,0.2,974.11,-38.96,30.0,3.3
ORD100511,2023-08-03,Beauty,South,Consumer,Express,27.62,7,0.0,193.34,58.0,24.0,3.3
ORD100512,2024-09-20,Sports,West,Consumer,Standard,98.08,6,0.0,588.48,117.7,42.0,3.3
ORD100513,2024-12-28,Books,North,Consumer,Standard,55.81,5,0.05,265.1,29.16,33.0,4.1
ORD100514,2023-01-21,Electronics,North,Consumer,Standard,248.03,1,0.2,198.42,-7.94,48.0,2.6
ORD100515,2023-06-25,Books,Central,Home Office,Express,18.4,4,0.0,73.6,11.04,58.0,3.4
ORD100516,2024-10-17,Clothing,East,Consumer,Standard,90.28,2,0.2,144.45,13.0,27.0,3.7
ORD100517,2024-07-27,Sports,East,Corporate,Standard,218.62,5,0.1,983.79,118.05,21.0,5.0
ORD100518,2023-06-21,Sports,Central,Home Office,Express,60.45,6,0.0,362.7,72.54,35.0,5.0
ORD100519,2024-06-03,Home & Kitchen,West,Consumer,Same Day,386.28,1,0.0,386.28,69.53,47.0,3.4
ORD100520,2024-04-18,Clothing,North,Consumer,Same Day,98.16,1,0.1,88.34,15.02,56.0,3.6
ORD100521,2023-06-21,Electronics,East,Home Office,Standard,1019.39,2,0.0,2038.78,244.65,27.0,4.8
ORD100522,2023-06-11,Books,North,Consumer,Standard,59.79,2,0.1,107.62,7.53,41.0,4.4
ORD100523,2024-04-28,Home & Kitchen,East,Consumer,Standard,51.02,6,0.1,275.51,27.55,47.0,5.0
ORD100524,2024-06-25,Home & Kitchen,North,Home Office,Express,347.56,5,0.0,1737.8,312.8,25.0,4.2
ORD100525,2023-03-24,Home & Kitchen,North,Consumer,Express,185.44,3,0.0,556.32,100.14,33.0,4.5
ORD100526,2024-06-07,Clothing,South,Consumer,Standard,93.67,7,0.15,557.34,72.45,50.0,4.2
ORD100527,2023-05-24,Books,East,Consumer,Standard,21.0,6,0.15,107.1,3.21,,3.9
ORD100528,2024-02-29,Home & Kitchen,North,Consumer,Standard,367.21,6,0.05,2093.1,293.03,43.0,4.7
ORD100529,2024-03-30,Electronics,Central,Consumer,Standard,397.76,1,0.0,397.76,47.73,19.0,5.0
ORD100530,2023-07-05,Clothing,East,Consumer,Same Day,103.3,1,0.1,92.97,15.8,35.0,4.5
ORD100531,2024-08-28,Home & Kitchen,Central,Consumer,Standard,53.68,1,0.0,53.68,9.66,62.0,3.3
ORD100532,2024-02-10,Books,West,Consumer,Standard,20.47,4,0.0,81.88,12.28,,
ORD100533,2023-06-15,Beauty,South,Home Office,Express,90.33,1,0.0,90.33,27.1,43.0,3.1
ORD100534,2023-05-29,Beauty,South,Home Office,Standard,93.76,4,0.0,375.04,112.51,34.0,4.5
ORD100535,2024-12-26,Sports,North,Home Office,Standard,174.56,2,0.1,314.21,37.71,50.0,4.5
ORD100536,2023-04-25,Sports,North,Consumer,Standard,174.39,3,0.0,523.17,104.63,54.0,4.1
ORD100537,2023-09-12,Beauty,West,Consumer,Express,29.17,1,0.0,29.17,8.75,50.0,3.9
ORD100538,2024-07-13,Electronics,Central,Consumer,Standard,770.86,5,0.0,3854.3,462.52,20.0,4.6
ORD100539,2023-07-31,Home & Kitchen,North,Consumer,Express,344.62,6,0.2,1654.18,33.08,41.0,4.4
ORD100540,2024-05-12,Electronics,East,Home Office,Same Day,851.27,1,0.1,766.14,30.65,39.0,4.7
ORD100541,2024-05-30,Home & Kitchen,North,Consumer,Standard,284.63,7,0.15,1693.55,101.61,32.0,4.6
ORD100542,2024-02-05,Home & Kitchen,South,Consumer,Standard,239.99,5,0.05,1139.95,159.59,30.0,3.7
ORD100543,2023-03-14,Clothing,East,Corporate,Standard,121.15,5,0.05,575.46,120.85,42.0,4.0
ORD100544,2024-06-06,Clothing,North,Consumer,Standard,14.92,3,0.05,42.52,8.93,57.0,4.9
ORD100545,2023-10-15,Electronics,South,Corporate,Standard,865.69,5,0.0,4328.45,519.41,37.0,3.1
ORD100546,2023-04-11,Electronics,West,Consumer,Express,277.93,6,0.0,1667.58,200.11,48.0,4.1
ORD100547,2024-05-10,Electronics,East,Corporate,Standard,89.85,6,0.0,539.1,64.69,43.0,3.0
ORD100548,2023-07-01,Books,North,Consumer,Standard,59.97,7,0.15,356.82,10.7,56.0,3.5
ORD100549,2024-09-04,Electronics,Central,Consumer,Standard,763.64,4,0.05,2901.83,232.15,67.0,3.7
ORD100550,2024-05-18,Sports,West,Consumer,Express,37.62,6,0.05,214.43,34.31,52.0,4.5
ORD100551,2023-03-19,Home & Kitchen,West,Consumer,Express,398.31,6,0.05,2270.37,317.85,69.0,3.3
ORD100552,2023-05-21,Sports,North,Consumer,Standard,174.29,5,0.0,871.45,174.29,50.0,3.4
ORD100553,2024-06-01,Home & Kitchen,East,Consumer,Standard,137.74,7,0.05,915.97,128.24,49.0,3.0
ORD100554,2024-03-03,Electronics,North,Consumer,Standard,345.35,5,0.0,1726.75,207.21,55.0,4.2
ORD100555,2023-11-17,Sports,North,Home Office,Express,10.37,5,0.25,38.89,0.0,39.0,4.4
ORD100556,2023-02-11,Clothing,South,Consumer,Standard,79.51,5,0.1,357.8,60.83,21.0,4.6
ORD100557,2023-04-13,Home & Kitchen,North,Corporate,Standard,171.47,7,0.05,1140.28,159.64,45.0,4.6
ORD100558,2024-04-30,Sports,West,Consumer,Standard,274.29,3,0.05,781.73,125.08,64.0,4.4
ORD100559,2024-04-15,Sports,Central,Consumer,Standard,224.75,3,0.1,606.83,72.82,65.0,
ORD100560,2024-08-12,Electronics,East,Consumer,Standard,70.79,7,0.05,470.75,37.66,36.0,4.9
ORD100561,2024-01-29,Home & Kitchen,East,Consumer,Standard,362.67,4,0.3,1015.48,-60.93,60.0,4.5
ORD100562,2024-01-14,Clothing,Central,Consumer,Standard,92.72,7,0.15,551.68,71.72,50.0,4.5
ORD100563,2023-06-04,Electronics,South,Consumer,Standard,167.87,1,0.0,167.87,20.14,26.0,3.7
ORD100564,2023-07-18,Books,Central,Corporate,Standard,41.96,6,0.1,226.58,15.86,,3.2
ORD100565,2024-02-25,Clothing,South,Consumer,Express,60.65,7,0.05,403.32,84.7,33.0,4.4
ORD100566,2023-04-23,Books,East,Corporate,Standard,39.0,1,0.05,37.05,4.08,37.0,4.0
ORD100567,2024-11-19,Electronics,West,Consumer,Standard,329.59,7,0.05,2191.77,175.34,18.0,4.6
ORD100568,2023-06-29,Books,West,Consumer,Standard,20.05,3,0.1,54.14,3.79,46.0,4.4
ORD100569,2023-03-31,Home & Kitchen,South,Home Office,Express,39.99,4,0.0,159.96,28.79,30.0,3.7
ORD100570,2024-10-16,Electronics,East,Home Office,Express,439.12,6,0.0,2634.72,316.17,30.0,4.6
ORD100571,2024-01-24,Electronics,West,Corporate,Express,892.81,3,0.3,1874.9,-224.99,56.0,4.2
ORD100572,2024-01-17,Books,West,Corporate,Standard,29.36,6,0.05,167.35,18.41,65.0,4.0
ORD100573,2023-09-11,Electronics,Central,Consumer,Express,428.43,6,0.05,2442.05,195.36,46.0,
ORD100574,2024-03-19,Beauty,South,Consumer,Standard,49.34,1,0.1,44.41,9.77,32.0,4.1
ORD100575,2023-08-18,Home & Kitchen,North,Corporate,Standard,317.0,6,0.1,1711.8,171.18,39.0,4.3
ORD100576,2024-09-24,Home & Kitchen,West,Corporate,Standard,59.18,3,0.2,142.03,2.84,63.0,4.7
ORD100577,2023-10-20,Home & Kitchen,Central,Consumer,Standard,227.4,2,0.0,454.8,81.86,66.0,3.1
ORD100578,2024-10-08,Electronics,West,Consumer,Express,1179.18,4,0.2,3773.38,-150.94,27.0,4.7
ORD100579,2023-11-11,Sports,West,Consumer,Standard,240.97,1,0.15000000000000002,204.82,16.39,51.0,4.5
ORD100580,2023-07-23,Electronics,East,Consumer,Express,61.55,6,0.0,369.3,44.32,65.0,3.1
ORD100581,2024-01-31,Electronics,West,Consumer,Standard,560.26,4,0.05,2128.99,170.32,42.0,2.6
ORD100582,2024-08-27,Electronics,North,Consumer,Standard,147.48,7,0.0,1032.36,123.88,45.0,4.4
ORD100583,2023-03-21,Beauty,North,Consumer,Express,77.51,7,0.1,488.31,107.43,32.0,4.8
ORD100584,2023-07-15,Electronics,West,Consumer,Standard,1198.34,4,0.1,4314.02,172.56,24.0,4.3
ORD100585,2024-07-26,Electronics,Central,Home Office,Standard,120.55,2,0.1,216.99,8.68,23.0,5.0
ORD100586,2024-08-26,Home & Kitchen,Central,Corporate,Express,107.66,2,0.05,204.55,28.64,50.0,2.6
ORD100587,2024-12-18,Clothing,East,Consumer,Standard,133.4,1,0.05,126.73,26.61,42.0,4.0
ORD100588,2024-11-06,Beauty,North,Corporate,Standard,90.96,7,0.05,604.88,157.27,31.0,4.3
ORD100589,2024-09-23,Clothing,South,Corporate,Express,141.87,7,0.2,794.47,71.5,27.0,4.1
ORD100590,2023-04-01,Books,South,Consumer,Standard,14.75,3,0.05,42.04,4.62,66.0,3.6
ORD100591,2024-04-21,Sports,South,Corporate,Same Day,71.56,1,0.05,67.98,10.88,27.0,3.8
ORD100592,2023-12-22,Sports,South,Home Office,Express,81.87,6,0.15000000000000002,417.54,33.4,67.0,3.7
ORD100593,2023-02-20,Clothing,East,Corporate,Express,117.4,6,0.0,704.4,176.1,29.0,3.1
ORD100594,2024-07-04,Clothing,West,Consumer,Same Day,142.7,1,0.2,114.16,10.27,58.0,3.2
ORD100595,2023-07-17,Sports,South,Consumer,Express,269.91,7,0.2,1511.5,60.46,67.0,4.7
ORD100596,2024-01-07,Clothing,South,Corporate,Standard,30.97,6,0.0,185.82,46.46,28.0,5.0
ORD100597,2024-07-26,Sports,West,Consumer,Express,54.07,6,0.0,324.42,64.88,41.0,3.7
ORD100598,2023-01-24,Beauty,East,Corporate,Standard,105.56,2,0.05,200.56,52.15,63.0,5.0
ORD100599,2023-02-11,Clothing,East,Consumer,Express,40.49,7,0.0,283.43,70.86,49.0,5.0
ORD100600,2024-01-06,Clothing,East,Consumer,Standard,13.48,7,0.05,89.64,18.82,26.0,4.4
ORD100601,2023-12-22,Electronics,South,Consumer,Standard,301.01,2,0.2,481.62,-19.26,26.0,4.4
ORD100602,2023-08-27,Electronics,South,Corporate,Standard,1001.72,5,0.0,5008.6,601.03,43.0,4.1
ORD100603,2023-08-27,Home & Kitchen,South,Home Office,Standard,76.98,4,0.1,277.13,27.71,,3.8
ORD100604,2024-12-06,Electronics,West,Corporate,Express,1031.49,2,0.35,1340.94,-214.55,38.0,3.6
ORD100605,2023-08-03,Electronics,North,Consumer,Express,708.16,7,0.05,4709.26,376.74,66.0,4.4
ORD100606,2023-10-14,Sports,East,Corporate,Standard,187.11,2,0.0,374.22,74.84,38.0,3.3
ORD100607,2023-04-14,Electronics,North,Consumer,Standard,209.03,1,0.05,198.58,15.89,18.0,4.4
ORD100608,2023-05-18,Beauty,Central,Home Office,Standard,52.18,2,0.0,104.36,31.31,18.0,3.2
ORD100609,2024-06-18,Clothing,North,Consumer,Standard,25.48,2,0.05,48.41,10.17,48.0,4.8
ORD100610,2024-06-03,Clothing,South,Corporate,Standard,11.8,4,0.15,40.12,5.22,19.0,4.4
ORD100611,2024-04-02,Sports,West,Corporate,Standard,27.38,2,0.0,54.76,10.95,18.0,4.7
ORD100612,2024-06-10,Home & Kitchen,Central,Home Office,Standard,156.16,3,0.1,421.63,42.16,60.0,3.0
ORD100613,2024-12-08,Electronics,Central,Home Office,Express,72.31,7,0.1,455.55,18.22,33.0,2.4
ORD100614,2023-05-08,Clothing,South,Home Office,Express,42.75,4,0.0,171.0,42.75,30.0,3.4
ORD100615,2024-11-11,Electronics,East,Consumer,Express,549.88,2,0.05,1044.77,83.58,57.0,
ORD100616,2024-12-05,Electronics,South,Consumer,Same Day,1121.49,6,0.05,6392.49,511.4,34.0,1.6
ORD100617,2023-10-01,Beauty,West,Consumer,Standard,18.27,2,0.0,36.54,10.96,47.0,4.7
ORD100618,2024-12-12,Electronics,East,Consumer,Standard,315.63,1,0.2,252.5,-10.1,26.0,4.4
ORD100619,2023-10-18,Books,South,Corporate,Express,34.22,6,0.05,195.05,21.46,61.0,4.1
ORD100620,2024-03-11,Home & Kitchen,East,Consumer,Standard,264.92,5,0.1,1192.14,119.21,43.0,4.0
ORD100621,2024-12-23,Clothing,North,Corporate,Standard,116.01,5,0.2,464.04,41.76,50.0,
ORD100622,2023-05-23,Home & Kitchen,West,Consumer,Standard,354.76,2,0.0,709.52,127.71,60.0,4.6
ORD100623,2023-03-04,Clothing,East,Consumer,Same Day,140.63,2,0.0,281.26,70.32,40.0,2.4
ORD100624,2024-04-07,Home & Kitchen,North,Corporate,Standard,174.14,6,0.0,1044.84,188.07,46.0,
ORD100625,2023-03-07,Home & Kitchen,West,Consumer,Standard,196.94,5,0.05,935.46,130.96,42.0,4.6
ORD100626,2024-09-19,Beauty,South,Corporate,Standard,108.07,7,0.1,680.84,149.78,20.0,3.7
ORD100627,2024-09-16,Clothing,West,Consumer,Standard,127.02,7,0.0,889.14,222.28,37.0,
ORD100628,2023-02-10,Clothing,North,Consumer,Express,43.79,4,0.0,175.16,43.79,69.0,3.4
ORD100629,2024-10-14,Home & Kitchen,East,Consumer,Same Day,162.64,4,0.0,650.56,117.1,58.0,5.0
ORD100630,2023-12-31,Clothing,West,Consumer,Standard,85.28,4,0.05,324.06,68.05,38.0,3.3
ORD100631,2023-03-30,Books,West,Corporate,Standard,29.62,5,0.05,140.7,15.48,52.0,4.4
ORD100632,2024-08-28,Electronics,West,Consumer,Express,1097.45,7,0.05,7298.04,583.84,61.0,3.5
ORD100633,2023-03-13,Home & Kitchen,North,Consumer,Standard,181.49,4,0.3,508.17,-30.49,59.0,5.0
ORD100634,2024-07-28,Books,East,Corporate,Standard,47.08,7,0.05,313.08,34.44,19.0,2.9
ORD100635,2024-08-07,Sports,West,Consumer,Standard,181.82,6,0.15,927.28,74.18,64.0,4.9
ORD100636,2023-04-14,Clothing,Central,Home Office,Standard,53.78,7,0.0,376.46,94.12,27.0,3.9
ORD100637,2024-12-25,Home & Kitchen,Central,Corporate,Standard,281.64,4,0.05,1070.23,149.83,62.0,4.0
ORD100638,2024-03-10,Clothing,East,Consumer,Standard,55.43,3,0.15,141.35,18.38,67.0,3.3
ORD100639,2023-08-22,Sports,North,Home Office,Express,234.53,3,0.0,703.59,140.72,48.0,4.5
ORD100640,2023-06-12,Home & Kitchen,Central,Consumer,Standard,132.89,3,0.0,398.67,71.76,48.0,4.4
ORD100641,2024-01-17,Home & Kitchen,South,Corporate,Express,173.21,4,0.05,658.2,92.15,68.0,5.0
ORD100642,2024-11-26,Electronics,West,Consumer,Same Day,990.53,3,0.1,2674.43,106.98,44.0,3.6
ORD100643,2023-09-30,Sports,North,Consumer,Standard,148.62,3,0.1,401.27,48.15,42.0,5.0
ORD100644,2023-04-09,Electronics,West,Corporate,Express,1069.61,4,0.0,4278.44,513.41,68.0,4.8
ORD100645,2023-12-25,Home & Kitchen,North,Home Office,Standard,112.31,7,0.2,628.94,12.58,69.0,3.4
ORD100646,2023-01-23,Clothing,East,Consumer,Express,89.2,1,0.0,89.2,22.3,24.0,3.8
ORD100647,2023-08-09,Beauty,North,Home Office,Standard,6.07,5,0.15,25.8,4.64,27.0,3.5
ORD100648,2023-03-01,Electronics,West,Consumer,Express,1163.33,6,0.2,5583.98,-223.36,24.0,4.8
ORD100649,2023-06-16,Beauty,North,Corporate,Express,110.15,2,0.2,176.24,24.67,28.0,4.5
ORD100650,2024-11-06,Sports,Central,Home Office,Express,104.48,1,0.15000000000000002,88.81,7.1,30.0,
ORD100651,2024-10-01,Clothing,South,Home Office,Express,13.28,2,0.2,21.25,1.91,47.0,4.2
ORD100652,2024-07-30,Home & Kitchen,East,Consumer,Standard,254.68,7,0.15,1515.35,90.92,66.0,4.2
ORD100653,2024-12-28,Electronics,North,Consumer,Standard,1175.01,1,0.15000000000000002,998.76,-0.0,60.0,4.6
ORD100654,2023-05-25,Clothing,South,Home Office,Standard,137.92,3,0.1,372.38,63.3,67.0,2.6
ORD100655,2023-08-18,Books,Central,Corporate,Standard,22.64,1,0.0,22.64,3.4,34.0,4.3
ORD100656,2024-08-28,Beauty,West,Corporate,Standard,16.25,7,0.0,113.75,34.12,58.0,5.0
ORD100657,2023-01-17,Home & Kitchen,South,Consumer,Standard,287.06,3,0.1,775.06,77.51,63.0,4.1
ORD100658,2023-12-02,Sports,North,Corporate,Standard,217.85,7,0.25,1143.71,0.0,45.0,5.0
ORD100659,2023-06-15,Electronics,Central,Consumer,Standard,848.18,2,0.1,1526.72,61.07,60.0,4.2
ORD100660,2023-12-03,Electronics,East,Consumer,Standard,152.61,5,0.1,686.75,27.47,39.0,5.0
ORD100661,2024-04-06,Sports,South,Consumer,Express,17.16,6,0.1,92.66,11.12,31.0,4.6
ORD100662,2023-05-03,Electronics,West,Consumer,Express,223.13,6,0.05,1271.84,101.75,22.0,3.2
ORD100663,2024-07-22,Home & Kitchen,South,Consumer,Standard,332.68,5,0.1,1497.06,149.71,60.0,5.0
ORD100664,2023-10-27,Electronics,East,Consumer,Standard,801.11,4,0.05,3044.22,243.54,21.0,4.4
ORD100665,2024-05-15,Clothing,West,Home Office,Standard,130.51,1,0.0,130.51,32.63,46.0,4.6
ORD100666,2024-12-31,Sports,West,Home Office,Express,58.78,5,0.05,279.2,44.67,38.0,5.0
ORD100667,2024-06-24,Sports,East,Consumer,Standard,84.56,1,0.15,71.88,5.75,66.0,3.7
ORD100668,2023-05-24,Home & Kitchen,Central,Home Office,Express,283.8,1,0.15,241.23,14.47,23.0,4.1
ORD100669,2024-07-17,Books,North,Home Office,Standard,23.86,2,0.1,42.95,3.01,36.0,3.8
ORD100670,2023-09-05,Sports,East,Corporate,Standard,125.21,5,0.0,626.05,125.21,35.0,4.2
ORD100671,2024-09-28,Books,East,Home Office,Standard,12.14,2,0.0,24.28,3.64,18.0,5.0
ORD100672,2024-04-18,Home & Kitchen,North,Consumer,Standard,385.22,2,0.1,693.4,69.34,48.0,4.7
ORD100673,2023-04-25,Books,East,Home Office,Same Day,48.42,2,0.1,87.16,6.1,41.0,3.6
ORD100674,2024-09-15,Electronics,North,Consumer,Standard,1016.51,5,0.15,4320.17,0.0,37.0,3.7
ORD100675,2023-10-02,Home & Kitchen,Central,Consumer,Standard,315.12,6,0.2,1512.58,30.25,37.0,4.8
ORD100676,2023-06-03,Home & Kitchen,Central,Consumer,Standard,275.12,3,0.05,784.09,109.77,39.0,2.9
ORD100677,2024-01-16,Sports,Central,Consumer,Express,20.93,3,0.3,43.95,-1.76,31.0,5.0
ORD100678,2023-11-16,Electronics,East,Corporate,Same Day,861.32,3,0.1,2325.56,93.02,26.0,4.0
ORD100679,2023-07-27,Books,East,Consumer,Standard,51.2,3,0.15,130.56,3.92,66.0,5.0
ORD100680,2024-03-20,Clothing,South,Corporate,Standard,34.65,2,0.1,62.37,10.6,50.0,4.3
ORD100681,2024-05-09,Clothing,North,Consumer,Standard,136.27,6,0.05,776.74,163.12,33.0,4.3
ORD100682,2024-10-18,Sports,Central,Consumer,Express,36.76,3,0.1,99.25,11.91,39.0,4.0
ORD100683,2023-02-08,Home & Kitchen,North,Consumer,Express,337.58,3,0.0,1012.74,182.29,47.0,4.9
ORD100684,2024-07-19,Sports,Central,Consumer,Standard,71.74,6,0.1,387.4,46.49,40.0,5.0
ORD100685,2023-06-27,Electronics,North,Corporate,Express,916.31,4,0.0,3665.24,439.83,48.0,4.0
ORD100686,2023-01-07,Books,Central,Consumer,Standard,41.92,3,0.1,113.18,7.92,19.0,5.0
ORD100687,2023-02-16,Sports,East,Consumer,Standard,227.3,5,0.0,1136.5,227.3,18.0,3.7
ORD100688,2024-03-30,Home & Kitchen,East,Corporate,Standard,119.83,3,0.0,359.49,64.71,55.0,5.0
ORD100689,2023-09-16,Home & Kitchen,Central,Corporate,Standard,280.47,4,0.0,1121.88,201.94,30.0,4.5
ORD100690,2024-08-25,Home & Kitchen,West,Corporate,Standard,17.51,6,0.05,99.81,13.97,48.0,3.6
ORD100691,2024-09-15,Electronics,North,Corporate,Standard,785.74,3,0.1,2121.5,84.86,36.0,2.6
ORD100692,2024-03-25,Electronics,North,Consumer,Same Day,673.74,6,0.0,4042.44,485.09,25.0,4.8
ORD100693,2024-08-24,Electronics,West,Consumer,Express,238.52,2,0.15,405.48,0.0,68.0,3.8
ORD100694,2024-05-06,Electronics,Central,Consumer,Standard,987.66,7,0.05,6567.94,525.44,50.0,4.3
ORD100695,2023-12-04,Electronics,East,Consumer,Standard,870.32,1,0.35,565.71,-90.51,67.0,4.2
ORD100696,2024-03-16,Books,South,Consumer,Express,21.42,5,0.0,107.1,16.06,27.0,4.1
ORD100697,2024-07-31,Books,South,Corporate,Standard,21.15,7,0.0,148.05,22.21,39.0,4.1
ORD100698,2024-01-16,Electronics,South,Corporate,Express,50.82,6,0.15,259.18,0.0,61.0,4.8
ORD100699,2023-06-24,Electronics,North,Corporate,Express,345.5,3,0.0,1036.5,124.38,56.0,3.6
ORD100700,2023-08-13,Home & Kitchen,South,Corporate,Express,266.52,3,0.1,719.6,71.96,49.0,5.0
ORD100701,2023-03-17,Sports,South,Corporate,Standard,68.14,2,0.15,115.84,9.27,55.0,4.4
ORD100702,2023-03-27,Books,South,Home Office,Standard,29.17,3,0.0,87.51,13.13,64.0,
ORD100703,2024-11-06,Electronics,East,Consumer,Express,639.15,5,0.1,2876.18,115.05,65.0,3.8
ORD100704,2024-05-05,Electronics,North,Consumer,Standard,771.35,6,0.05,4396.7,351.74,61.0,
ORD100705,2023-09-21,Beauty,West,Consumer,Express,105.2,5,0.1,473.4,104.15,69.0,3.0
ORD100706,2023-06-15,Books,North,Consumer,Standard,32.18,3,0.0,96.54,14.48,60.0,5.0
ORD100707,2023-06-12,Clothing,East,Home Office,Express,78.66,7,0.05,523.09,109.85,52.0,3.6
ORD100708,2023-02-24,Beauty,East,Consumer,Standard,38.61,7,0.05,256.76,66.76,64.0,5.0
ORD100709,2024-10-08,Electronics,South,Corporate,Standard,180.83,4,0.0,723.32,86.8,24.0,4.8
ORD100710,2023-02-20,Clothing,East,Consumer,Express,23.31,4,0.15,79.25,10.3,22.0,3.3
ORD100711,2024-03-20,Clothing,East,Consumer,Express,136.18,1,0.0,136.18,34.04,61.0,4.0
ORD100712,2023-11-07,Books,South,Consumer,Standard,43.13,6,0.25,194.09,-9.7,33.0,
ORD100713,2024-12-11,Home & Kitchen,South,Home Office,Express,64.48,7,0.05,428.79,60.03,47.0,4.3
ORD100714,2023-10-20,Sports,East,Consumer,Same Day,159.71,5,0.05,758.62,121.38,26.0,4.8
ORD100715,2023-08-09,Beauty,South,Consumer,Standard,42.15,5,0.05,200.21,52.05,25.0,4.9
ORD100716,2024-04-14,Sports,East,Corporate,Same Day,191.95,3,0.05,547.06,87.53,67.0,4.9
ORD100717,2023-06-03,Electronics,South,Consumer,Express,156.2,7,0.0,1093.4,131.21,31.0,5.0
ORD100718,2024-11-05,Home & Kitchen,South,Consumer,Express,119.72,4,0.25,359.16,-7.18,27.0,4.9
ORD100719,2023-06-11,Beauty,South,Consumer,Express,45.65,2,0.05,86.74,22.55,46.0,2.7
ORD100720,2023-03-23,Clothing,West,Consumer,Standard,73.97,2,0.0,147.94,36.98,32.0,4.7
ORD100721,2024-12-05,Beauty,North,Consumer,Standard,115.43,4,0.15000000000000002,392.46,70.64,45.0,4.6
ORD100722,2023-07-15,Books,South,Home Office,Standard,28.84,7,0.0,201.88,30.28,54.0,3.7
ORD100723,2023-03-16,Clothing,West,Corporate,Express,44.99,2,0.1,80.98,13.77,27.0,4.6
ORD100724,2024-12-27,Clothing,West,Corporate,Express,72.71,3,0.35,141.78,-4.25,48.0,3.5
ORD100725,2023-08-09,Sports,East,Home Office,Standard,65.41,6,0.0,392.46,78.49,69.0,3.5
ORD100726,2024-02-02,Clothing,Central,Home Office,Same Day,69.91,4,0.1,251.68,42.79,67.0,3.3
ORD100727,2023-06-16,Clothing,West,Corporate,Express,148.51,5,0.0,742.55,185.64,,5.0
ORD100728,2024-02-18,Electronics,Central,Home Office,Standard,945.13,2,0.1,1701.23,68.05,22.0,3.8
ORD100729,2023-04-03,Home & Kitchen,South,Consumer,Express,263.27,6,0.1,1421.66,142.17,,3.5
ORD100730,2024-03-15,Beauty,South,Consumer,Express,27.63,3,0.2,66.31,9.28,68.0,3.4
ORD100731,2023-02-28,Sports,North,Consumer,Standard,119.13,7,0.0,833.91,166.78,48.0,5.0
ORD100732,2024-03-18,Home & Kitchen,East,Consumer,Standard,268.85,1,0.0,268.85,48.39,25.0,
ORD100733,2023-04-03,Sports,South,Consumer,Standard,281.48,2,0.0,562.96,112.59,48.0,4.7
ORD100734,2023-07-29,Electronics,South,Consumer,Express,383.02,3,0.1,1034.15,41.37,52.0,3.9
ORD100735,2024-03-23,Sports,East,Home Office,Express,294.49,5,0.2,1177.96,47.12,29.0,3.4
ORD100736,2023-04-22,Books,Central,Corporate,Same Day,49.24,2,0.0,98.48,14.77,52.0,4.3
ORD100737,2023-03-27,Clothing,North,Consumer,Standard,55.4,6,0.05,315.78,66.31,22.0,
ORD100738,2023-08-15,Books,West,Consumer,Standard,23.31,5,0.05,110.72,12.18,54.0,5.0
ORD100739,2024-10-08,Home & Kitchen,West,Consumer,Standard,306.99,7,0.15,1826.59,109.6,27.0,3.9
ORD100740,2023-10-31,Beauty,North,Corporate,Standard,20.38,5,0.05,96.8,25.17,65.0,3.2
ORD100741,2024-10-08,Beauty,South,Corporate,Express,55.75,2,0.1,100.35,22.08,29.0,4.4
ORD100742,2024-07-15,Beauty,North,Consumer,Express,100.47,5,0.1,452.12,99.47,19.0,4.1
ORD100743,2023-12-08,Electronics,North,Consumer,Standard,438.41,7,0.2,2455.1,-98.2,40.0,3.8
ORD100744,2024-10-14,Beauty,Central,Home Office,Standard,14.05,2,0.15,23.88,4.3,44.0,3.7
ORD100745,2023-04-04,Electronics,West,Corporate,Standard,1089.16,7,0.1,6861.71,274.47,23.0,3.3
ORD100746,2023-06-19,Beauty,East,Home Office,Standard,58.2,1,0.1,52.38,11.52,65.0,4.0
ORD100747,2023-01-31,Electronics,West,Home Office,Standard,551.75,3,0.15,1406.96,0.0,27.0,3.0
ORD100748,2023-08-23,Sports,East,Consumer,Same Day,254.56,4,0.0,1018.24,203.65,54.0,3.9
ORD100749,2024-02-02,Clothing,North,Consumer,Express,95.08,2,0.1,171.14,29.09,47.0,5.0
ORD100750,2023-08-15,Electronics,South,Consumer,Standard,126.68,1,0.0,126.68,15.2,45.0,3.3
ORD100751,2023-08-26,Home & Kitchen,North,Home Office,Express,318.44,3,0.1,859.79,85.98,57.0,4.9
ORD100752,2024-12-03,Clothing,South,Home Office,Express,59.89,5,0.05,284.48,59.74,24.0,2.4
ORD100753,2024-06-30,Home & Kitchen,North,Consumer,Express,234.71,1,0.0,234.71,42.25,22.0,4.4
ORD100754,2023-01-26,Electronics,North,Consumer,Standard,1183.74,1,0.0,1183.74,142.05,28.0,4.1
ORD100755,2024-01-22,Clothing,West,Corporate,Standard,114.62,5,0.1,515.79,87.68,42.0,2.7
ORD100756,2023-05-22,Beauty,North,Corporate,Express,18.23,7,0.1,114.85,25.27,30.0,4.4
ORD100757,2024-08-31,Electronics,West,Corporate,Express,662.59,6,0.3,2782.88,-333.95,47.0,3.3
ORD100758,2023-06-24,Clothing,North,Consumer,Standard,72.1,5,0.2,288.4,25.96,46.0,5.0
ORD100759,2024-06-24,Electronics,South,Home Office,Same Day,878.67,4,0.0,3514.68,421.76,25.0,4.2
ORD100760,2024-08-10,Electronics,West,Home Office,Same Day,1047.6,1,0.3,733.32,-88.0,21.0,4.2
ORD100761,2024-04-08,Sports,North,Corporate,Standard,182.89,6,0.3,768.14,-30.73,34.0,5.0
ORD100762,2023-06-19,Electronics,North,Consumer,Standard,353.03,7,0.15,2100.53,0.0,68.0,4.6
ORD100763,2024-05-04,Electronics,South,Corporate,Express,780.43,7,0.0,5463.01,655.56,52.0,5.0
ORD100764,2023-07-04,Electronics,North,Consumer,Same Day,894.22,1,0.1,804.8,32.19,22.0,4.3
ORD100765,2023-02-21,Beauty,Central,Consumer,Same Day,115.36,3,0.1,311.47,68.52,38.0,4.9
ORD100766,2024-04-08,Electronics,East,Corporate,Express,246.11,7,0.3,1205.94,-144.71,69.0,4.8
ORD100767,2023-09-12,Clothing,South,Consumer,Standard,47.6,3,0.3,99.96,1.0,23.0,4.2
ORD100768,2024-03-28,Clothing,North,Consumer,Standard,24.83,7,0.05,165.12,34.68,40.0,4.2
ORD100769,2024-02-16,Electronics,South,Home Office,Express,674.27,5,0.0,3371.35,404.56,34.0,5.0
ORD100770,2024-11-23,Books,Central,Consumer,Standard,27.44,7,0.05,182.48,20.07,27.0,4.8
ORD100771,2023-11-10,Sports,South,Home Office,Express,158.33,6,0.05,902.48,144.4,18.0,4.0
ORD100772,2024-10-19,Electronics,East,Consumer,Express,375.98,3,0.05,1071.54,85.72,59.0,4.0
ORD100773,2024-09-10,Home & Kitchen,Central,Consumer,Express,152.89,5,0.05,726.23,101.67,21.0,3.7
ORD100774,2023-04-08,Clothing,Central,Corporate,Standard,101.16,4,0.05,384.41,80.73,61.0,4.0
ORD100775,2024-04-18,Electronics,Central,Consumer,Standard,90.95,4,0.2,291.04,-11.64,31.0,3.3
ORD100776,2023-03-28,Clothing,West,Home Office,Standard,79.67,2,0.0,159.34,39.84,33.0,3.2
ORD100777,2024-08-21,Electronics,West,Consumer,Express,437.46,4,0.05,1662.35,132.99,39.0,4.3
ORD100778,2023-12-19,Clothing,East,Consumer,Standard,82.65,1,0.1,74.39,12.65,24.0,5.0
ORD100779,2024-08-20,Clothing,South,Consumer,Standard,114.17,7,0.1,719.27,122.28,60.0,3.3
ORD100780,2023-03-01,Books,West,Corporate,Express,8.51,4,0.1,30.64,2.14,54.0,4.5
ORD100781,2023-10-13,Beauty,West,Consumer,Standard,45.94,4,0.05,174.57,45.39,44.0,4.9
ORD100782,2024-03-23,Sports,South,Consumer,Standard,45.03,5,0.1,202.64,24.32,45.0,3.3
ORD100783,2024-04-04,Home & Kitchen,North,Consumer,Standard,53.9,2,0.1,97.02,9.7,34.0,3.5
ORD100784,2024-04-02,Electronics,South,Corporate,Standard,897.15,6,0.1,4844.61,193.78,45.0,4.5
ORD100785,2024-11-07,Electronics,South,Consumer,Standard,352.73,6,0.05,2010.56,160.84,23.0,2.9
ORD100786,2024-08-07,Clothing,West,Consumer,Express,54.73,5,0.1,246.28,41.87,36.0,4.0
ORD100787,2024-06-11,Electronics,North,Corporate,Standard,514.08,2,0.05,976.75,78.14,35.0,4.0
ORD100788,2024-12-23,Home & Kitchen,South,Consumer,Standard,304.83,4,0.1,1097.39,109.74,22.0,4.5
ORD100789,2024-08-05,Beauty,South,Corporate,Express,72.41,4,0.0,289.64,86.89,65.0,3.4
ORD100790,2024-12-26,Clothing,Central,Corporate,Standard,68.34,5,0.1,307.53,52.28,41.0,3.3
ORD100791,2023-11-14,Beauty,West,Consumer,Standard,96.8,5,0.05,459.8,119.55,69.0,2.7
ORD100792,2023-05-05,Beauty,North,Corporate,Same Day,80.58,1,0.1,72.52,15.95,27.0,3.7
ORD100793,2024-04-06,Electronics,North,Consumer,Standard,765.33,7,0.0,5357.31,642.88,43.0,4.1
ORD100794,2024-07-11,Books,West,Consumer,Standard,43.05,2,0.2,68.88,-0.69,30.0,3.2
ORD100795,2023-10-30,Clothing,North,Corporate,Standard,14.78,6,0.05,84.25,17.69,61.0,4.3
ORD100796,2024-09-11,Clothing,South,Consumer,Standard,34.45,4,0.0,137.8,34.45,26.0,2.5
ORD100797,2024-09-29,Beauty,West,Corporate,Express,78.37,4,0.1,282.13,62.07,43.0,4.4
ORD100798,2024-03-15,Beauty,North,Consumer,Standard,64.12,4,0.05,243.66,63.35,36.0,4.2
ORD100799,2024-05-19,Electronics,East,Corporate,Standard,191.98,4,0.0,767.92,92.15,30.0,4.2
ORD100800,2024-07-28,Electronics,North,Corporate,Standard,839.57,1,0.0,839.57,100.75,32.0,3.8
ORD100801,2023-06-22,Beauty,West,Home Office,Standard,71.35,6,0.15,363.88,65.5,41.0,3.5
ORD100802,2024-05-23,Clothing,East,Home Office,Express,129.44,4,0.0,517.76,129.44,26.0,4.2
ORD100803,2023-05-30,Electronics,North,Corporate,Standard,141.59,4,0.0,566.36,67.96,61.0,5.0
ORD100804,2024-10-08,Clothing,South,Corporate,Express,73.79,7,0.0,516.53,129.13,48.0,2.9
ORD100805,2024-05-23,Home & Kitchen,East,Consumer,Same Day,319.45,5,0.1,1437.52,143.75,49.0,4.5
ORD100806,2023-03-02,Books,Central,Corporate,Standard,27.13,1,0.05,25.77,2.83,40.0,4.0
ORD100807,2024-01-20,Clothing,North,Consumer,Express,15.44,7,0.1,97.27,16.54,36.0,4.7
ORD100808,2024-08-18,Electronics,Central,Consumer,Express,473.3,5,0.0,2366.5,283.98,69.0,4.9
ORD100809,2024-04-08,Home & Kitchen,West,Corporate,Same Day,68.23,5,0.3,238.8,-14.33,19.0,3.8
ORD100810,2023-01-26,Home & Kitchen,South,Home Office,Same Day,133.47,3,0.0,400.41,72.07,31.0,3.3
ORD100811,2024-02-11,Electronics,North,Home Office,Express,941.12,4,0.1,3388.03,135.52,57.0,3.0
ORD100812,2023-05-21,Sports,South,Home Office,Standard,159.21,3,0.05,453.75,72.6,41.0,4.6
ORD100813,2024-01-12,Books,West,Corporate,Express,29.26,5,0.0,146.3,21.94,30.0,4.7
ORD100814,2024-06-16,Clothing,North,Consumer,Express,132.34,5,0.2,529.36,47.64,40.0,4.2
ORD100815,2023-06-16,Books,North,Consumer,Standard,49.62,5,0.05,235.7,25.93,67.0,5.0
ORD100816,2024-09-15,Clothing,East,Corporate,Same Day,141.29,4,0.0,565.16,141.29,47.0,4.4
ORD100817,2024-07-20,Sports,South,Corporate,Standard,87.88,6,0.1,474.55,56.95,60.0,4.6
ORD100818,2023-10-12,Clothing,Central,Consumer,Standard,14.39,5,0.1,64.76,11.01,20.0,3.5
ORD100819,2023-08-24,Books,West,Corporate,Standard,41.09,7,0.1,258.87,18.12,66.0,4.1
ORD100820,2024-03-29,Books,West,Consumer,Same Day,50.13,1,0.05,47.62,5.24,25.0,3.3
ORD100821,2024-06-23,Beauty,East,Corporate,Standard,72.89,5,0.0,364.45,109.34,18.0,3.4
ORD100822,2024-10-27,Books,West,Corporate,Express,5.0,5,0.3,17.5,-1.58,64.0,5.0
ORD100823,2023-05-14,Electronics,West,Home Office,Express,706.15,7,0.2,3954.44,-158.18,53.0,4.3
ORD100824,2024-10-04,Clothing,North,Corporate,Same Day,62.55,6,0.2,300.24,27.02,58.0,2.8
ORD100825,2023-06-17,Beauty,East,Consumer,Standard,38.51,4,0.2,123.23,17.25,36.0,4.8
ORD100826,2023-09-13,Clothing,West,Consumer,Standard,139.91,3,0.1,377.76,64.22,60.0,2.9
ORD100827,2023-08-24,Clothing,West,Corporate,Express,78.95,2,0.05,150.0,31.5,63.0,5.0
ORD100828,2023-12-13,Electronics,East,Consumer,Standard,936.44,3,0.2,2247.46,-89.9,55.0,3.7
ORD100829,2023-01-15,Clothing,South,Consumer,Express,120.09,5,0.3,420.32,4.2,31.0,4.4
ORD100830,2024-01-26,Books,South,Corporate,Standard,20.97,1,0.0,20.97,3.15,23.0,5.0
ORD100831,2023-02-17,Beauty,West,Corporate,Express,51.47,4,0.15,175.0,31.5,30.0,4.1
ORD100832,2023-10-04,Clothing,West,Corporate,Standard,85.76,4,0.0,343.04,85.76,53.0,3.4
ORD100833,2024-12-02,Electronics,South,Corporate,Standard,454.06,5,0.05,2156.78,172.54,28.0,3.1
ORD100834,2024-11-23,Home & Kitchen,West,Home Office,Standard,111.2,3,0.25,250.2,-5.0,19.0,3.5
ORD100835,2023-04-25,Electronics,South,Corporate,Express,930.65,3,0.05,2652.35,212.19,54.0,4.0
ORD100836,2023-04-27,Home & Kitchen,West,Consumer,Express,355.42,1,0.15,302.11,18.13,43.0,4.9
ORD100837,2023-09-03,Beauty,North,Consumer,Express,28.19,4,0.1,101.48,22.33,26.0,4.3
ORD100838,2024-12-23,Home & Kitchen,West,Consumer,Standard,324.03,2,0.2,518.45,10.37,49.0,5.0
ORD100839,2023-04-14,Beauty,North,Consumer,Express,52.09,2,0.0,104.18,31.25,66.0,3.4
ORD100840,2024-11-09,Clothing,East,Home Office,Same Day,47.24,2,0.05,89.76,18.85,38.0,
ORD100841,2024-05-30,Home & Kitchen,North,Corporate,Standard,230.56,1,0.0,230.56,41.5,66.0,5.0
ORD100842,2023-11-05,Home & Kitchen,North,Corporate,Standard,37.83,7,0.1,238.33,23.83,46.0,3.7
ORD100843,2023-05-13,Electronics,East,Consumer,Same Day,84.89,4,0.0,339.56,40.75,45.0,4.4
ORD100844,2024-01-24,Beauty,North,Corporate,Standard,39.21,5,0.1,176.45,38.82,37.0,3.6
ORD100845,2023-10-30,Home & Kitchen,East,Consumer,Standard,320.18,6,0.0,1921.08,345.79,44.0,3.0
ORD100846,2023-09-23,Clothing,Central,Corporate,Standard,105.72,5,0.05,502.17,105.46,21.0,2.3
ORD100847,2024-08-06,Electronics,North,Consumer,Standard,792.34,7,0.2,4437.1,-177.48,26.0,4.3
ORD100848,2023-06-01,Electronics,North,Corporate,Standard,144.7,6,0.0,868.2,104.18,33.0,3.0
ORD100849,2023-10-28,Electronics,East,Consumer,Standard,541.85,7,0.05,3603.3,288.26,57.0,4.9
ORD100850,2023-01-12,Home & Kitchen,Central,Consumer,Standard,30.17,3,0.0,90.51,16.29,48.0,3.8
ORD100851,2024-03-20,Electronics,East,Corporate,Standard,504.81,2,0.05,959.14,76.73,64.0,3.5
ORD100852,2023-02-22,Clothing,East,Home Office,Standard,60.05,2,0.0,120.1,30.02,69.0,3.9
ORD100853,2023-11-25,Books,East,Consumer,Standard,16.57,7,0.05,110.19,12.12,61.0,
ORD100854,2024-01-24,Electronics,North,Consumer,Same Day,183.03,3,0.0,549.09,65.89,67.0,4.9
ORD100855,2023-04-04,Home & Kitchen,West,Home Office,Express,239.14,4,0.05,908.73,127.22,44.0,4.5
ORD100856,2024-04-18,Beauty,East,Consumer,Express,22.93,1,0.0,22.93,6.88,33.0,3.5
ORD100857,2023-07-05,Sports,South,Consumer,Standard,54.49,2,0.15,92.63,7.41,41.0,4.5
ORD100858,2024-02-12,Beauty,East,Consumer,Express,50.64,5,0.0,253.2,75.96,47.0,3.1
ORD100859,2023-01-09,Home & Kitchen,West,Consumer,Standard,152.94,7,0.15,909.99,54.6,68.0,3.5
ORD100860,2023-01-08,Books,South,Home Office,Standard,59.05,1,0.1,53.14,3.72,55.0,4.0
ORD100861,2023-04-25,Clothing,West,Consumer,Standard,93.35,6,0.0,560.1,140.02,21.0,4.7
ORD100862,2023-04-11,Books,South,Home Office,Standard,49.04,6,0.0,294.24,44.14,36.0,3.6
ORD100863,2024-11-14,Home & Kitchen,North,Consumer,Express,395.06,5,0.05,1876.54,262.72,40.0,4.5
ORD100864,2024-11-18,Electronics,East,Corporate,Same Day,274.91,2,0.25,412.36,-32.99,23.0,
ORD100865,2024-05-11,Books,North,Consumer,Express,48.05,3,0.05,136.94,15.06,36.0,3.4
ORD100866,2023-01-21,Clothing,North,Consumer,Standard,76.71,7,0.05,510.12,107.13,34.0,4.1
ORD100867,2023-06-24,Clothing,West,Home Office,Standard,65.07,2,0.15,110.62,14.38,43.0,4.5
ORD100868,2024-11-06,Electronics,South,Consumer,Standard,632.33,3,0.25,1422.74,-113.82,31.0,4.1
ORD100869,2024-07-26,Electronics,North,Corporate,Standard,218.82,2,0.05,415.76,33.26,38.0,4.1
ORD100870,2024-01-30,Beauty,North,Consumer,Express,34.97,5,0.3,122.39,7.34,41.0,3.3
ORD100871,2023-03-16,Books,East,Corporate,Express,38.25,7,0.05,254.36,27.98,26.0,4.3
ORD100872,2024-08-06,Clothing,South,Consumer,Express,102.31,6,0.1,552.47,93.92,30.0,4.4
ORD100873,2024-09-25,Beauty,South,Consumer,Standard,119.04,1,0.1,107.14,23.57,,4.9
ORD100874,2023-04-29,Sports,Central,Consumer,Express,230.66,4,0.0,922.64,184.53,25.0,3.3
ORD100875,2023-05-27,Home & Kitchen,East,Consumer,Standard,172.95,4,0.05,657.21,92.01,61.0,3.7
ORD100876,2023-12-14,Electronics,East,Corporate,Standard,51.3,1,0.05,48.73,3.9,62.0,4.1
ORD100877,2023-11-12,Sports,East,Consumer,Same Day,237.62,6,0.35,926.72,-74.14,67.0,3.7
ORD100878,2023-07-21,Clothing,South,Corporate,Standard,46.34,6,0.0,278.04,69.51,49.0,4.1
ORD100879,2024-08-01,Home & Kitchen,South,Corporate,Express,347.2,6,0.0,2083.2,374.98,36.0,4.2
ORD100880,2024-03-17,Home & Kitchen,West,Corporate,Standard,359.73,1,0.1,323.76,32.38,39.0,4.8
ORD100881,2023-02-20,Beauty,South,Corporate,Express,95.85,5,0.15,407.36,73.32,,
ORD100882,2024-10-27,Electronics,East,Home Office,Standard,140.31,7,0.0,982.17,117.86,23.0,4.8
ORD100883,2024-04-18,Books,North,Consumer,Standard,55.09,3,0.0,165.27,24.79,35.0,2.5
ORD100884,2024-12-06,Clothing,East,Consumer,Express,112.82,6,0.1,609.23,103.57,51.0,3.4
ORD100885,2023-03-04,Home & Kitchen,North,Consumer,Same Day,323.67,2,0.1,582.61,58.26,33.0,5.0
ORD100886,2024-06-23,Beauty,West,Consumer,Standard,52.29,2,0.2,83.66,11.71,55.0,4.3
ORD100887,2023-02-25,Electronics,North,Corporate,Standard,222.31,6,0.0,1333.86,160.06,34.0,4.7
ORD100888,2023-10-31,Clothing,Central,Corporate,Express,84.47,3,0.1,228.07,38.77,51.0,3.6
ORD100889,2024-07-10,Electronics,West,Corporate,Standard,141.7,4,0.0,566.8,68.02,37.0,3.8
ORD100890,2024-11-24,Sports,East,Corporate,Same Day,163.78,2,0.05,311.18,49.79,45.0,5.0
ORD100891,2023-10-24,Electronics,East,Corporate,Standard,682.48,6,0.05,3890.14,311.21,62.0,3.3
ORD100892,2024-09-17,Electronics,Central,Home Office,Standard,559.74,4,0.05,2127.01,170.16,51.0,4.2
ORD100893,2024-02-27,Clothing,Central,Home Office,Standard,55.47,6,0.1,299.54,50.92,63.0,4.5
ORD100894,2024-10-18,Home & Kitchen,West,Consumer,Express,360.54,2,0.05,685.03,95.9,57.0,3.5
ORD100895,2024-09-26,Sports,South,Home Office,Standard,25.65,1,0.2,20.52,0.82,21.0,4.6
ORD100896,2023-09-24,Home & Kitchen,South,Corporate,Standard,386.93,2,0.0,773.86,139.29,25.0,
ORD100897,2023-12-27,Clothing,East,Consumer,Standard,80.65,3,0.25,181.46,9.07,62.0,4.1
ORD100898,2024-08-17,Sports,South,Corporate,Standard,277.37,4,0.0,1109.48,221.9,63.0,4.6
ORD100899,2024-02-23,Electronics,East,Home Office,Express,854.48,7,0.05,5682.29,454.58,41.0,5.0
ORD100900,2024-09-29,Beauty,East,Consumer,Standard,9.34,5,0.1,42.03,9.25,44.0,5.0
ORD100901,2024-07-31,Sports,West,Home Office,Standard,35.16,4,0.3,98.45,-3.94,56.0,5.0
ORD100902,2024-10-04,Clothing,Central,Consumer,Standard,110.66,7,0.0,774.62,193.66,,3.6
ORD100903,2023-07-27,Electronics,North,Consumer,Express,1002.1,1,0.05,952.0,76.16,34.0,4.2
ORD100904,2024-12-22,Sports,East,Home Office,Standard,213.88,6,0.05,1219.12,195.06,40.0,3.4
ORD100905,2024-10-20,Clothing,North,Corporate,Standard,103.65,6,0.2,497.52,44.78,38.0,
ORD100906,2024-04-08,Sports,West,Consumer,Express,152.98,6,0.0,917.88,183.58,58.0,
ORD100907,2023-09-17,Home & Kitchen,West,Corporate,Standard,133.36,5,0.05,633.46,88.68,22.0,5.0
ORD100908,2024-08-12,Sports,Central,Home Office,Express,149.27,7,0.0,1044.89,208.98,55.0,5.0
ORD100909,2024-06-30,Sports,West,Corporate,Express,147.55,6,0.2,708.24,28.33,66.0,3.5
ORD100910,2024-07-29,Beauty,East,Consumer,Standard,59.7,6,0.0,358.2,107.46,32.0,5.0
ORD100911,2024-09-18,Clothing,East,Consumer,Express,56.63,3,0.15,144.41,18.77,,3.2
ORD100912,2024-06-08,Books,South,Consumer,Express,17.48,3,0.1,47.2,3.3,38.0,4.8
ORD100913,2024-09-07,Clothing,South,Consumer,Standard,120.4,7,0.1,758.52,128.95,38.0,3.3
ORD100914,2023-10-30,Electronics,East,Home Office,Express,765.89,5,0.0,3829.45,459.53,46.0,5.0
ORD100915,2024-11-15,Beauty,East,Consumer,Express,74.83,1,0.05,71.09,18.48,69.0,4.8
ORD100916,2023-06-24,Home & Kitchen,West,Corporate,Express,143.08,1,0.0,143.08,25.75,24.0,4.0
ORD100917,2023-09-19,Home & Kitchen,North,Corporate,Standard,338.03,2,0.1,608.45,60.84,50.0,2.9
ORD100918,2023-12-20,Sports,North,Corporate,Standard,263.28,3,0.05,750.35,120.06,30.0,4.4
ORD100919,2023-12-21,Sports,Central,Consumer,Standard,245.81,3,0.1,663.69,79.64,22.0,4.2
ORD100920,2023-01-28,Home & Kitchen,East,Home Office,Standard,180.71,2,0.3,252.99,-15.18,34.0,3.5
ORD100921,2024-12-18,Electronics,East,Consumer,Standard,828.77,2,0.2,1326.03,-53.04,53.0,4.5
ORD100922,2024-09-05,Beauty,Central,Corporate,Standard,119.76,2,0.1,215.57,47.43,58.0,4.3
ORD100923,2024-08-16,Clothing,Central,Consumer,Express,84.5,2,0.1,152.1,25.86,50.0,4.0
ORD100924,2023-02-18,Clothing,South,Corporate,Same Day,18.35,1,0.0,18.35,4.59,32.0,4.8
ORD100925,2023-10-13,Books,North,Corporate,Standard,27.94,4,0.0,111.76,16.76,47.0,2.9
ORD100926,2024-08-28,Home & Kitchen,West,Home Office,Express,102.45,6,0.05,583.96,81.75,65.0,3.6
ORD100927,2024-05-22,Clothing,East,Corporate,Express,31.94,7,0.2,178.86,16.1,36.0,4.4
ORD100928,2024-11-03,Clothing,South,Consumer,Standard,123.13,5,0.1,554.08,94.19,50.0,3.9
ORD100929,2023-04-09,Electronics,East,Corporate,Express,956.87,2,0.0,1913.74,229.65,58.0,
ORD100930,2024-01-03,Electronics,Central,Home Office,Express,1069.33,1,0.15,908.93,0.0,38.0,5.0
ORD100931,2023-08-12,Clothing,Central,Corporate,Standard,100.3,3,0.0,300.9,75.22,40.0,
ORD100932,2023-02-09,Electronics,West,Corporate,Standard,381.97,4,0.15,1298.7,0.0,19.0,4.4
ORD100933,2023-12-25,Clothing,East,Consumer,Express,127.66,4,0.15000000000000002,434.04,56.43,56.0,3.3
ORD100934,2023-05-03,Electronics,East,Consumer,Same Day,467.67,3,0.05,1332.86,106.63,60.0,2.9
ORD100935,2024-04-17,Books,East,Home Office,Express,57.39,5,0.2,229.56,-2.3,27.0,5.0
ORD100936,2023-11-29,Electronics,East,Consumer,Standard,580.12,5,0.35,1885.39,-301.66,56.0,4.4
ORD100937,2024-06-14,Home & Kitchen,East,Home Office,Express,65.9,3,0.05,187.82,26.29,43.0,4.2
ORD100938,2024-03-07,Clothing,South,Corporate,Express,44.27,6,0.1,239.06,40.64,25.0,2.9
ORD100939,2024-05-14,Beauty,East,Corporate,Standard,63.59,2,0.1,114.46,25.18,57.0,4.9
ORD100940,2024-07-22,Home & Kitchen,North,Corporate,Express,354.46,5,0.1,1595.07,159.51,42.0,3.6
ORD100941,2024-07-30,Clothing,East,Home Office,Standard,141.78,7,0.1,893.21,151.85,55.0,2.6
ORD100942,2023-01-30,Beauty,East,Consumer,Express,8.54,5,0.1,38.43,8.45,57.0,4.2
ORD100943,2023-05-25,Electronics,Central,Corporate,Express,999.1,4,0.0,3996.4,479.57,26.0,3.6
ORD100944,2023-01-23,Home & Kitchen,North,Consumer,Standard,195.17,7,0.1,1229.57,122.96,56.0,
ORD100945,2023-08-11,Sports,North,Home Office,Standard,77.0,5,0.3,269.5,-10.78,69.0,3.4
ORD100946,2024-06-27,Books,Central,Consumer,Standard,54.83,6,0.05,312.53,34.38,45.0,4.2
ORD100947,2023-03-12,Sports,North,Corporate,Standard,56.7,5,0.2,226.8,9.07,64.0,4.0
ORD100948,2023-06-28,Home & Kitchen,East,Consumer,Standard,143.87,6,0.1,776.9,77.69,19.0,3.0
ORD100949,2024-12-05,Sports,South,Consumer,Express,262.64,7,0.05,1746.56,279.45,46.0,4.3
ORD100950,2024-09-04,Home & Kitchen,West,Consumer,Standard,365.83,2,0.0,731.66,131.7,,
ORD100951,2023-09-20,Books,West,Consumer,Standard,33.86,6,0.1,182.84,12.8,32.0,3.3
ORD100952,2023-09-01,Sports,South,Corporate,Express,87.01,1,0.05,82.66,13.23,18.0,4.5
ORD100953,2023-09-06,Home & Kitchen,South,Home Office,Standard,222.45,2,0.1,400.41,40.04,63.0,
ORD100954,2023-09-02,Home & Kitchen,West,Consumer,Express,114.73,6,0.1,619.54,61.95,40.0,4.8
ORD100955,2023-07-18,Electronics,West,Home Office,Express,266.43,7,0.1,1678.51,67.14,58.0,3.4
ORD100956,2023-12-08,Sports,North,Consumer,Standard,255.55,4,0.15000000000000002,868.87,69.51,59.0,4.6
ORD100957,2024-02-16,Electronics,North,Consumer,Standard,353.23,6,0.0,2119.38,254.33,22.0,3.6
ORD100958,2024-05-02,Books,South,Corporate,Standard,54.38,6,0.05,309.97,34.1,42.0,3.2
ORD100959,2023-03-15,Clothing,Central,Consumer,Express,83.42,1,0.1,75.08,12.76,,4.7
ORD100960,2024-02-11,Home & Kitchen,South,Consumer,Express,202.27,3,0.05,576.47,80.71,30.0,3.5
ORD100961,2023-04-14,Home & Kitchen,Central,Home Office,Standard,20.92,6,0.1,112.97,11.3,27.0,4.7
ORD100962,2024-03-24,Beauty,North,Consumer,Standard,10.18,6,0.0,61.08,18.32,58.0,4.6
ORD100963,2024-12-05,Electronics,Central,Consumer,Same Day,620.09,5,0.1,2790.4,111.62,29.0,3.6
ORD100964,2023-05-23,Beauty,North,Consumer,Standard,40.89,5,0.2,163.56,22.9,28.0,5.0
ORD100965,2023-02-28,Books,South,Corporate,Standard,50.06,3,0.1,135.16,9.46,59.0,5.0
ORD100966,2024-09-06,Electronics,West,Corporate,Standard,654.54,3,0.2,1570.9,-62.84,56.0,4.4
ORD100967,2024-05-20,Clothing,South,Consumer,Same Day,98.96,7,0.1,623.45,105.99,25.0,2.6
ORD100968,2024-05-30,Electronics,Central,Consumer,Express,632.17,4,0.0,2528.68,303.44,62.0,2.9
ORD100969,2024-05-29,Sports,East,Corporate,Standard,174.41,6,0.1,941.81,113.02,69.0,4.2
ORD100970,2024-09-25,Home & Kitchen,East,Consumer,Standard,275.64,2,0.2,441.02,8.82,31.0,5.0
ORD100971,2023-09-18,Clothing,East,Corporate,Standard,123.97,6,0.2,595.06,53.56,34.0,4.1
ORD100972,2024-12-14,Electronics,Central,Consumer,Express,653.87,2,0.05,1242.35,99.39,33.0,3.4
ORD100973,2024-04-27,Electronics,Central,Consumer,Standard,495.38,4,0.05,1882.44,150.6,61.0,4.8
ORD100974,2023-03-07,Books,South,Consumer,Express,51.35,4,0.0,205.4,30.81,66.0,4.6
ORD100975,2023-06-29,Books,East,Consumer,Standard,27.8,5,0.0,139.0,20.85,28.0,5.0
ORD100976,2023-10-08,Sports,Central,Consumer,Standard,153.6,2,0.1,276.48,33.18,32.0,
ORD100977,2023-11-29,Clothing,North,Home Office,Express,42.21,4,0.2,135.07,12.16,20.0,4.8
ORD100978,2023-02-01,Sports,North,Corporate,Express,149.41,5,0.1,672.34,80.68,63.0,4.7
ORD100979,2024-06-26,Electronics,West,Consumer,Standard,1056.17,4,0.2,3379.74,-135.19,22.0,3.9
ORD100980,2023-08-16,Books,South,Corporate,Express,55.94,6,0.0,335.64,50.35,67.0,3.2
ORD100981,2024-06-17,Clothing,North,Home Office,Standard,135.13,3,0.1,364.85,62.02,45.0,4.5
ORD100982,2024-10-10,Home & Kitchen,South,Consumer,Express,363.85,7,0.0,2546.95,458.45,42.0,5.0
ORD100983,2024-04-28,Home & Kitchen,West,Corporate,Express,214.37,7,0.1,1350.53,135.05,36.0,5.0
ORD100984,2024-02-07,Clothing,North,Home Office,Express,132.77,3,0.3,278.82,2.79,60.0,4.3
ORD100985,2024-10-22,Sports,West,Home Office,Standard,286.37,2,0.0,572.74,114.55,21.0,4.2
ORD100986,2023-12-07,Electronics,Central,Consumer,Standard,862.84,4,0.05,3278.79,262.3,,3.5
ORD100987,2024-02-02,Home & Kitchen,South,Home Office,Express,236.15,4,0.0,944.6,170.03,58.0,4.0
ORD100988,2024-11-07,Clothing,South,Consumer,Standard,28.67,1,0.2,22.94,2.06,65.0,5.0
ORD100989,2023-01-05,Clothing,North,Consumer,Standard,110.89,7,0.0,776.23,194.06,67.0,2.8
ORD100990,2024-05-17,Home & Kitchen,East,Consumer,Same Day,156.78,2,0.05,297.88,41.7,32.0,2.8
ORD100991,2024-02-23,Clothing,South,Corporate,Express,64.88,3,0.1,175.18,29.78,45.0,3.6
ORD100992,2024-12-16,Electronics,South,Consumer,Standard,855.22,5,0.15000000000000002,3634.69,-0.0,21.0,4.4
ORD100993,2024-06-01,Clothing,South,Corporate,Standard,135.69,3,0.0,407.07,101.77,53.0,4.5
ORD100994,2023-10-27,Beauty,Central,Consumer,Express,55.52,4,0.3,155.46,9.33,29.0,4.7
ORD100995,2024-11-28,Home & Kitchen,South,Home Office,Express,380.36,6,0.15000000000000002,1939.84,116.39,37.0,4.5
ORD100996,2023-03-31,Books,Central,Corporate,Same Day,16.89,6,0.0,101.34,15.2,49.0,4.6
ORD100997,2023-10-26,Clothing,South,Home Office,Standard,142.03,5,0.0,710.15,177.54,21.0,4.5
ORD100998,2023-04-20,Beauty,West,Consumer,Standard,12.09,5,0.0,60.45,18.14,32.0,4.5
ORD100999,2023-01-10,Home & Kitchen,East,Consumer,Standard,120.37,1,0.0,120.37,21.67,36.0,4.7
ORD101000,2023-09-03,Clothing,South,Consumer,Standard,138.65,7,0.1,873.5,148.49,61.0,4.2
ORD101001,2023-02-16,Beauty,South,Consumer,Same Day,31.12,5,0.15,132.26,23.81,18.0,3.6
ORD101002,2023-01-31,Clothing,South,Consumer,Same Day,149.71,4,0.1,538.96,91.62,51.0,3.7
ORD101003,2023-06-25,Books,South,Consumer,Standard,27.08,2,0.05,51.45,5.66,45.0,4.8
ORD101004,2024-11-15,Beauty,North,Corporate,Standard,39.31,1,0.05,37.34,9.71,62.0,5.0
ORD101005,2024-08-16,Books,North,Consumer,Standard,23.88,4,0.0,95.52,14.33,55.0,5.0
ORD101006,2024-12-02,Clothing,East,Home Office,Same Day,91.15,7,0.05,606.15,127.29,47.0,5.0
ORD101007,2023-01-30,Clothing,South,Corporate,Standard,111.74,7,0.0,782.18,195.54,30.0,3.7
ORD101008,2024-06-25,Home & Kitchen,West,Corporate,Express,109.65,3,0.0,328.95,59.21,52.0,4.6
ORD101009,2023-10-29,Sports,North,Home Office,Standard,284.71,2,0.0,569.42,113.88,69.0,4.6
ORD101010,2023-08-01,Home & Kitchen,South,Home Office,Standard,133.04,1,0.0,133.04,23.95,58.0,
ORD101011,2024-05-12,Books,South,Consumer,Same Day,59.32,6,0.0,355.92,53.39,49.0,3.8
ORD101012,2023-04-16,Electronics,West,Corporate,Express,200.25,3,0.2,480.6,-19.22,19.0,3.3
ORD101013,2024-12-18,Electronics,West,Consumer,Express,889.24,1,0.1,800.32,32.01,43.0,4.4
ORD101014,2023-12-17,Books,Central,Home Office,Standard,44.55,3,0.1,120.28,8.42,18.0,5.0
ORD101015,2024-11-07,Clothing,North,Consumer,Standard,121.9,4,0.05,463.22,97.28,44.0,3.9
ORD101016,2023-11-10,Beauty,South,Corporate,Standard,33.07,7,0.05,219.92,57.18,31.0,4.6
ORD101017,2023-10-25,Clothing,North,Consumer,Standard,133.62,4,0.0,534.48,133.62,61.0,3.9
ORD101018,2024-01-29,Home & Kitchen,West,Consumer,Standard,32.09,4,0.05,121.94,17.07,48.0,5.0
ORD101019,2023-08-03,Beauty,West,Consumer,Standard,21.94,2,0.15,37.3,6.71,44.0,5.0
ORD101020,2023-09-18,Home & Kitchen,Central,Home Office,Standard,319.72,6,0.0,1918.32,345.3,58.0,4.3
ORD101021,2024-01-13,Clothing,South,Corporate,Standard,72.48,6,0.15,369.65,48.05,57.0,3.6
ORD101022,2023-11-20,Clothing,South,Consumer,Express,28.29,1,0.2,22.63,2.04,32.0,4.7
ORD101023,2023-12-08,Home & Kitchen,South,Consumer,Standard,335.18,5,0.1,1508.31,150.83,20.0,3.9
ORD101024,2023-02-01,Clothing,East,Consumer,Express,61.0,4,0.0,244.0,61.0,51.0,4.2
ORD101025,2024-06-27,Clothing,West,Consumer,Standard,106.09,6,0.15,541.06,70.34,69.0,3.2
ORD101026,2023-11-12,Books,North,Corporate,Express,22.3,4,0.05,84.74,9.32,53.0,5.0
ORD101027,2023-08-14,Clothing,South,Corporate,Standard,141.64,7,0.3,694.04,6.94,38.0,5.0
ORD101028,2023-11-28,Sports,East,Consumer,Standard,212.13,1,0.25,159.1,0.0,32.0,5.0
ORD101029,2024-11-03,Home & Kitchen,East,Corporate,Standard,373.49,7,0.1,2352.99,235.3,69.0,4.2
ORD101030,2024-08-05,Electronics,West,Home Office,Express,70.56,7,0.0,493.92,59.27,18.0,3.1
ORD101031,2024-12-21,Sports,North,Home Office,Standard,123.96,6,0.1,669.38,80.33,61.0,3.5
ORD101032,2023-08-04,Clothing,South,Consumer,Standard,74.72,4,0.05,283.94,59.63,33.0,5.0
ORD101033,2023-09-01,Books,East,Corporate,Express,50.19,7,0.0,351.33,52.7,58.0,4.5
ORD101034,2024-01-09,Electronics,North,Consumer,Standard,266.37,7,0.15,1584.9,0.0,48.0,3.9
ORD101035,2024-02-17,Sports,West,Corporate,Standard,82.71,7,0.05,550.02,88.0,22.0,3.7
ORD101036,2023-02-21,Clothing,Central,Consumer,Standard,144.61,6,0.0,867.66,216.92,66.0,3.5
ORD101037,2023-01-30,Electronics,East,Consumer,Express,1142.45,2,0.1,2056.41,82.26,53.0,4.8
ORD101038,2024-08-20,Electronics,North,Home Office,Express,1005.7,6,0.3,4223.94,-506.87,52.0,3.9
ORD101039,2024-02-19,Clothing,West,Consumer,Express,94.26,6,0.0,565.56,141.39,40.0,4.5
ORD101040,2024-02-16,Clothing,Central,Home Office,Express,133.86,1,0.0,133.86,33.47,29.0,4.6
ORD101041,2023-04-28,Home & Kitchen,Central,Home Office,Standard,162.4,2,0.05,308.56,43.2,67.0,4.5
ORD101042,2023-08-26,Home & Kitchen,Central,Corporate,Standard,35.93,1,0.3,25.15,-1.51,58.0,5.0
ORD101043,2024-09-05,Home & Kitchen,West,Corporate,Standard,144.63,1,0.1,130.17,13.02,34.0,4.5
ORD101044,2023-09-03,Clothing,East,Consumer,Standard,32.99,2,0.0,65.98,16.5,47.0,4.1
ORD101045,2023-01-25,Electronics,South,Corporate,Standard,378.51,2,0.2,605.62,-24.22,40.0,4.6
ORD101046,2023-05-28,Electronics,Central,Corporate,Standard,1182.14,2,0.0,2364.28,283.71,32.0,5.0
ORD101047,2024-08-31,Home & Kitchen,Central,Consumer,Express,172.4,1,0.0,172.4,31.03,19.0,2.7
ORD101048,2024-12-16,Electronics,Central,Consumer,Standard,704.85,7,0.05,4687.25,374.98,44.0,3.4
ORD101049,2024-04-13,Sports,West,Consumer,Express,251.68,5,0.0,1258.4,251.68,44.0,4.6
ORD101050,2023-09-14,Electronics,North,Home Office,Standard,1069.84,1,0.05,1016.35,81.31,62.0,4.5
ORD101051,2024-10-19,Clothing,North,Home Office,Standard,20.42,3,0.1,55.13,9.37,68.0,5.0
ORD101052,2023-05-25,Books,Central,Home Office,Standard,48.92,2,0.0,97.84,14.68,,
ORD101053,2024-02-14,Clothing,North,Consumer,Same Day,108.62,4,0.1,391.03,66.48,41.0,4.4
ORD101054,2023-06-25,Clothing,East,Corporate,Standard,148.88,7,0.1,937.94,159.45,50.0,4.0
ORD101055,2023-07-15,Beauty,South,Consumer,Express,108.02,6,0.0,648.12,194.44,36.0,2.9
ORD101056,2024-01-07,Sports,South,Corporate,Standard,171.96,7,0.05,1143.53,182.96,57.0,4.4
ORD101057,2023-11-04,Books,South,Corporate,Express,20.98,2,0.05,39.86,4.38,63.0,
ORD101058,2023-02-27,Beauty,East,Home Office,Express,90.07,7,0.1,567.44,124.84,18.0,3.7
ORD101059,2024-10-18,Sports,West,Home Office,Standard,271.87,3,0.3,570.93,-22.84,25.0,3.9
ORD101060,2023-10-15,Sports,Central,Corporate,Standard,173.66,3,0.15,442.83,35.43,42.0,4.1
ORD101061,2023-05-28,Home & Kitchen,East,Consumer,Standard,107.81,3,0.15,274.92,16.5,32.0,4.0
ORD101062,2023-07-05,Books,North,Consumer,Standard,51.73,1,0.0,51.73,7.76,21.0,5.0
ORD101063,2024-04-27,Electronics,East,Consumer,Standard,127.08,4,0.1,457.49,18.3,24.0,5.0
ORD101064,2024-09-28,Clothing,West,Corporate,Express,76.9,5,0.0,384.5,96.12,63.0,3.1
ORD101065,2024-07-23,Electronics,North,Consumer,Standard,329.32,6,0.15,1679.53,0.0,40.0,4.5
ORD101066,2023-08-10,Clothing,Central,Consumer,Standard,75.22,2,0.1,135.4,23.02,34.0,3.6
ORD101067,2023-11-21,Beauty,South,Consumer,Standard,15.45,3,0.05,44.03,11.45,69.0,5.0
ORD101068,2024-11-29,Clothing,East,Corporate,Same Day,28.42,6,0.15000000000000002,144.94,18.84,51.0,3.6
ORD101069,2023-03-07,Electronics,North,Consumer,Standard,1082.84,5,0.05,5143.49,411.48,48.0,3.9
ORD101070,2024-07-18,Beauty,North,Consumer,Standard,76.6,3,0.05,218.31,56.76,19.0,4.0
ORD101071,2023-09-10,Electronics,North,Corporate,Standard,543.46,7,0.0,3804.22,456.51,22.0,
ORD101072,2024-10-06,Books,West,Corporate,Standard,6.71,6,0.2,32.21,-0.32,56.0,4.2
ORD101073,2024-12-05,Beauty,East,Home Office,Standard,105.03,5,0.2,420.12,58.82,30.0,3.5
ORD101074,2023-07-26,Electronics,Central,Consumer,Standard,353.88,5,0.0,1769.4,212.33,31.0,4.9
ORD101075,2023-07-22,Home & Kitchen,West,Consumer,Standard,282.92,2,0.05,537.55,75.26,41.0,5.0
ORD101076,2023-06-04,Electronics,South,Corporate,Express,290.17,7,0.1,1828.07,73.12,56.0,5.0
ORD101077,2024-04-28,Sports,West,Consumer,Standard,195.87,3,0.1,528.85,63.46,27.0,3.8
ORD101078,2024-03-19,Clothing,North,Corporate,Same Day,121.02,2,0.0,242.04,60.51,68.0,2.6
ORD101079,2024-09-18,Electronics,East,Home Office,Express,811.24,1,0.1,730.12,29.2,59.0,3.5
ORD101080,2024-01-17,Electronics,North,Consumer,Express,701.11,2,0.0,1402.22,168.27,62.0,3.6
ORD101081,2023-07-16,Electronics,Central,Corporate,Express,517.89,4,0.0,2071.56,248.59,31.0,3.8
ORD101082,2024-03-19,Clothing,Central,Consumer,Same Day,143.58,6,0.1,775.33,131.81,56.0,3.9
ORD101083,2024-08-06,Beauty,West,Corporate,Standard,57.19,6,0.0,343.14,102.94,56.0,4.4
ORD101084,2023-12-29,Sports,West,Consumer,Express,89.03,2,0.05,169.16,27.07,50.0,5.0
ORD101085,2023-03-08,Electronics,East,Consumer,Express,290.45,3,0.1,784.21,31.37,66.0,3.5
ORD101086,2024-08-04,Clothing,East,Consumer,Express,93.46,1,0.0,93.46,23.36,19.0,3.2
ORD101087,2023-05-11,Electronics,West,Corporate,Standard,51.57,4,0.1,185.65,7.43,55.0,3.8
ORD101088,2023-11-15,Electronics,Central,Corporate,Express,93.7,7,0.1,590.31,23.61,18.0,4.6
ORD101089,2023-10-20,Electronics,West,Corporate,Express,636.8,7,0.2,3566.08,-142.64,23.0,3.8
ORD101090,2024-12-16,Beauty,Central,Home Office,Standard,111.27,3,0.05,317.12,82.45,50.0,4.7
ORD101091,2024-05-29,Home & Kitchen,Central,Consumer,Standard,16.91,2,0.0,33.82,6.09,55.0,4.8
ORD101092,2023-12-04,Electronics,South,Consumer,Standard,586.61,1,0.2,469.29,-18.77,58.0,4.0
ORD101093,2023-10-29,Sports,South,Home Office,Standard,25.36,6,0.1,136.94,16.43,58.0,2.9
ORD101094,2024-06-01,Electronics,East,Consumer,Express,798.17,1,0.15,678.44,0.0,,3.2
ORD101095,2024-05-30,Home & Kitchen,West,Home Office,Standard,308.91,7,0.1,1946.13,194.61,46.0,
ORD101096,2023-10-30,Home & Kitchen,North,Home Office,Standard,373.05,4,0.0,1492.2,268.6,23.0,4.6
ORD101097,2024-12-27,Books,North,Corporate,Express,59.22,4,0.2,189.5,-1.9,27.0,5.0
ORD101098,2024-09-13,Electronics,South,Consumer,Same Day,590.27,3,0.3,1239.57,-148.75,32.0,3.4
ORD101099,2023-06-01,Clothing,South,Consumer,Standard,148.49,3,0.05,423.2,88.87,58.0,4.3
ORD101100,2024-01-13,Home & Kitchen,West,Consumer,Standard,278.42,7,0.0,1948.94,350.81,40.0,4.5
ORD101101,2023-08-12,Electronics,South,Corporate,Express,802.83,5,0.1,3612.74,144.51,69.0,4.0
ORD101102,2023-12-19,Clothing,North,Consumer,Standard,121.05,7,0.35,550.78,-16.52,41.0,5.0
ORD101103,2024-05-18,Books,North,Consumer,Standard,55.39,3,0.15,141.24,4.24,59.0,3.1
ORD101104,2023-01-02,Beauty,West,Consumer,Standard,94.11,1,0.0,94.11,28.23,37.0,3.2
ORD101105,2023-04-15,Clothing,West,Home Office,Express,143.2,4,0.0,572.8,143.2,33.0,4.4
ORD101106,2024-02-23,Books,East,Consumer,Express,10.03,7,0.05,66.7,7.34,41.0,4.4
ORD101107,2024-07-16,Sports,West,Home Office,Express,114.43,7,0.1,720.91,86.51,22.0,4.7
ORD101108,2023-11-13,Home & Kitchen,East,Consumer,Standard,88.07,3,0.05,251.0,35.14,22.0,2.8
ORD101109,2023-03-23,Electronics,North,Home Office,Express,844.12,5,0.3,2954.42,-354.53,62.0,4.5
ORD101110,2023-11-11,Home & Kitchen,South,Corporate,Standard,345.63,7,0.05,2298.44,321.78,37.0,3.0
ORD101111,2024-12-02,Electronics,West,Corporate,Same Day,316.76,1,0.05,300.92,24.07,18.0,
ORD101112,2024-03-15,Clothing,Central,Corporate,Standard,124.36,3,0.0,373.08,93.27,50.0,2.7
ORD101113,2024-10-06,Beauty,East,Corporate,Standard,73.4,1,0.0,73.4,22.02,53.0,3.6
ORD101114,2024-11-29,Electronics,Central,Corporate,Standard,511.08,3,0.1,1379.92,55.2,25.0,4.3
ORD101115,2023-10-19,Home & Kitchen,North,Corporate,Standard,338.4,5,0.15,1438.2,86.29,68.0,4.3
ORD101116,2024-07-21,Electronics,Central,Corporate,Standard,930.32,4,0.1,3349.15,133.97,56.0,5.0
ORD101117,2023-12-16,Books,Central,Consumer,Express,22.67,6,0.05,129.22,14.21,56.0,4.9
ORD101118,2023-12-02,Sports,South,Corporate,Standard,254.24,3,0.25,572.04,0.0,,
ORD101119,2024-11-17,Electronics,South,Home Office,Standard,699.99,6,0.05,3989.94,319.2,38.0,4.1
ORD101120,2024-11-15,Clothing,North,Consumer,Standard,142.42,6,0.05,811.79,170.48,54.0,
ORD101121,2024-12-13,Home & Kitchen,North,Home Office,Standard,259.47,5,0.15000000000000002,1102.75,66.16,28.0,2.6
ORD101122,2024-07-03,Electronics,West,Home Office,Standard,945.97,2,0.0,1891.94,227.03,66.0,4.1
ORD101123,2023-04-05,Electronics,South,Consumer,Standard,160.13,3,0.15,408.33,0.0,26.0,4.1
ORD101124,2023-07-01,Electronics,South,Consumer,Express,1140.1,3,0.0,3420.3,410.44,68.0,3.1
ORD101125,2023-02-26,Clothing,East,Corporate,Express,100.93,3,0.05,287.65,60.41,55.0,2.6
ORD101126,2023-01-09,Home & Kitchen,East,Home Office,Express,357.81,3,0.0,1073.43,193.22,47.0,4.5
ORD101127,2023-09-03,Beauty,East,Home Office,Express,78.93,1,0.2,63.14,8.84,52.0,3.9
ORD101128,2023-03-14,Home & Kitchen,East,Consumer,Standard,138.98,5,0.0,694.9,125.08,60.0,4.7
ORD101129,2023-08-19,Books,East,Home Office,Standard,13.71,6,0.0,82.26,12.34,38.0,3.4
ORD101130,2024-03-23,Beauty,East,Consumer,Standard,12.03,4,0.0,48.12,14.44,52.0,4.1
ORD101131,2024-06-29,Clothing,East,Corporate,Express,72.42,4,0.0,289.68,72.42,60.0,4.7
ORD101132,2023-01-31,Electronics,North,Corporate,Standard,437.47,4,0.1,1574.89,63.0,63.0,3.7
ORD101133,2024-02-03,Clothing,North,Consumer,Same Day,99.55,6,0.15,507.7,66.0,32.0,3.6
ORD101134,2023-09-06,Books,North,Consumer,Standard,26.46,4,0.0,105.84,15.88,33.0,4.8
ORD101135,2023-02-12,Electronics,West,Consumer,Standard,231.98,6,0.1,1252.69,50.11,32.0,4.9
ORD101136,2023-03-22,Beauty,North,Consumer,Standard,101.29,5,0.0,506.45,151.94,,4.1
ORD101137,2024-08-24,Beauty,East,Consumer,Standard,42.63,7,0.0,298.41,89.52,36.0,3.7
ORD101138,2024-06-10,Home & Kitchen,Central,Corporate,Express,239.35,5,0.15,1017.24,61.03,66.0,3.8
ORD101139,2023-12-01,Electronics,North,Consumer,Standard,805.16,1,0.15000000000000002,684.39,-0.0,31.0,3.9
ORD101140,2023-12-26,Clothing,West,Consumer,Standard,70.67,4,0.1,254.41,43.25,29.0,3.4
ORD101141,2023-09-30,Home & Kitchen,North,Consumer,Standard,176.47,6,0.1,952.94,95.29,47.0,3.7
ORD101142,2024-12-30,Electronics,East,Consumer,Standard,497.99,1,0.05,473.09,37.85,31.0,4.3
ORD101143,2024-06-01,Beauty,Central,Consumer,Same Day,99.74,3,0.05,284.26,73.91,69.0,5.0
ORD101144,2024-06-12,Books,North,Corporate,Express,18.04,6,0.0,108.24,16.24,44.0,4.7
ORD101145,2024-12-01,Electronics,North,Corporate,Same Day,541.01,3,0.1,1460.73,58.43,49.0,2.8
ORD101146,2024-12-24,Beauty,Central,Consumer,Standard,96.21,4,0.05,365.6,95.06,40.0,4.3
ORD101147,2023-03-08,Electronics,West,Home Office,Standard,651.4,1,0.1,586.26,23.45,26.0,3.6
ORD101148,2023-03-13,Clothing,Central,Home Office,Standard,82.33,1,0.15,69.98,9.1,24.0,2.5
ORD101149,2023-07-18,Home & Kitchen,East,Consumer,Standard,384.54,5,0.15,1634.3,98.06,44.0,4.4
ORD101150,2023-10-04,Books,East,Corporate,Standard,8.4,1,0.05,7.98,0.88,43.0,5.0
ORD101151,2024-02-05,Home & Kitchen,North,Corporate,Express,227.9,4,0.3,638.12,-38.29,34.0,5.0
ORD101152,2023-10-14,Beauty,North,Consumer,Standard,52.32,4,0.3,146.5,8.79,45.0,4.9
ORD101153,2024-01-29,Clothing,North,Home Office,Standard,137.21,7,0.1,864.42,146.95,59.0,3.9
ORD101154,2023-06-29,Home & Kitchen,Central,Home Office,Standard,342.07,3,0.15,872.28,52.34,48.0,4.1
ORD101155,2024-05-16,Books,Central,Consumer,Express,27.02,4,0.0,108.08,16.21,69.0,3.5
ORD101156,2024-07-29,Beauty,East,Consumer,Standard,47.17,5,0.0,235.85,70.76,59.0,4.3
ORD101157,2023-04-12,Electronics,North,Corporate,Express,711.32,3,0.1,1920.56,76.82,23.0,4.6
ORD101158,2023-08-29,Clothing,West,Home Office,Express,57.94,1,0.05,55.04,11.56,57.0,4.5
ORD101159,2024-08-28,Home & Kitchen,Central,Home Office,Same Day,58.74,5,0.15,249.64,14.98,45.0,3.2
ORD101160,2024-05-16,Electronics,North,Consumer,Express,261.3,4,0.0,1045.2,125.42,57.0,3.9
ORD101161,2023-11-09,Home & Kitchen,North,Home Office,Standard,43.85,3,0.25,98.66,-1.97,18.0,3.6
ORD101162,2023-09-17,Sports,East,Corporate,Express,239.0,4,0.05,908.2,145.31,39.0,4.3
ORD101163,2024-05-30,Clothing,North,Consumer,Express,144.43,6,0.05,823.25,172.88,54.0,3.1
ORD101164,2023-04-17,Home & Kitchen,East,Consumer,Standard,113.32,2,0.0,226.64,40.8,18.0,4.0
ORD101165,2023-05-17,Electronics,West,Consumer,Standard,779.61,1,0.05,740.63,59.25,28.0,2.7
ORD101166,2024-01-27,Electronics,Central,Consumer,Express,222.75,6,0.0,1336.5,160.38,57.0,3.7
ORD101167,2024-01-02,Clothing,South,Corporate,Standard,33.21,5,0.0,166.05,41.51,58.0,4.2
ORD101168,2023-05-14,Home & Kitchen,Central,Corporate,Standard,347.02,2,0.05,659.34,92.31,53.0,3.2
ORD101169,2023-09-07,Electronics,East,Corporate,Standard,54.72,3,0.0,164.16,19.7,23.0,4.8
ORD101170,2023-11-30,Sports,Central,Corporate,Standard,229.0,5,0.05,1087.75,174.04,41.0,3.4
ORD101171,2024-03-12,Beauty,West,Corporate,Standard,109.54,7,0.2,613.42,85.88,66.0,2.6
ORD101172,2024-10-04,Electronics,East,Corporate,Standard,275.9,2,0.3,386.26,-46.35,52.0,4.5
ORD101173,2024-07-12,Electronics,North,Consumer,Standard,858.84,7,0.15,5110.1,0.0,43.0,
ORD101174,2024-08-03,Books,Central,Home Office,Standard,53.7,5,0.05,255.08,28.06,30.0,3.5
ORD101175,2024-04-26,Sports,East,Corporate,Express,86.22,4,0.0,344.88,68.98,34.0,3.9
ORD101176,2024-05-12,Home & Kitchen,East,Consumer,Express,285.8,6,0.1,1543.32,154.33,24.0,5.0
ORD101177,2024-11-28,Electronics,East,Corporate,Standard,549.37,3,0.15000000000000002,1400.89,-0.0,46.0,4.3
ORD101178,2023-10-02,Home & Kitchen,Central,Consumer,Standard,235.51,2,0.2,376.82,7.54,22.0,3.8
ORD101179,2024-11-14,Beauty,North,Consumer,Same Day,22.61,3,0.05,64.44,16.75,66.0,4.9
ORD101180,2023-08-06,Electronics,East,Consumer,Express,1090.01,4,0.1,3924.04,156.96,42.0,3.6
ORD101181,2024-11-22,Electronics,Central,Corporate,Express,324.77,2,0.2,519.63,-20.79,,4.3
ORD101182,2023-08-13,Clothing,West,Consumer,Standard,16.53,2,0.0,33.06,8.26,,4.5
ORD101183,2024-02-17,Clothing,West,Home Office,Standard,11.4,6,0.1,61.56,10.47,57.0,4.3
ORD101184,2024-09-28,Electronics,East,Consumer,Express,557.56,3,0.0,1672.68,200.72,55.0,4.0
ORD101185,2023-08-14,Books,East,Home Office,Standard,45.63,4,0.3,127.76,-11.5,47.0,3.7
ORD101186,2024-04-01,Electronics,South,Home Office,Same Day,741.42,4,0.05,2817.4,225.39,46.0,3.1
ORD101187,2024-10-21,Home & Kitchen,Central,Home Office,Standard,127.23,6,0.05,725.21,101.53,68.0,2.9
ORD101188,2024-12-30,Electronics,East,Home Office,Standard,1013.85,2,0.05,1926.32,154.11,42.0,5.0
ORD101189,2023-10-29,Books,North,Consumer,Standard,12.75,4,0.05,48.45,5.33,65.0,4.2
ORD101190,2023-12-12,Electronics,North,Consumer,Express,701.35,1,0.05,666.28,53.3,28.0,5.0
ORD101191,2023-03-08,Electronics,East,Home Office,Standard,831.43,3,0.05,2369.58,189.57,34.0,3.6
ORD101192,2023-03-18,Beauty,South,Consumer,Standard,100.78,6,0.0,604.68,181.4,26.0,2.6
ORD101193,2023-02-18,Clothing,East,Home Office,Standard,131.5,4,0.0,526.0,131.5,32.0,
ORD101194,2024-10-08,Beauty,East,Consumer,Standard,51.7,2,0.05,98.23,25.54,21.0,
ORD101195,2023-06-25,Home & Kitchen,Central,Consumer,Standard,253.4,2,0.1,456.12,45.61,34.0,4.8
ORD101196,2024-02-25,Clothing,East,Corporate,Standard,79.17,1,0.0,79.17,19.79,69.0,4.9
ORD101197,2023-12-17,Clothing,South,Home Office,Standard,34.73,2,0.2,55.57,5.0,57.0,
ORD101198,2023-12-01,Clothing,East,Corporate,Standard,89.17,2,0.15000000000000002,151.59,19.71,56.0,4.4
ORD101199,2023-06-13,Electronics,North,Home Office,Standard,139.32,3,0.1,376.16,15.05,58.0,4.0
ORD101200,2024-12-16,Books,South,Corporate,Standard,47.4,4,0.2,151.68,-1.52,32.0,3.0
ORD101201,2024-10-09,Home & Kitchen,South,Home Office,Standard,314.74,6,0.15,1605.17,96.31,62.0,4.3
ORD101202,2023-10-10,Clothing,North,Corporate,Express,124.5,7,0.15,740.78,96.3,61.0,4.8
ORD101203,2023-07-26,Electronics,West,Consumer,Standard,385.85,3,0.0,1157.55,138.91,52.0,4.3
ORD101204,2024-02-12,Home & Kitchen,East,Home Office,Standard,185.35,6,0.05,1056.49,147.91,48.0,
ORD101205,2024-10-26,Beauty,East,Consumer,Express,8.95,3,0.1,24.16,5.32,31.0,2.5
ORD101206,2024-04-22,Home & Kitchen,West,Consumer,Standard,344.6,5,0.1,1550.7,155.07,58.0,3.4
ORD101207,2024-08-16,Beauty,Central,Corporate,Standard,63.15,3,0.0,189.45,56.83,19.0,5.0
ORD101208,2023-09-11,Beauty,South,Corporate,Standard,113.76,5,0.0,568.8,170.64,40.0,2.8
ORD101209,2024-06-21,Sports,North,Home Office,Same Day,283.3,5,0.1,1274.85,152.98,53.0,5.0
ORD101210,2024-07-29,Home & Kitchen,North,Home Office,Standard,166.57,2,0.3,233.2,-13.99,47.0,5.0
ORD101211,2024-05-20,Home & Kitchen,Central,Consumer,Express,99.39,3,0.1,268.35,26.83,65.0,3.7
ORD101212,2024-03-26,Clothing,North,Corporate,Express,135.56,3,0.05,386.35,81.13,49.0,3.8
ORD101213,2024-04-06,Home & Kitchen,East,Consumer,Standard,102.31,4,0.2,327.39,6.55,61.0,
ORD101214,2024-07-16,Home & Kitchen,East,Corporate,Standard,200.53,4,0.05,762.01,106.68,69.0,3.9
ORD101215,2024-05-28,Electronics,Central,Consumer,Standard,322.7,4,0.15,1097.18,0.0,29.0,3.8
ORD101216,2024-11-11,Electronics,West,Corporate,Standard,116.04,5,0.05,551.19,44.1,57.0,4.5
ORD101217,2024-01-17,Electronics,South,Corporate,Express,424.98,5,0.3,1487.43,-178.49,29.0,4.4
ORD101218,2023-01-21,Electronics,North,Consumer,Standard,1021.87,6,0.2,4904.98,-196.2,24.0,3.6
ORD101219,2024-10-09,Electronics,North,Consumer,Express,810.66,4,0.1,2918.38,116.74,33.0,4.1
ORD101220,2023-05-13,Books,North,Consumer,Standard,25.97,4,0.1,93.49,6.54,19.0,5.0
ORD101221,2024-07-13,Electronics,North,Corporate,Standard,1167.86,5,0.1,5255.37,210.21,65.0,4.1
ORD101222,2024-06-02,Electronics,East,Corporate,Standard,1057.8,2,0.0,2115.6,253.87,26.0,
ORD101223,2024-05-12,Sports,East,Consumer,Express,141.41,2,0.05,268.68,42.99,34.0,4.2
ORD101224,2023-09-26,Beauty,North,Corporate,Same Day,38.46,2,0.15,65.38,11.77,18.0,3.6
ORD101225,2024-11-29,Home & Kitchen,West,Consumer,Standard,306.01,3,0.15000000000000002,780.33,46.82,50.0,4.5
ORD101226,2023-10-23,Electronics,East,Consumer,Same Day,966.07,3,0.0,2898.21,347.79,69.0,3.3
ORD101227,2023-09-08,Beauty,South,Consumer,Standard,91.03,5,0.0,455.15,136.54,53.0,3.5
ORD101228,2023-06-14,Beauty,North,Consumer,Standard,41.59,3,0.0,124.77,37.43,34.0,3.8
ORD101229,2023-11-13,Home & Kitchen,West,Home Office,Express,155.2,4,0.15000000000000002,527.68,31.66,41.0,4.4
ORD101230,2023-04-08,Clothing,South,Consumer,Standard,90.47,6,0.0,542.82,135.71,68.0,3.8
ORD101231,2024-05-03,Electronics,South,Consumer,Express,611.61,6,0.15,3119.21,0.0,24.0,4.1
ORD101232,2023-06-27,Beauty,West,Home Office,Same Day,51.63,4,0.15,175.54,31.6,51.0,3.5
ORD101233,2024-03-05,Clothing,South,Corporate,Standard,113.83,3,0.0,341.49,85.37,48.0,3.4
ORD101234,2023-11-18,Electronics,East,Consumer,Standard,907.42,2,0.2,1451.87,-58.07,52.0,2.8
ORD101235,2024-07-18,Clothing,East,Consumer,Same Day,75.03,3,0.0,225.09,56.27,33.0,5.0
ORD101236,2024-05-30,Home & Kitchen,East,Consumer,Standard,110.16,5,0.2,440.64,8.81,38.0,4.1
ORD101237,2023-04-28,Sports,North,Corporate,Standard,172.2,6,0.05,981.54,157.05,59.0,2.8
ORD101238,2024-02-20,Home & Kitchen,West,Consumer,Standard,122.44,7,0.05,814.23,113.99,22.0,5.0
ORD101239,2023-06-14,Home & Kitchen,Central,Consumer,Standard,349.74,1,0.0,349.74,62.95,51.0,2.2
ORD101240,2024-03-02,Beauty,Central,Home Office,Standard,43.1,5,0.15,183.18,32.97,29.0,4.7
ORD101241,2023-02-07,Home & Kitchen,South,Consumer,Same Day,116.63,6,0.05,664.79,93.07,68.0,2.6
ORD101242,2023-01-08,Clothing,Central,Corporate,Standard,38.65,6,0.05,220.3,46.26,46.0,4.4
ORD101243,2024-02-21,Electronics,South,Consumer,Standard,234.09,5,0.15,994.88,0.0,22.0,4.0
ORD101244,2024-08-24,Clothing,Central,Consumer,Express,42.31,6,0.1,228.47,38.84,62.0,4.0
ORD101245,2024-01-23,Clothing,South,Home Office,Standard,24.52,2,0.0,49.04,12.26,67.0,4.9
ORD101246,2024-03-12,Electronics,North,Home Office,Standard,461.8,1,0.0,461.8,55.42,55.0,3.8
ORD101247,2023-04-10,Clothing,Central,Consumer,Standard,23.09,5,0.1,103.9,17.66,35.0,4.8
ORD101248,2024-07-15,Home & Kitchen,Central,Home Office,Express,388.75,5,0.1,1749.38,174.94,25.0,4.0
ORD101249,2023-02-11,Home & Kitchen,South,Corporate,Same Day,240.04,1,0.0,240.04,43.21,32.0,3.5
ORD101250,2024-08-03,Electronics,Central,Consumer,Express,923.78,3,0.0,2771.34,332.56,39.0,3.9
ORD101251,2024-12-12,Clothing,Central,Consumer,Standard,49.74,6,0.15000000000000002,253.67,32.98,30.0,3.4
ORD101252,2024-02-03,Clothing,Central,Consumer,Same Day,79.71,2,0.0,159.42,39.85,20.0,5.0
ORD101253,2023-03-28,Home & Kitchen,East,Home Office,Express,366.02,1,0.1,329.42,32.94,58.0,4.0
ORD101254,2023-11-30,Home & Kitchen,Central,Consumer,Express,236.36,5,0.1,1063.62,106.36,68.0,5.0
ORD101255,2024-06-25,Electronics,North,Consumer,Express,1071.4,2,0.0,2142.8,257.14,18.0,2.9
ORD101256,2023-10-29,Home & Kitchen,North,Consumer,Standard,256.34,3,0.15,653.67,39.22,20.0,3.2
ORD101257,2023-02-02,Electronics,North,Corporate,Standard,805.24,2,0.15,1368.91,0.0,67.0,5.0
ORD101258,2024-01-26,Beauty,Central,Home Office,Standard,96.85,6,0.05,552.04,143.53,61.0,3.6
ORD101259,2023-07-30,Books,South,Corporate,Standard,58.36,2,0.0,116.72,17.51,55.0,4.9
ORD101260,2024-02-05,Electronics,North,Corporate,Standard,414.26,4,0.05,1574.19,125.94,28.0,4.4
ORD101261,2024-12-08,Electronics,South,Corporate,Standard,382.79,2,0.2,612.46,-24.5,31.0,4.6
ORD101262,2023-05-29,Electronics,East,Consumer,Standard,454.26,5,0.05,2157.74,172.62,55.0,3.2
ORD101263,2024-05-09,Electronics,Central,Consumer,Standard,298.71,5,0.0,1493.55,179.23,34.0,5.0
ORD101264,2023-11-24,Beauty,North,Consumer,Standard,34.67,4,0.25,104.01,10.4,21.0,2.5
ORD101265,2024-05-24,Home & Kitchen,North,Home Office,Standard,371.71,3,0.2,892.1,17.84,41.0,5.0
ORD101266,2023-03-14,Sports,East,Home Office,Standard,41.1,5,0.1,184.95,22.19,34.0,
ORD101267,2023-10-20,Electronics,South,Corporate,Standard,823.89,3,0.3,1730.17,-207.62,43.0,4.0
ORD101268,2024-04-22,Beauty,North,Home Office,Express,117.58,1,0.0,117.58,35.27,47.0,3.6
ORD101269,2023-10-03,Home & Kitchen,South,Consumer,Standard,328.14,3,0.0,984.42,177.2,29.0,4.7
ORD101270,2023-06-22,Home & Kitchen,East,Home Office,Express,327.6,2,0.05,622.44,87.14,67.0,3.9
ORD101271,2023-08-26,Home & Kitchen,East,Home Office,Standard,173.12,3,0.05,493.39,69.07,52.0,4.9
ORD101272,2023-03-24,Home & Kitchen,North,Consumer,Standard,54.1,1,0.1,48.69,4.87,54.0,4.0
ORD101273,2024-05-07,Home & Kitchen,North,Home Office,Express,109.09,7,0.05,725.45,101.56,30.0,4.2
ORD101274,2023-10-08,Clothing,Central,Consumer,Standard,143.74,7,0.2,804.94,72.44,69.0,4.7
ORD101275,2024-05-02,Beauty,East,Corporate,Express,29.08,3,0.15,74.15,13.35,30.0,3.7
ORD101276,2023-05-01,Clothing,West,Corporate,Express,106.91,6,0.0,641.46,160.36,60.0,4.8
ORD101277,2023-01-01,Electronics,East,Corporate,Standard,458.32,5,0.15,1947.86,0.0,61.0,
ORD101278,2024-11-17,Electronics,North,Corporate,Express,985.68,5,0.15000000000000002,4189.14,-0.0,67.0,4.4
ORD101279,2024-10-03,Home & Kitchen,East,Consumer,Standard,93.71,1,0.1,84.34,8.43,26.0,3.3
ORD101280,2024-04-22,Books,North,Corporate,Same Day,44.27,2,0.0,88.54,13.28,,5.0
ORD101281,2023-05-06,Electronics,Central,Consumer,Standard,669.81,2,0.0,1339.62,160.75,18.0,5.0
ORD101282,2024-11-25,Home & Kitchen,North,Consumer,Express,88.32,7,0.05,587.33,82.23,36.0,4.8
ORD101283,2023-06-13,Electronics,South,Consumer,Standard,362.45,3,0.0,1087.35,130.48,18.0,5.0
ORD101284,2023-07-23,Beauty,Central,Home Office,Express,80.85,4,0.2,258.72,36.22,64.0,4.4
ORD101285,2024-09-06,Beauty,South,Consumer,Express,57.28,5,0.0,286.4,85.92,66.0,4.7
ORD101286,2023-05-13,Electronics,West,Home Office,Express,791.85,1,0.1,712.67,28.51,,4.2
ORD101287,2024-02-12,Home & Kitchen,Central,Consumer,Express,131.91,6,0.0,791.46,142.46,23.0,5.0
ORD101288,2024-11-13,Electronics,East,Corporate,Standard,687.77,4,0.05,2613.53,209.08,46.0,5.0
ORD101289,2023-03-31,Beauty,East,Corporate,Standard,38.06,2,0.0,76.12,22.84,38.0,
ORD101290,2023-03-02,Electronics,East,Consumer,Same Day,1081.89,4,0.0,4327.56,519.31,31.0,5.0
ORD101291,2023-08-30,Clothing,West,Home Office,Standard,127.09,2,0.0,254.18,63.54,54.0,3.4
ORD101292,2024-11-26,Home & Kitchen,Central,Home Office,Standard,197.19,7,0.2,1104.26,22.09,29.0,3.9
ORD101293,2023-11-24,Beauty,South,Consumer,Same Day,44.15,7,0.15000000000000002,262.69,47.28,54.0,4.0
ORD101294,2024-08-17,Sports,North,Home Office,Standard,161.98,2,0.15,275.37,22.03,54.0,3.9
ORD101295,2023-02-06,Clothing,North,Home Office,Standard,55.96,6,0.05,318.97,66.98,55.0,4.1
ORD101296,2024-01-28,Clothing,West,Home Office,Express,115.23,7,0.0,806.61,201.65,38.0,3.7
ORD101297,2023-11-14,Sports,North,Home Office,Standard,254.46,6,0.05,1450.42,232.07,67.0,4.1
ORD101298,2023-11-19,Sports,Central,Consumer,Express,99.67,4,0.05,378.75,60.6,30.0,2.8
ORD101299,2024-10-12,Books,South,Consumer,Express,47.51,3,0.0,142.53,21.38,51.0,3.1
ORD101300,2024-02-29,Sports,East,Consumer,Standard,255.51,2,0.05,485.47,77.68,54.0,3.6
ORD101301,2023-01-01,Sports,East,Home Office,Standard,138.36,6,0.05,788.65,126.18,23.0,4.5
ORD101302,2023-08-22,Beauty,East,Consumer,Standard,44.99,3,0.2,107.98,15.12,57.0,5.0
ORD101303,2024-02-17,Beauty,South,Consumer,Same Day,65.01,5,0.0,325.05,97.52,35.0,
ORD101304,2023-05-19,Books,Central,Home Office,Standard,28.27,1,0.1,25.44,1.78,67.0,4.7
ORD101305,2024-09-02,Books,North,Consumer,Standard,15.26,3,0.0,45.78,6.87,,4.2
ORD101306,2023-03-05,Home & Kitchen,North,Home Office,Standard,216.01,2,0.15,367.22,22.03,51.0,
ORD101307,2023-05-20,Electronics,Central,Consumer,Standard,831.21,5,0.2,3324.84,-132.99,19.0,3.1
ORD101308,2023-11-11,Books,North,Home Office,Express,15.49,5,0.05,73.58,8.09,29.0,3.6
ORD101309,2023-05-22,Beauty,North,Consumer,Standard,106.46,6,0.0,638.76,191.63,54.0,2.8
ORD101310,2023-10-13,Home & Kitchen,North,Consumer,Standard,283.54,5,0.15,1205.04,72.3,,2.2
ORD101311,2024-10-10,Beauty,South,Consumer,Standard,66.92,3,0.0,200.76,60.23,53.0,5.0
ORD101312,2023-08-22,Beauty,North,Corporate,Standard,9.22,2,0.1,16.6,3.65,69.0,
ORD101313,2023-03-16,Electronics,West,Consumer,Standard,925.46,3,0.15,2359.92,0.0,56.0,5.0
ORD101314,2023-11-23,Beauty,West,Corporate,Standard,37.66,7,0.05,250.44,65.11,49.0,5.0
ORD101315,2024-08-28,Sports,East,Consumer,Standard,87.98,3,0.3,184.76,-7.39,60.0,5.0
ORD101316,2023-07-21,Home & Kitchen,North,Home Office,Express,88.15,7,0.05,586.2,82.07,46.0,3.1
ORD101317,2023-06-29,Home & Kitchen,East,Home Office,Same Day,388.19,5,0.0,1940.95,349.37,19.0,3.5
ORD101318,2024-08-03,Electronics,Central,Home Office,Standard,1074.71,5,0.1,4836.2,193.45,27.0,4.0
ORD101319,2024-03-14,Sports,Central,Corporate,Standard,152.59,4,0.0,610.36,122.07,21.0,3.3
ORD101320,2023-03-21,Beauty,East,Consumer,Express,9.42,3,0.05,26.85,6.98,54.0,5.0
ORD101321,2024-12-06,Electronics,Central,Home Office,Standard,641.34,6,0.35,2501.23,-400.2,45.0,4.4
ORD101322,2024-03-11,Beauty,Central,Home Office,Express,71.71,3,0.05,204.37,53.14,29.0,3.4
ORD101323,2024-07-24,Home & Kitchen,West,Consumer,Standard,223.23,5,0.0,1116.15,200.91,24.0,4.2
ORD101324,2023-01-31,Sports,West,Home Office,Standard,30.64,5,0.0,153.2,30.64,24.0,4.0
ORD101325,2023-06-11,Sports,South,Home Office,Standard,228.43,4,0.05,868.03,138.88,29.0,2.8
ORD101326,2023-06-13,Electronics,East,Consumer,Express,391.43,1,0.05,371.86,29.75,19.0,3.6
ORD101327,2024-02-18,Clothing,West,Consumer,Standard,41.38,1,0.1,37.24,6.33,24.0,2.9
ORD101328,2023-11-06,Sports,South,Consumer,Standard,29.49,1,0.15000000000000002,25.07,2.01,67.0,4.1
ORD101329,2024-08-12,Clothing,Central,Consumer,Standard,54.53,5,0.1,245.38,41.71,35.0,4.9
ORD101330,2024-08-05,Clothing,West,Consumer,Standard,45.05,4,0.1,162.18,27.57,50.0,
ORD101331,2024-01-31,Electronics,West,Consumer,Standard,586.63,2,0.2,938.61,-37.54,45.0,5.0
ORD101332,2024-11-22,Sports,West,Consumer,Standard,239.32,3,0.05,682.06,109.13,29.0,3.2
ORD101333,2024-09-03,Electronics,East,Consumer,Standard,676.95,6,0.0,4061.7,487.4,69.0,3.9
ORD101334,2024-08-05,Books,East,Consumer,Standard,47.94,4,0.1,172.58,12.08,30.0,5.0
ORD101335,2024-08-12,Home & Kitchen,North,Consumer,Standard,111.19,3,0.0,333.57,60.04,42.0,5.0
ORD101336,2024-11-24,Electronics,Central,Corporate,Express,471.9,4,0.05,1793.22,143.46,32.0,5.0
ORD101337,2024-05-06,Home & Kitchen,North,Corporate,Standard,242.67,7,0.2,1358.95,27.18,36.0,4.3
ORD101338,2024-03-09,Home & Kitchen,West,Home Office,Standard,163.17,5,0.05,775.06,108.51,20.0,5.0
ORD101339,2023-04-21,Beauty,West,Consumer,Express,78.37,4,0.0,313.48,94.04,55.0,2.9
ORD101340,2023-03-27,Clothing,Central,Consumer,Express,73.38,3,0.15,187.12,24.33,24.0,3.6
ORD101341,2024-08-31,Clothing,West,Corporate,Standard,17.17,6,0.05,97.87,20.55,45.0,5.0
ORD101342,2023-12-22,Electronics,North,Consumer,Standard,700.21,1,0.35,455.14,-72.82,66.0,5.0
ORD101343,2024-06-22,Beauty,East,Home Office,Express,47.66,7,0.0,333.62,100.09,35.0,4.0
ORD101344,2024-12-05,Clothing,East,Consumer,Standard,100.36,5,0.15000000000000002,426.53,55.45,44.0,5.0
ORD101345,2023-06-10,Beauty,Central,Consumer,Express,6.02,3,0.1,16.25,3.58,38.0,4.4
ORD101346,2024-10-08,Clothing,East,Home Office,Express,21.76,6,0.1,117.5,19.97,25.0,4.4
ORD101347,2024-03-17,Electronics,North,Consumer,Standard,165.02,2,0.15,280.53,0.0,50.0,3.4
ORD101348,2024-04-25,Clothing,East,Consumer,Express,59.21,2,0.05,112.5,23.62,53.0,4.2
ORD101349,2024-04-12,Electronics,South,Consumer,Express,205.53,2,0.1,369.95,14.8,35.0,4.9
ORD101350,2024-09-21,Books,East,Consumer,Same Day,57.56,5,0.1,259.02,18.13,39.0,5.0
ORD101351,2024-03-25,Electronics,East,Corporate,Standard,129.91,1,0.2,103.93,-4.16,63.0,4.2
ORD101352,2023-02-23,Books,Central,Consumer,Standard,36.3,6,0.0,217.8,32.67,63.0,4.6
ORD101353,2023-04-13,Books,West,Consumer,Express,58.15,3,0.15,148.28,4.45,30.0,3.1
ORD101354,2023-03-16,Clothing,West,Corporate,Same Day,109.61,1,0.0,109.61,27.4,25.0,4.9
ORD101355,2024-07-02,Books,Central,Home Office,Standard,32.72,7,0.05,217.59,23.93,34.0,4.7
ORD101356,2023-04-28,Books,South,Corporate,Standard,11.91,3,0.0,35.73,5.36,30.0,3.9
ORD101357,2024-04-23,Electronics,West,Consumer,Same Day,871.47,3,0.0,2614.41,313.73,64.0,4.9
ORD101358,2024-06-20,Electronics,West,Consumer,Standard,824.54,7,0.0,5771.78,692.61,35.0,4.4
ORD101359,2023-09-24,Electronics,South,Consumer,Express,1099.79,4,0.1,3959.24,158.37,25.0,4.1
ORD101360,2023-12-25,Clothing,South,Consumer,Express,149.31,3,0.05,425.53,89.36,42.0,4.0
ORD101361,2024-10-27,Home & Kitchen,East,Home Office,Standard,107.57,2,0.15,182.87,10.97,61.0,4.4
ORD101362,2023-03-12,Home & Kitchen,Central,Consumer,Same Day,20.32,3,0.05,57.91,8.11,60.0,4.0
ORD101363,2024-09-25,Sports,Central,Corporate,Same Day,268.78,3,0.05,766.02,122.56,50.0,4.8
ORD101364,2023-03-04,Electronics,West,Home Office,Standard,224.69,3,0.05,640.37,51.23,40.0,4.4
ORD101365,2024-10-16,Electronics,West,Corporate,Express,1007.1,4,0.15,3424.14,0.0,33.0,4.2
ORD101366,2024-11-13,Electronics,North,Consumer,Express,466.47,6,0.05,2658.88,212.71,41.0,5.0
ORD101367,2024-06-05,Clothing,East,Consumer,Standard,85.55,6,0.1,461.97,78.53,18.0,3.2
ORD101368,2023-09-06,Sports,South,Home Office,Express,210.5,7,0.0,1473.5,294.7,53.0,4.6
ORD101369,2024-10-26,Clothing,East,Home Office,Express,32.45,4,0.1,116.82,19.86,51.0,3.1
ORD101370,2023-07-27,Sports,West,Consumer,Standard,59.67,1,0.1,53.7,6.44,42.0,4.5
ORD101371,2023-02-05,Clothing,North,Home Office,Same Day,12.8,6,0.0,76.8,19.2,58.0,5.0
ORD101372,2024-06-20,Sports,East,Corporate,Standard,252.07,3,0.0,756.21,151.24,41.0,4.3
ORD101373,2024-04-15,Electronics,North,Home Office,Standard,242.13,2,0.0,484.26,58.11,19.0,3.7
ORD101374,2024-05-16,Books,Central,Consumer,Express,37.87,7,0.1,238.58,16.7,63.0,5.0
ORD101375,2024-01-20,Beauty,North,Home Office,Standard,5.46,1,0.0,5.46,1.64,52.0,3.9
ORD101376,2023-04-27,Electronics,East,Home Office,Express,1004.45,4,0.1,3616.02,144.64,50.0,4.2
ORD101377,2024-10-23,Home & Kitchen,Central,Consumer,Express,127.15,2,0.1,228.87,22.89,69.0,4.5
ORD101378,2023-04-06,Beauty,East,Consumer,Standard,62.38,6,0.0,374.28,112.28,50.0,3.9
ORD101379,2023-09-03,Books,East,Home Office,Standard,43.06,3,0.0,129.18,19.38,32.0,4.3
ORD101380,2023-02-19,Clothing,West,Corporate,Standard,22.86,4,0.1,82.3,13.99,29.0,4.6
ORD101381,2023-11-01,Sports,East,Corporate,Standard,27.51,3,0.05,78.4,12.54,,4.3
ORD101382,2024-04-06,Home & Kitchen,West,Corporate,Standard,140.42,3,0.0,421.26,75.83,,5.0
ORD101383,2024-02-27,Home & Kitchen,Central,Consumer,Express,225.97,4,0.15,768.3,46.1,57.0,3.9
ORD101384,2024-06-08,Books,Central,Corporate,Express,51.0,4,0.1,183.6,12.85,55.0,3.0
ORD101385,2023-12-14,Clothing,West,Consumer,Standard,64.24,7,0.15000000000000002,382.23,49.69,,4.2
ORD101386,2024-11-30,Electronics,South,Corporate,Standard,269.28,1,0.2,215.42,-8.62,62.0,3.8
ORD101387,2024-08-29,Sports,West,Consumer,Same Day,202.21,5,0.1,909.94,109.19,29.0,4.0
ORD101388,2023-04-28,Clothing,West,Home Office,Express,75.12,6,0.05,428.18,89.92,27.0,
ORD101389,2024-11-30,Books,North,Home Office,Express,17.6,2,0.15000000000000002,29.92,0.9,36.0,3.5
ORD101390,2024-12-11,Books,Central,Consumer,Standard,54.63,4,0.1,196.67,13.77,24.0,2.9
ORD101391,2023-02-15,Home & Kitchen,West,Consumer,Same Day,286.6,7,0.0,2006.2,361.12,57.0,5.0
ORD101392,2024-04-25,Electronics,North,Consumer,Express,1106.53,4,0.1,3983.51,159.34,24.0,2.9
ORD101393,2023-06-23,Sports,East,Consumer,Standard,286.76,6,0.05,1634.53,261.52,49.0,4.2
ORD101394,2023-01-03,Electronics,North,Corporate,Standard,809.2,6,0.05,4612.44,369.0,35.0,3.1
ORD101395,2023-11-06,Sports,East,Consumer,Standard,13.69,4,0.15000000000000002,46.55,3.72,52.0,
ORD101396,2023-06-18,Electronics,South,Consumer,Express,908.94,2,0.05,1726.99,138.16,68.0,5.0
ORD101397,2024-03-31,Beauty,West,Corporate,Standard,69.81,1,0.0,69.81,20.94,58.0,4.4
ORD101398,2024-03-03,Home & Kitchen,West,Home Office,Standard,179.82,4,0.2,575.42,11.51,52.0,2.5
ORD101399,2023-12-14,Home & Kitchen,South,Home Office,Standard,202.47,5,0.1,911.12,91.11,45.0,3.8
ORD101400,2024-12-23,Beauty,West,Consumer,Standard,108.19,2,0.1,194.74,42.84,66.0,4.5
ORD101401,2023-10-08,Electronics,South,Corporate,Standard,888.47,3,0.0,2665.41,319.85,21.0,4.5
ORD101402,2023-06-22,Clothing,East,Corporate,Standard,132.3,7,0.05,879.8,184.76,19.0,4.7
ORD101403,2024-01-28,Electronics,West,Home Office,Express,400.88,1,0.0,400.88,48.11,27.0,4.0
ORD101404,2024-08-17,Home & Kitchen,North,Home Office,Standard,244.99,3,0.0,734.97,132.29,58.0,5.0
ORD101405,2024-04-16,Electronics,South,Consumer,Express,863.67,7,0.0,6045.69,725.48,38.0,4.3
ORD101406,2023-08-13,Sports,South,Home Office,Standard,285.47,6,0.1,1541.54,184.98,25.0,3.5
ORD101407,2024-06-05,Books,South,Home Office,Standard,52.14,7,0.05,346.73,38.14,34.0,
ORD101408,2023-10-09,Electronics,South,Consumer,Standard,740.33,5,0.0,3701.65,444.2,67.0,4.0
ORD101409,2023-04-21,Books,East,Corporate,Express,8.33,2,0.0,16.66,2.5,66.0,4.5
ORD101410,2024-01-27,Clothing,Central,Home Office,Express,47.35,3,0.2,113.64,10.23,34.0,3.5
ORD101411,2024-06-02,Clothing,East,Corporate,Standard,21.68,2,0.0,43.36,10.84,50.0,4.2
ORD101412,2024-04-15,Books,Central,Corporate,Standard,59.82,2,0.0,119.64,17.95,51.0,5.0
ORD101413,2023-11-23,Beauty,South,Consumer,Express,68.07,1,0.05,64.67,16.81,49.0,3.1
ORD101414,2024-05-28,Sports,North,Consumer,Standard,90.16,6,0.0,540.96,108.19,60.0,3.8
ORD101415,2023-04-21,Books,Central,Corporate,Express,26.01,1,0.0,26.01,3.9,36.0,3.9
ORD101416,2024-04-30,Beauty,North,Corporate,Express,72.5,5,0.0,362.5,108.75,62.0,4.1
ORD101417,2024-05-01,Beauty,East,Home Office,Standard,113.26,3,0.0,339.78,101.93,63.0,5.0
ORD101418,2024-02-12,Clothing,South,Consumer,Standard,49.02,4,0.05,186.28,39.12,31.0,2.9
ORD101419,2024-04-26,Clothing,Central,Consumer,Standard,79.24,2,0.05,150.56,31.62,61.0,3.7
ORD101420,2023-12-06,Electronics,Central,Consumer,Standard,104.49,3,0.05,297.8,23.82,31.0,2.3
ORD101421,2023-05-24,Books,South,Corporate,Express,48.86,7,0.0,342.02,51.3,69.0,5.0
ORD101422,2024-04-26,Clothing,East,Home Office,Standard,80.04,6,0.05,456.23,95.81,22.0,5.0
ORD101423,2023-09-13,Electronics,South,Consumer,Standard,304.46,2,0.0,608.92,73.07,46.0,3.4
ORD101424,2024-07-30,Electronics,Central,Consumer,Standard,440.82,7,0.15,2622.88,0.0,,3.3
ORD101425,2024-10-07,Sports,Central,Consumer,Standard,14.24,5,0.0,71.2,14.24,42.0,4.0
ORD101426,2023-08-07,Electronics,South,Consumer,Standard,205.07,5,0.0,1025.35,123.04,58.0,5.0
ORD101427,2023-01-16,Clothing,North,Consumer,Standard,29.08,6,0.1,157.03,26.7,30.0,4.6
ORD101428,2024-01-31,Clothing,South,Consumer,Express,116.38,2,0.0,232.76,58.19,45.0,5.0
ORD101429,2024-08-28,Electronics,South,Corporate,Standard,407.41,3,0.0,1222.23,146.67,,4.3
ORD101430,2024-09-11,Books,Central,Consumer,Express,14.77,1,0.1,13.29,0.93,54.0,2.7
ORD101431,2023-03-26,Books,East,Corporate,Standard,58.07,6,0.2,278.74,-2.79,,4.6
ORD101432,2023-09-06,Books,Central,Consumer,Standard,30.97,6,0.05,176.53,19.42,48.0,3.5
ORD101433,2024-05-14,Beauty,East,Corporate,Standard,57.59,1,0.05,54.71,14.22,58.0,4.1
ORD101434,2024-05-25,Beauty,North,Consumer,Standard,5.88,3,0.05,16.76,4.36,55.0,3.4
ORD101435,2023-10-22,Clothing,Central,Corporate,Express,146.12,2,0.1,263.02,44.71,45.0,3.4
ORD101436,2023-12-15,Electronics,Central,Consumer,Express,1110.53,3,0.05,3165.01,253.2,53.0,3.6
ORD101437,2023-12-26,Beauty,West,Consumer,Same Day,54.97,4,0.2,175.9,24.63,49.0,5.0
ORD101438,2024-07-07,Clothing,East,Corporate,Same Day,45.94,4,0.0,183.76,45.94,45.0,4.3
ORD101439,2024-09-04,Electronics,South,Consumer,Express,130.29,1,0.0,130.29,15.63,63.0,3.5
ORD101440,2023-07-10,Beauty,East,Home Office,Express,113.81,2,0.15,193.48,34.83,28.0,3.7
ORD101441,2024-07-27,Home & Kitchen,Central,Corporate,Standard,223.74,1,0.0,223.74,40.27,47.0,5.0
ORD101442,2024-04-19,Books,West,Corporate,Standard,41.05,4,0.15,139.57,4.19,69.0,3.4
ORD101443,2023-02-26,Books,South,Consumer,Standard,34.05,4,0.05,129.39,14.23,18.0,3.2
ORD101444,2024-10-24,Sports,Central,Consumer,Standard,148.3,2,0.0,296.6,59.32,27.0,4.0
ORD101445,2023-04-06,Clothing,North,Consumer,Express,146.92,1,0.05,139.57,29.31,39.0,3.3
ORD101446,2023-07-01,Home & Kitchen,South,Corporate,Standard,131.34,6,0.05,748.64,104.81,59.0,5.0
ORD101447,2023-05-23,Electronics,West,Corporate,Standard,531.2,2,0.1,956.16,38.25,38.0,4.9
ORD101448,2024-11-28,Beauty,East,Corporate,Express,118.49,1,0.05,112.57,29.27,39.0,4.4
ORD101449,2024-04-26,Sports,West,Corporate,Standard,23.28,5,0.3,81.48,-3.26,49.0,4.7
ORD101450,2023-01-01,Electronics,East,Corporate,Express,935.63,7,0.0,6549.41,785.93,69.0,4.9
ORD101451,2023-05-04,Electronics,East,Consumer,Standard,792.36,4,0.0,3169.44,380.33,55.0,3.2
ORD101452,2024-12-25,Home & Kitchen,East,Consumer,Standard,146.87,6,0.05,837.16,117.2,36.0,4.2
ORD101453,2024-04-12,Books,East,Consumer,Same Day,29.88,5,0.3,104.58,-9.41,35.0,4.4
ORD101454,2023-01-05,Beauty,Central,Consumer,Standard,103.09,5,0.0,515.45,154.64,45.0,5.0
ORD101455,2024-12-08,Sports,West,Consumer,Standard,218.59,1,0.15000000000000002,185.8,14.86,49.0,3.6
ORD101456,2024-09-06,Clothing,South,Corporate,Standard,132.61,2,0.05,251.96,52.91,49.0,5.0
ORD101457,2023-07-22,Sports,East,Corporate,Same Day,217.45,7,0.05,1446.04,231.37,19.0,4.5
ORD101458,2023-09-07,Home & Kitchen,North,Consumer,Standard,90.38,5,0.15,384.11,23.05,29.0,3.2
ORD101459,2023-04-17,Books,South,Corporate,Standard,5.01,1,0.1,4.51,0.32,52.0,3.5
ORD101460,2024-12-27,Clothing,West,Home Office,Express,53.82,6,0.15000000000000002,274.48,35.68,41.0,3.4
ORD101461,2023-02-05,Beauty,North,Consumer,Same Day,47.96,6,0.0,287.76,86.33,53.0,4.7
ORD101462,2024-11-04,Clothing,East,Home Office,Standard,94.16,4,0.05,357.81,75.14,33.0,
ORD101463,2024-12-19,Beauty,West,Consumer,Standard,46.4,4,0.05,176.32,45.84,27.0,3.8
ORD101464,2023-06-12,Sports,East,Home Office,Standard,179.22,2,0.0,358.44,71.69,55.0,4.6
ORD101465,2023-02-15,Sports,South,Home Office,Standard,62.05,1,0.1,55.84,6.7,25.0,3.8
ORD101466,2023-11-13,Electronics,North,Consumer,Standard,658.64,5,0.1,2963.88,118.56,43.0,5.0
ORD101467,2024-06-07,Electronics,South,Corporate,Standard,207.29,6,0.1,1119.37,44.77,50.0,5.0
ORD101468,2024-11-26,Home & Kitchen,Central,Consumer,Same Day,239.05,4,0.05,908.39,127.17,69.0,3.5
ORD101469,2024-07-03,Electronics,South,Consumer,Express,479.24,2,0.05,910.56,72.84,18.0,3.6
ORD101470,2023-06-09,Clothing,West,Consumer,Standard,110.06,7,0.2,616.34,55.47,63.0,3.1
ORD101471,2023-01-09,Beauty,West,Consumer,Standard,66.4,2,0.1,119.52,26.29,56.0,5.0
ORD101472,2024-11-07,Clothing,South,Consumer,Express,23.05,5,0.05,109.49,22.99,23.0,4.9
ORD101473,2023-02-24,Electronics,West,Consumer,Same Day,826.02,2,0.0,1652.04,198.24,20.0,3.7
ORD101474,2023-12-26,Electronics,West,Consumer,Standard,603.72,4,0.1,2173.39,86.94,65.0,4.8
ORD101475,2023-03-29,Electronics,North,Home Office,Standard,1075.42,7,0.05,7151.54,572.12,43.0,2.6
ORD101476,2023-12-15,Electronics,South,Corporate,Standard,630.52,4,0.05,2395.98,191.68,38.0,4.0
ORD101477,2024-03-01,Clothing,South,Consumer,Standard,134.1,2,0.05,254.79,53.51,55.0,4.3
ORD101478,2023-06-22,Sports,East,Home Office,Standard,30.19,4,0.2,96.61,3.86,53.0,5.0
ORD101479,2024-03-06,Home & Kitchen,South,Consumer,Standard,29.36,5,0.15,124.78,7.49,24.0,4.1
ORD101480,2024-03-13,Clothing,West,Consumer,Same Day,115.02,5,0.1,517.59,87.99,52.0,5.0
ORD101481,2023-11-23,Home & Kitchen,South,Consumer,Standard,108.24,6,0.35,422.14,-42.21,37.0,3.3
ORD101482,2023-12-11,Home & Kitchen,South,Consumer,Standard,65.05,2,0.35,84.56,-8.46,22.0,
ORD101483,2024-05-22,Home & Kitchen,North,Corporate,Express,211.24,6,0.0,1267.44,228.14,67.0,3.5
ORD101484,2024-05-29,Clothing,Central,Corporate,Same Day,32.97,1,0.0,32.97,8.24,51.0,3.5
ORD101485,2023-08-28,Books,East,Corporate,Express,25.59,3,0.05,72.93,8.02,44.0,
ORD101486,2023-04-17,Sports,Central,Corporate,Standard,186.3,3,0.3,391.23,-15.65,38.0,5.0
ORD101487,2024-12-07,Clothing,North,Corporate,Standard,36.3,2,0.1,65.34,11.11,55.0,3.6
ORD101488,2023-12-21,Home & Kitchen,South,Consumer,Standard,33.97,4,0.05,129.09,18.07,38.0,4.8
ORD101489,2023-07-01,Electronics,East,Home Office,Standard,567.74,2,0.1,1021.93,40.88,,4.0
ORD101490,2023-02-23,Beauty,North,Consumer,Express,79.57,7,0.0,556.99,167.1,39.0,4.5
ORD101491,2023-03-17,Electronics,South,Home Office,Same Day,705.07,3,0.1,1903.69,76.15,25.0,4.1
ORD101492,2023-02-12,Electronics,North,Corporate,Standard,1049.4,6,0.1,5666.76,226.67,41.0,4.7
ORD101493,2024-09-21,Books,East,Corporate,Express,33.2,7,0.1,209.16,14.64,51.0,4.3
ORD101494,2024-03-30,Sports,East,Consumer,Express,87.97,7,0.05,585.0,93.6,60.0,3.6
ORD101495,2024-05-10,Electronics,South,Consumer,Standard,222.65,2,0.2,356.24,-14.25,18.0,5.0
ORD101496,2023-04-10,Electronics,East,Corporate,Standard,1108.88,4,0.1,3991.97,159.68,33.0,3.4
ORD101497,2024-02-18,Sports,Central,Consumer,Standard,96.32,3,0.0,288.96,57.79,67.0,5.0
ORD101498,2023-07-07,Books,West,Consumer,Standard,48.42,6,0.05,275.99,30.36,37.0,4.7
ORD101499,2023-05-13,Electronics,West,Consumer,Express,543.6,7,0.2,3044.16,-121.77,60.0,3.0
ORD101500,2023-03-30,Home & Kitchen,Central,Consumer,Express,85.44,6,0.0,512.64,92.28,68.0,5.0
ORD101501,2024-09-04,Sports,North,Corporate,Standard,227.09,6,0.05,1294.41,207.11,39.0,3.9
ORD101502,2023-03-18,Electronics,West,Corporate,Express,1078.74,3,0.0,3236.22,388.35,45.0,5.0
ORD101503,2023-06-29,Sports,South,Consumer,Express,61.83,2,0.05,117.48,18.8,63.0,3.1
ORD101504,2023-06-12,Beauty,East,Corporate,Standard,56.64,2,0.0,113.28,33.98,46.0,3.8
ORD101505,2023-04-28,Home & Kitchen,West,Corporate,Express,354.8,5,0.15,1507.9,90.47,65.0,3.9
ORD101506,2023-07-17,Books,West,Home Office,Standard,37.17,1,0.05,35.31,3.88,65.0,3.5
ORD101507,2024-06-07,Electronics,North,Consumer,Standard,725.46,2,0.0,1450.92,174.11,21.0,5.0
ORD101508,2024-07-27,Beauty,Central,Consumer,Standard,15.76,7,0.0,110.32,33.1,19.0,4.0
ORD101509,2023-01-16,Electronics,Central,Consumer,Same Day,383.92,2,0.1,691.06,27.64,66.0,3.6
ORD101510,2023-12-25,Books,North,Corporate,Standard,29.53,6,0.25,132.88,-6.64,47.0,5.0
ORD101511,2023-06-04,Electronics,East,Consumer,Standard,701.84,7,0.15,4175.95,0.0,52.0,3.0
ORD101512,2024-11-27,Clothing,South,Consumer,Standard,123.74,4,0.15000000000000002,420.72,54.69,66.0,4.4
ORD101513,2023-10-09,Sports,South,Corporate,Express,190.72,1,0.1,171.65,20.6,60.0,4.0
ORD101514,2024-08-21,Sports,Central,Consumer,Standard,140.24,2,0.3,196.34,-7.85,66.0,3.7
ORD101515,2024-12-11,Home & Kitchen,North,Home Office,Standard,213.36,2,0.1,384.05,38.4,35.0,4.0
ORD101516,2023-05-19,Beauty,West,Consumer,Express,88.61,2,0.05,168.36,43.77,25.0,4.0
ORD101517,2024-04-27,Clothing,North,Consumer,Standard,73.46,6,0.0,440.76,110.19,19.0,4.0
ORD101518,2024-03-30,Sports,South,Home Office,Standard,232.49,7,0.2,1301.94,52.08,49.0,4.2
ORD101519,2024-08-19,Books,East,Consumer,Express,31.43,6,0.2,150.86,-1.51,22.0,4.4
ORD101520,2024-09-06,Clothing,South,Consumer,Express,41.39,4,0.1,149.0,25.33,36.0,
ORD101521,2024-12-13,Electronics,Central,Consumer,Express,959.75,4,0.35,2495.35,-399.26,33.0,
ORD101522,2024-02-14,Electronics,North,Corporate,Standard,1058.87,4,0.05,4023.71,321.9,38.0,4.4
ORD101523,2024-03-11,Electronics,East,Consumer,Standard,449.66,7,0.2,2518.1,-100.72,69.0,4.9
ORD101524,2023-06-18,Clothing,West,Consumer,Standard,146.91,7,0.0,1028.37,257.09,27.0,5.0
ORD101525,2024-04-14,Books,West,Consumer,Standard,10.98,2,0.15,18.67,0.56,53.0,3.5
ORD101526,2024-07-05,Home & Kitchen,South,Consumer,Express,201.15,6,0.0,1206.9,217.24,44.0,4.1
ORD101527,2024-08-05,Electronics,West,Consumer,Express,258.39,1,0.2,206.71,-8.27,58.0,4.4
ORD101528,2023-01-30,Electronics,North,Consumer,Standard,589.8,1,0.3,412.86,-49.54,56.0,4.7
ORD101529,2024-07-13,Sports,North,Corporate,Same Day,78.91,6,0.15,402.44,32.2,51.0,
ORD101530,2024-07-27,Clothing,East,Consumer,Standard,62.36,4,0.0,249.44,62.36,18.0,3.5
ORD101531,2023-12-06,Beauty,West,Consumer,Standard,115.46,3,0.35,225.15,4.5,36.0,4.3
ORD101532,2024-04-10,Beauty,East,Corporate,Standard,77.6,4,0.15,263.84,47.49,62.0,3.6
ORD101533,2023-08-28,Sports,West,Corporate,Express,192.9,3,0.05,549.76,87.96,60.0,3.9
ORD101534,2024-09-09,Electronics,South,Consumer,Standard,913.45,5,0.0,4567.25,548.07,18.0,4.6
ORD101535,2024-06-06,Clothing,West,Corporate,Standard,96.27,1,0.0,96.27,24.07,54.0,4.9
ORD101536,2024-12-01,Electronics,West,Home Office,Standard,556.33,4,0.15000000000000002,1891.52,-0.0,20.0,3.3
ORD101537,2023-10-14,Clothing,South,Corporate,Standard,41.89,3,0.1,113.1,19.23,64.0,3.8
ORD101538,2024-10-11,Home & Kitchen,Central,Home Office,Same Day,271.96,3,0.15,693.5,41.61,24.0,4.5
ORD101539,2023-01-06,Electronics,West,Consumer,Standard,925.98,6,0.3,3889.12,-466.69,43.0,4.0
ORD101540,2024-02-03,Electronics,North,Consumer,Same Day,50.98,3,0.05,145.29,11.62,38.0,3.3
ORD101541,2023-01-16,Electronics,East,Consumer,Express,701.59,4,0.0,2806.36,336.76,62.0,3.3
ORD101542,2024-11-09,Clothing,East,Home Office,Standard,27.13,6,0.05,154.64,32.47,,
ORD101543,2024-06-26,Beauty,East,Consumer,Standard,66.79,7,0.15,397.4,71.53,25.0,4.7
ORD101544,2023-12-25,Sports,East,Home Office,Standard,245.09,5,0.15000000000000002,1041.63,83.33,32.0,4.4
ORD101545,2024-08-15,Clothing,North,Consumer,Standard,113.62,6,0.0,681.72,170.43,54.0,3.6
ORD101546,2024-05-17,Electronics,East,Consumer,Standard,700.48,3,0.0,2101.44,252.17,58.0,4.6
ORD101547,2023-03-09,Beauty,South,Home Office,Standard,38.62,1,0.0,38.62,11.59,44.0,4.7
ORD101548,2023-09-16,Beauty,East,Consumer,Standard,46.59,4,0.1,167.72,36.9,62.0,3.8
ORD101549,2023-01-30,Beauty,South,Consumer,Express,31.7,6,0.0,190.2,57.06,31.0,5.0
ORD101550,2024-06-11,Electronics,East,Consumer,Standard,987.56,6,0.15,5036.56,0.0,67.0,5.0
ORD101551,2024-07-10,Electronics,North,Corporate,Standard,374.76,5,0.1,1686.42,67.46,61.0,3.7
ORD101552,2023-01-01,Books,East,Corporate,Express,27.08,2,0.0,54.16,8.12,60.0,4.5
ORD101553,2024-01-20,Clothing,West,Consumer,Express,95.44,5,0.2,381.76,34.36,61.0,4.4
ORD101554,2024-01-20,Electronics,North,Corporate,Express,848.54,7,0.0,5939.78,712.77,29.0,3.4
ORD101555,2024-01-09,Electronics,West,Corporate,Express,228.36,1,0.05,216.94,17.36,23.0,2.5
ORD101556,2023-01-11,Books,East,Consumer,Same Day,15.52,3,0.0,46.56,6.98,46.0,3.6
ORD101557,2024-05-20,Electronics,West,Corporate,Standard,185.48,5,0.3,649.18,-77.9,33.0,3.6
ORD101558,2024-03-29,Home & Kitchen,North,Corporate,Standard,322.22,7,0.15,1917.21,115.03,36.0,3.7
ORD101559,2023-08-31,Clothing,Central,Consumer,Express,32.55,6,0.1,175.77,29.88,40.0,4.2
ORD101560,2023-02-20,Beauty,West,Consumer,Standard,17.7,2,0.1,31.86,7.01,25.0,3.7
ORD101561,2023-05-27,Home & Kitchen,South,Consumer,Express,369.92,2,0.0,739.84,133.17,29.0,3.6
ORD101562,2024-03-14,Home & Kitchen,North,Corporate,Standard,306.46,7,0.3,1501.65,-90.1,43.0,4.1
ORD101563,2024-06-27,Clothing,Central,Consumer,Express,135.51,1,0.05,128.73,27.03,65.0,3.4
ORD101564,2024-04-14,Clothing,North,Consumer,Standard,68.45,2,0.0,136.9,34.22,27.0,4.9
ORD101565,2023-03-14,Electronics,East,Corporate,Standard,72.0,3,0.3,151.2,-18.14,23.0,3.0
ORD101566,2024-11-16,Sports,East,Consumer,Standard,100.27,6,0.15000000000000002,511.38,40.91,64.0,4.1
ORD101567,2023-09-16,Clothing,South,Corporate,Standard,64.11,2,0.0,128.22,32.06,,
ORD101568,2023-01-15,Home & Kitchen,East,Corporate,Standard,374.73,1,0.0,374.73,67.45,49.0,5.0
ORD101569,2024-07-09,Home & Kitchen,North,Consumer,Same Day,257.62,5,0.05,1223.7,171.32,47.0,4.9
ORD101570,2023-05-21,Electronics,North,Consumer,Express,105.23,4,0.15,357.78,0.0,64.0,4.6
ORD101571,2024-03-09,Beauty,West,Consumer,Express,78.98,4,0.2,252.74,35.38,40.0,3.5
ORD101572,2023-01-15,Clothing,East,Corporate,Standard,149.09,5,0.05,708.18,148.72,69.0,5.0
ORD101573,2024-08-05,Books,East,Consumer,Standard,5.71,3,0.05,16.27,1.79,19.0,4.1
ORD101574,2023-05-28,Books,East,Corporate,Standard,45.12,7,0.0,315.84,47.38,20.0,4.1
ORD101575,2024-02-23,Electronics,South,Consumer,Express,1164.28,7,0.05,7742.46,619.4,52.0,4.2
ORD101576,2023-05-23,Clothing,South,Corporate,Standard,60.74,6,0.2,291.55,26.24,34.0,3.6
ORD101577,2024-01-23,Electronics,South,Corporate,Express,1025.99,3,0.1,2770.17,110.81,34.0,3.7
ORD101578,2023-11-28,Books,South,Home Office,Standard,39.79,1,0.1,35.81,2.51,66.0,4.1
ORD101579,2024-09-05,Home & Kitchen,Central,Consumer,Standard,249.06,2,0.2,398.5,7.97,23.0,3.9
ORD101580,2023-04-18,Sports,West,Consumer,Standard,143.69,5,0.05,682.53,109.2,54.0,4.0
ORD101581,2023-05-18,Home & Kitchen,West,Consumer,Standard,147.81,5,0.05,702.1,98.29,19.0,3.2
ORD101582,2024-09-27,Electronics,North,Corporate,Standard,881.24,6,0.15,4494.32,0.0,50.0,3.7
ORD101583,2023-12-21,Clothing,Central,Home Office,Express,27.8,4,0.25,83.4,4.17,28.0,4.0
ORD101584,2023-06-02,Home & Kitchen,West,Corporate,Express,161.71,5,0.1,727.7,72.77,20.0,4.6
ORD101585,2024-07-10,Books,North,Corporate,Same Day,13.62,7,0.05,90.57,9.96,57.0,4.1
ORD101586,2024-12-29,Electronics,Central,Corporate,Standard,1198.53,6,0.2,5752.94,-230.12,41.0,3.8
ORD101587,2023-05-15,Sports,South,Consumer,Standard,184.69,5,0.0,923.45,184.69,32.0,4.3
ORD101588,2023-07-14,Home & Kitchen,South,Consumer,Standard,140.77,3,0.0,422.31,76.02,19.0,3.3
ORD101589,2023-07-08,Sports,North,Consumer,Standard,188.19,1,0.05,178.78,28.6,50.0,3.6
ORD101590,2023-09-27,Clothing,East,Corporate,Standard,122.34,4,0.05,464.89,97.63,45.0,4.9
ORD101591,2024-03-03,Books,South,Corporate,Standard,11.48,1,0.05,10.91,1.2,48.0,4.9
ORD101592,2024-04-28,Books,West,Consumer,Standard,14.39,3,0.05,41.01,4.51,21.0,5.0
ORD101593,2024-01-28,Clothing,East,Consumer,Standard,123.11,6,0.0,738.66,184.66,67.0,3.8
ORD101594,2023-05-03,Home & Kitchen,South,Consumer,Standard,124.64,7,0.0,872.48,157.05,50.0,4.0
ORD101595,2023-08-02,Electronics,North,Consumer,Standard,1105.17,3,0.15,2818.18,0.0,64.0,4.9
ORD101596,2024-09-30,Electronics,Central,Consumer,Standard,863.05,1,0.1,776.74,31.07,29.0,
ORD101597,2024-07-25,Books,West,Consumer,Standard,41.41,4,0.05,157.36,17.31,52.0,3.4
ORD101598,2024-07-01,Electronics,South,Corporate,Standard,261.21,5,0.05,1240.75,99.26,49.0,4.3
ORD101599,2024-12-17,Home & Kitchen,South,Corporate,Same Day,345.72,3,0.1,933.44,93.34,21.0,3.0
ORD101600,2023-01-16,Books,Central,Corporate,Standard,9.95,6,0.0,59.7,8.96,42.0,4.6
ORD101601,2024-05-13,Sports,North,Corporate,Express,177.02,5,0.05,840.84,134.53,22.0,4.2
ORD101602,2024-10-03,Sports,South,Corporate,Standard,78.87,1,0.0,78.87,15.77,52.0,4.8
ORD101603,2024-09-10,Electronics,South,Home Office,Express,422.74,1,0.05,401.6,32.13,45.0,3.6
ORD101604,2023-06-10,Home & Kitchen,Central,Consumer,Express,359.15,3,0.0,1077.45,193.94,62.0,4.1
ORD101605,2023-07-01,Sports,Central,Consumer,Standard,281.11,5,0.1,1265.0,151.8,40.0,3.8
ORD101606,2024-11-10,Clothing,West,Consumer,Express,17.69,1,0.2,14.15,1.27,42.0,5.0
ORD101607,2023-03-28,Electronics,East,Consumer,Express,487.76,2,0.0,975.52,117.06,25.0,3.6
ORD101608,2023-03-25,Sports,Central,Corporate,Standard,189.23,6,0.15,965.07,77.21,36.0,5.0
ORD101609,2024-05-28,Sports,East,Corporate,Express,175.31,1,0.15,149.01,11.92,40.0,2.6
ORD101610,2024-03-26,Sports,South,Consumer,Standard,114.1,4,0.05,433.58,69.37,40.0,3.0
ORD101611,2023-06-04,Electronics,North,Corporate,Standard,569.89,7,0.05,3789.77,303.18,50.0,2.5
ORD101612,2023-10-07,Home & Kitchen,North,Corporate,Standard,299.34,6,0.0,1796.04,323.29,49.0,
ORD101613,2024-12-14,Books,West,Home Office,Standard,15.42,2,0.15000000000000002,26.21,0.79,57.0,3.8
ORD101614,2024-09-24,Sports,South,Home Office,Standard,50.56,7,0.0,353.92,70.78,28.0,4.5
ORD101615,2024-09-16,Clothing,Central,Consumer,Express,52.66,2,0.0,105.32,26.33,46.0,4.7
ORD101616,2023-12-14,Home & Kitchen,West,Home Office,Express,210.49,4,0.05,799.86,111.98,19.0,5.0
ORD101617,2024-07-23,Electronics,West,Consumer,Same Day,1192.77,2,0.1,2146.99,85.88,21.0,
ORD101618,2024-03-20,Home & Kitchen,East,Consumer,Express,301.88,5,0.2,1207.52,24.15,46.0,3.5
ORD101619,2023-06-12,Electronics,Central,Corporate,Express,963.09,7,0.1,6067.47,242.7,18.0,4.4
ORD101620,2023-09-01,Beauty,Central,Consumer,Express,74.86,5,0.2,299.44,41.92,62.0,3.8
ORD101621,2024-10-07,Electronics,South,Home Office,Standard,933.29,5,0.0,4666.45,559.97,33.0,2.5
ORD101622,2024-11-14,Clothing,East,Consumer,Standard,143.12,1,0.05,135.96,28.55,46.0,
ORD101623,2023-05-26,Home & Kitchen,North,Consumer,Standard,76.39,5,0.15,324.66,19.48,51.0,4.3
ORD101624,2023-10-01,Home & Kitchen,West,Consumer,Express,332.5,6,0.1,1795.5,179.55,38.0,2.8
ORD101625,2023-10-08,Electronics,East,Corporate,Standard,956.24,3,0.05,2725.28,218.02,18.0,5.0
ORD101626,2024-11-20,Electronics,Central,Home Office,Standard,435.47,6,0.15000000000000002,2220.9,-0.0,38.0,4.7
ORD101627,2024-10-13,Home & Kitchen,West,Corporate,Express,181.54,6,0.0,1089.24,196.06,34.0,
ORD101628,2023-01-13,Beauty,West,Corporate,Express,95.07,2,0.1,171.13,37.65,56.0,3.0
ORD101629,2024-01-02,Electronics,North,Home Office,Same Day,367.84,7,0.1,2317.39,92.7,55.0,4.4
ORD101630,2023-08-07,Electronics,North,Consumer,Standard,125.54,3,0.1,338.96,13.56,45.0,5.0
ORD101631,2023-08-27,Home & Kitchen,East,Corporate,Express,273.21,3,0.0,819.63,147.53,45.0,3.2
ORD101632,2023-04-11,Clothing,North,Corporate,Standard,37.2,1,0.15,31.62,4.11,67.0,3.6
ORD101633,2024-09-24,Electronics,North,Consumer,Standard,716.88,1,0.0,716.88,86.03,38.0,4.6
ORD101634,2024-02-17,Beauty,West,Consumer,Standard,72.85,6,0.0,437.1,131.13,50.0,3.3
ORD101635,2024-02-01,Clothing,Central,Consumer,Standard,118.8,2,0.0,237.6,59.4,24.0,5.0
ORD101636,2023-07-23,Electronics,North,Consumer,Standard,822.03,3,0.0,2466.09,295.93,67.0,2.0
ORD101637,2023-07-18,Sports,South,Consumer,Standard,78.21,4,0.2,250.27,10.01,59.0,3.5
ORD101638,2024-08-04,Home & Kitchen,West,Corporate,Express,72.38,3,0.0,217.14,39.09,51.0,4.1
ORD101639,2024-08-01,Clothing,West,Corporate,Standard,15.62,5,0.05,74.19,15.58,41.0,3.4
ORD101640,2023-10-13,Electronics,West,Consumer,Express,684.26,2,0.0,1368.52,164.22,68.0,3.9
ORD101641,2023-07-21,Books,East,Consumer,Standard,52.25,5,0.0,261.25,39.19,45.0,4.0
ORD101642,2023-11-14,Sports,West,Consumer,Standard,210.81,4,0.05,801.08,128.17,46.0,4.8
ORD101643,2024-11-06,Clothing,East,Consumer,Standard,114.2,1,0.1,102.78,17.47,28.0,2.8
ORD101644,2023-04-25,Electronics,West,Corporate,Express,445.13,1,0.05,422.87,33.83,58.0,4.9
ORD101645,2023-06-10,Clothing,Central,Corporate,Same Day,18.84,6,0.1,101.74,17.3,30.0,3.6
ORD101646,2023-07-24,Home & Kitchen,West,Consumer,Same Day,249.34,1,0.0,249.34,44.88,31.0,3.5
ORD101647,2024-09-16,Books,East,Home Office,Standard,59.4,2,0.0,118.8,17.82,18.0,4.5
ORD101648,2024-06-07,Home & Kitchen,North,Corporate,Standard,19.01,6,0.05,108.36,15.17,62.0,2.5
ORD101649,2023-05-29,Electronics,South,Consumer,Express,481.77,4,0.1,1734.37,69.37,,4.1
ORD101650,2023-01-03,Electronics,North,Home Office,Standard,796.46,5,0.15,3384.96,0.0,37.0,4.3
ORD101651,2024-12-29,Sports,Central,Home Office,Standard,250.99,6,0.05,1430.64,228.9,34.0,5.0
ORD101652,2023-08-12,Books,South,Consumer,Standard,25.58,4,0.1,92.09,6.45,38.0,
ORD101653,2024-07-22,Home & Kitchen,South,Corporate,Standard,74.24,6,0.1,400.9,40.09,65.0,4.8
ORD101654,2023-01-23,Clothing,North,Consumer,Standard,88.26,5,0.15,375.1,48.76,57.0,3.7
ORD101655,2024-04-03,Clothing,West,Home Office,Standard,145.08,3,0.05,413.48,86.83,38.0,3.6
ORD101656,2023-10-08,Electronics,West,Home Office,Express,779.7,4,0.2,2495.04,-99.8,32.0,5.0
ORD101657,2023-12-22,Clothing,Central,Home Office,Express,85.23,2,0.2,136.37,12.27,54.0,2.9
ORD101658,2023-02-15,Books,Central,Corporate,Standard,16.18,2,0.2,25.89,-0.26,67.0,4.2
ORD101659,2023-03-12,Clothing,West,Consumer,Express,117.78,7,0.3,577.12,5.77,63.0,4.1
ORD101660,2023-10-28,Home & Kitchen,West,Consumer,Express,179.14,2,0.1,322.45,32.24,25.0,3.6
ORD101661,2024-08-25,Sports,South,Home Office,Standard,65.38,3,0.1,176.53,21.18,50.0,3.9
ORD101662,2024-01-08,Books,East,Consumer,Express,21.11,6,0.0,126.66,19.0,47.0,5.0
ORD101663,2023-06-30,Home & Kitchen,South,Home Office,Standard,354.56,1,0.1,319.1,31.91,47.0,4.4
ORD101664,2023-04-07,Home & Kitchen,South,Home Office,Standard,363.46,3,0.0,1090.38,196.27,37.0,4.4
ORD101665,2023-04-14,Sports,East,Home Office,Express,182.13,7,0.0,1274.91,254.98,42.0,4.5
ORD101666,2023-04-05,Books,East,Home Office,Standard,40.29,4,0.15,136.99,4.11,67.0,2.9
ORD101667,2023-12-23,Electronics,South,Consumer,Express,898.61,4,0.05,3414.72,273.18,61.0,3.1
ORD101668,2024-05-17,Clothing,East,Consumer,Express,55.52,5,0.05,263.72,55.38,24.0,5.0
ORD101669,2024-01-18,Home & Kitchen,South,Corporate,Express,205.39,3,0.2,492.94,9.86,39.0,5.0
ORD101670,2024-11-18,Clothing,East,Home Office,Express,25.48,7,0.35,115.93,-3.48,32.0,3.7
ORD101671,2024-03-23,Clothing,East,Corporate,Standard,125.81,6,0.05,717.12,150.6,27.0,4.8
ORD101672,2023-06-19,Books,Central,Consumer,Standard,17.31,7,0.1,109.05,7.63,30.0,4.6
ORD101673,2023-09-17,Beauty,East,Home Office,Standard,113.49,4,0.0,453.96,136.19,42.0,4.6
ORD101674,2024-01-29,Sports,Central,Home Office,Standard,297.47,4,0.1,1070.89,128.51,34.0,4.4
ORD101675,2024-10-08,Beauty,North,Corporate,Express,15.53,5,0.15,66.0,11.88,37.0,3.7
ORD101676,2024-10-24,Clothing,East,Corporate,Express,82.17,6,0.15,419.07,54.48,,2.9
ORD101677,2023-07-05,Beauty,South,Corporate,Standard,49.34,7,0.0,345.38,103.61,58.0,4.4
ORD101678,2024-07-16,Books,Central,Corporate,Standard,44.23,5,0.0,221.15,33.17,31.0,4.0
ORD101679,2023-07-09,Beauty,East,Home Office,Standard,107.24,3,0.0,321.72,96.52,22.0,4.0
ORD101680,2024-04-23,Sports,West,Consumer,Standard,274.37,6,0.05,1563.91,250.23,23.0,4.2
ORD101681,2023-10-21,Home & Kitchen,West,Consumer,Same Day,242.36,5,0.0,1211.8,218.12,50.0,4.5
ORD101682,2023-03-27,Beauty,East,Consumer,Express,102.02,7,0.15,607.02,109.26,65.0,2.7
ORD101683,2023-06-04,Beauty,West,Corporate,Standard,27.14,1,0.0,27.14,8.14,44.0,4.6
ORD101684,2023-05-08,Beauty,South,Consumer,Standard,106.58,1,0.05,101.25,26.32,47.0,5.0
ORD101685,2024-05-28,Clothing,South,Corporate,Standard,21.31,6,0.0,127.86,31.96,59.0,4.7
ORD101686,2024-05-16,Electronics,West,Corporate,Same Day,340.08,4,0.2,1088.26,-43.53,58.0,3.7
ORD101687,2024-01-20,Clothing,South,Home Office,Express,96.53,1,0.05,91.7,19.26,66.0,3.5
ORD101688,2023-03-09,Clothing,West,Corporate,Standard,103.68,1,0.1,93.31,15.86,65.0,5.0
ORD101689,2023-08-31,Home & Kitchen,Central,Consumer,Standard,296.53,7,0.0,2075.71,373.63,32.0,4.8
ORD101690,2023-02-06,Books,South,Home Office,Standard,6.84,6,0.0,41.04,6.16,39.0,4.6
ORD101691,2023-10-26,Electronics,South,Consumer,Standard,853.83,4,0.05,3244.55,259.56,30.0,2.7
ORD101692,2023-01-16,Books,West,Consumer,Standard,54.8,5,0.0,274.0,41.1,59.0,3.7
ORD101693,2023-12-08,Electronics,South,Consumer,Standard,673.52,1,0.1,606.17,24.25,48.0,3.5
ORD101694,2023-08-19,Beauty,West,Consumer,Express,61.84,1,0.0,61.84,18.55,52.0,4.6
ORD101695,2024-11-09,Home & Kitchen,East,Home Office,Express,282.29,2,0.15000000000000002,479.89,28.79,30.0,3.7
ORD101696,2023-08-31,Home & Kitchen,North,Corporate,Standard,111.44,7,0.1,702.07,70.21,50.0,4.2
ORD101697,2023-07-03,Home & Kitchen,South,Consumer,Express,361.31,6,0.2,1734.29,34.69,69.0,3.8
ORD101698,2023-09-03,Electronics,South,Home Office,Standard,1183.22,4,0.1,4259.59,170.38,60.0,4.5
ORD101699,2024-08-27,Books,South,Home Office,Standard,49.78,2,0.2,79.65,-0.8,54.0,4.1
ORD101700,2023-04-14,Clothing,South,Consumer,Standard,138.63,4,0.05,526.79,110.63,20.0,4.3
ORD101701,2023-04-06,Sports,East,Corporate,Standard,10.18,4,0.05,38.68,6.19,19.0,3.6
ORD101702,2023-06-18,Books,South,Home Office,Standard,31.41,2,0.0,62.82,9.42,54.0,3.5
ORD101703,2024-10-12,Clothing,East,Corporate,Standard,130.21,2,0.05,247.4,51.95,49.0,3.4
ORD101704,2023-10-22,Electronics,West,Corporate,Standard,139.04,5,0.3,486.64,-58.4,,3.8
ORD101705,2024-10-01,Books,Central,Consumer,Standard,59.24,3,0.0,177.72,26.66,37.0,2.9
ORD101706,2024-12-02,Sports,East,Home Office,Standard,105.06,7,0.05,698.65,111.78,54.0,3.3
ORD101707,2024-02-20,Beauty,East,Home Office,Same Day,116.89,5,0.0,584.45,175.34,40.0,5.0
ORD101708,2024-08-16,Sports,North,Corporate,Express,83.47,7,0.2,467.43,18.7,61.0,
ORD101709,2023-08-08,Electronics,North,Consumer,Standard,185.93,7,0.1,1171.36,46.85,25.0,5.0
ORD101710,2023-02-28,Books,Central,Consumer,Standard,51.9,3,0.0,155.7,23.35,68.0,3.5
ORD101711,2024-03-27,Electronics,North,Consumer,Express,280.42,5,0.0,1402.1,168.25,61.0,4.3
ORD101712,2023-10-30,Clothing,South,Corporate,Standard,139.65,4,0.05,530.67,111.44,69.0,2.9
ORD101713,2023-01-28,Home & Kitchen,South,Consumer,Standard,153.56,2,0.1,276.41,27.64,59.0,3.8
ORD101714,2024-04-14,Electronics,West,Corporate,Express,1014.93,7,0.1,6394.06,255.76,18.0,3.5
ORD101715,2024-01-22,Books,South,Corporate,Standard,38.99,3,0.1,105.27,7.37,42.0,2.3
ORD101716,2024-08-15,Books,West,Corporate,Standard,15.41,2,0.2,24.66,-0.25,28.0,3.3
ORD101717,2024-03-22,Clothing,Central,Consumer,Standard,37.66,3,0.0,112.98,28.24,57.0,5.0
ORD101718,2023-12-03,Electronics,South,Consumer,Standard,994.49,1,0.25,745.87,-59.67,50.0,3.9
ORD101719,2023-09-10,Books,South,Corporate,Standard,23.46,7,0.15,139.59,4.19,34.0,4.4
ORD101720,2023-04-27,Beauty,West,Consumer,Express,56.81,3,0.1,153.39,33.75,36.0,4.5
ORD101721,2023-01-31,Electronics,Central,Consumer,Standard,913.73,5,0.15,3883.35,0.0,64.0,4.9
ORD101722,2023-06-04,Sports,Central,Consumer,Same Day,20.27,5,0.05,96.28,15.4,43.0,5.0
ORD101723,2023-02-12,Electronics,South,Home Office,Express,304.05,2,0.05,577.7,46.22,21.0,2.9
ORD101724,2023-12-02,Clothing,North,Consumer,Standard,111.71,7,0.25,586.48,29.32,69.0,5.0
ORD101725,2024-09-25,Books,East,Corporate,Standard,39.45,7,0.0,276.15,41.42,27.0,4.6
ORD101726,2024-02-03,Beauty,North,Consumer,Standard,51.35,1,0.1,46.22,10.17,41.0,5.0
ORD101727,2024-12-26,Electronics,South,Consumer,Standard,1109.57,5,0.1,4993.06,199.72,51.0,4.7
ORD101728,2024-06-01,Electronics,North,Corporate,Standard,534.76,4,0.0,2139.04,256.68,44.0,3.2
ORD101729,2023-01-27,Electronics,East,Corporate,Standard,1015.31,5,0.05,4822.72,385.82,50.0,3.7
ORD101730,2023-10-24,Clothing,West,Home Office,Same Day,32.84,5,0.05,155.99,32.76,66.0,3.2
ORD101731,2024-11-12,Beauty,North,Consumer,Express,70.12,6,0.1,378.65,83.3,24.0,2.9
ORD101732,2023-11-10,Beauty,South,Consumer,Standard,36.69,4,0.25,110.07,11.01,24.0,3.7
ORD101733,2024-12-20,Home & Kitchen,Central,Corporate,Express,317.75,7,0.1,2001.82,200.18,51.0,5.0
ORD101734,2023-03-15,Sports,North,Consumer,Standard,125.52,1,0.0,125.52,25.1,32.0,3.9
ORD101735,2024-05-17,Clothing,East,Home Office,Standard,68.09,3,0.3,142.99,1.43,61.0,4.6
ORD101736,2024-08-01,Books,South,Corporate,Express,34.41,2,0.0,68.82,10.32,66.0,4.3
ORD101737,2023-07-15,Books,North,Home Office,Express,22.61,1,0.05,21.48,2.36,65.0,5.0
ORD101738,2024-10-08,Home & Kitchen,Central,Corporate,Express,311.09,2,0.05,591.07,82.75,63.0,5.0
ORD101739,2023-02-18,Home & Kitchen,North,Home Office,Standard,348.71,4,0.1,1255.36,125.54,,4.1
ORD101740,2024-07-24,Home & Kitchen,South,Consumer,Same Day,86.13,7,0.05,572.76,80.19,45.0,
ORD101741,2023-02-23,Clothing,East,Consumer,Same Day,142.88,7,0.05,950.15,199.53,60.0,3.7
ORD101742,2023-06-10,Electronics,West,Home Office,Standard,718.27,6,0.1,3878.66,155.15,45.0,4.7
ORD101743,2023-08-08,Clothing,South,Corporate,Standard,64.94,5,0.1,292.23,49.68,40.0,
ORD101744,2023-12-14,Electronics,West,Consumer,Express,759.81,4,0.2,2431.39,-97.26,18.0,2.8
ORD101745,2024-08-21,Sports,South,Consumer,Standard,167.74,1,0.0,167.74,33.55,56.0,2.8
ORD101746,2024-04-03,Clothing,North,Corporate,Same Day,42.53,2,0.0,85.06,21.26,22.0,2.8
ORD101747,2024-06-20,Home & Kitchen,Central,Corporate,Standard,147.13,7,0.2,823.93,16.48,46.0,4.2
ORD101748,2023-01-11,Clothing,East,Consumer,Standard,10.14,6,0.05,57.8,12.14,24.0,3.8
ORD101749,2024-11-04,Books,West,Home Office,Standard,17.11,5,0.1,77.0,5.39,58.0,3.5
ORD101750,2024-11-14,Electronics,North,Corporate,Standard,925.46,5,0.15000000000000002,3933.2,-0.0,48.0,5.0
ORD101751,2024-10-10,Beauty,South,Consumer,Same Day,70.75,3,0.0,212.25,63.68,28.0,4.8
ORD101752,2023-04-29,Clothing,Central,Corporate,Standard,11.5,5,0.15,48.88,6.35,57.0,5.0
ORD101753,2024-07-08,Sports,South,Corporate,Express,251.0,1,0.0,251.0,50.2,64.0,4.1
ORD101754,2023-06-19,Sports,Central,Consumer,Express,93.84,6,0.15,478.58,38.29,63.0,3.8
ORD101755,2024-12-14,Books,East,Corporate,Standard,9.76,3,0.05,27.82,3.06,33.0,3.9
ORD101756,2023-03-19,Books,South,Home Office,Standard,34.58,1,0.05,32.85,3.61,48.0,3.8
ORD101757,2023-10-28,Books,East,Consumer,Express,59.02,4,0.1,212.47,14.87,20.0,3.7
ORD101758,2023-09-19,Clothing,West,Consumer,Express,50.44,2,0.0,100.88,25.22,37.0,2.6
ORD101759,2023-12-17,Home & Kitchen,South,Consumer,Same Day,232.7,4,0.1,837.72,83.77,26.0,4.3
ORD101760,2023-11-28,Clothing,East,Consumer,Standard,66.77,2,0.05,126.86,26.64,41.0,5.0
ORD101761,2023-06-29,Beauty,East,Consumer,Standard,60.47,3,0.3,126.99,7.62,46.0,4.0
ORD101762,2023-06-01,Electronics,West,Consumer,Express,468.45,5,0.0,2342.25,281.07,54.0,4.3
ORD101763,2024-04-14,Electronics,South,Consumer,Express,206.44,7,0.0,1445.08,173.41,,
ORD101764,2024-07-31,Electronics,Central,Home Office,Standard,758.93,1,0.05,720.98,57.68,55.0,2.3
ORD101765,2024-10-28,Sports,Central,Consumer,Same Day,284.21,6,0.0,1705.26,341.05,29.0,3.2
ORD101766,2024-02-18,Electronics,East,Consumer,Express,670.98,4,0.05,2549.72,203.98,31.0,4.4
ORD101767,2024-06-23,Electronics,East,Consumer,Standard,171.6,7,0.05,1141.14,91.29,24.0,5.0
ORD101768,2023-01-21,Clothing,South,Home Office,Standard,145.02,3,0.0,435.06,108.76,31.0,4.6
ORD101769,2024-11-18,Home & Kitchen,East,Corporate,Express,160.39,5,0.1,721.76,72.18,49.0,4.8
ORD101770,2023-03-13,Books,Central,Corporate,Same Day,39.97,4,0.05,151.89,16.71,19.0,4.3
ORD101771,2023-11-28,Clothing,South,Consumer,Standard,57.85,1,0.25,43.39,2.17,28.0,4.1
ORD101772,2023-06-08,Clothing,North,Corporate,Standard,133.17,2,0.0,266.34,66.58,46.0,3.7
ORD101773,2024-08-09,Clothing,East,Consumer,Express,48.55,6,0.1,262.17,44.57,39.0,4.6
ORD101774,2024-03-11,Sports,South,Corporate,Standard,55.3,6,0.0,331.8,66.36,36.0,3.4
ORD101775,2024-11-07,Clothing,Central,Consumer,Standard,93.6,1,0.15000000000000002,79.56,10.34,19.0,
ORD101776,2023-08-17,Home & Kitchen,North,Home Office,Express,127.62,2,0.1,229.72,22.97,40.0,3.9
ORD101777,2023-09-14,Clothing,Central,Consumer,Standard,104.14,3,0.2,249.94,22.49,47.0,4.6
ORD101778,2024-04-30,Beauty,West,Corporate,Same Day,31.72,3,0.0,95.16,28.55,24.0,4.1
ORD101779,2023-04-02,Electronics,North,Corporate,Standard,1141.23,5,0.0,5706.15,684.74,67.0,4.3
ORD101780,2024-10-28,Home & Kitchen,South,Corporate,Standard,339.37,4,0.1,1221.73,122.17,69.0,4.8
ORD101781,2024-07-16,Books,South,Consumer,Express,39.12,7,0.05,260.15,28.62,46.0,3.9
ORD101782,2024-06-12,Electronics,North,Corporate,Standard,1142.46,1,0.0,1142.46,137.1,51.0,4.4
ORD101783,2023-01-17,Clothing,South,Home Office,Standard,102.5,3,0.1,276.75,47.05,22.0,3.2
ORD101784,2023-10-22,Clothing,East,Home Office,Standard,40.4,3,0.0,121.2,30.3,24.0,4.0
ORD101785,2023-01-12,Beauty,West,Consumer,Standard,86.62,3,0.0,259.86,77.96,66.0,3.4
ORD101786,2024-12-08,Electronics,East,Consumer,Standard,1108.22,5,0.15000000000000002,4709.94,-0.0,69.0,5.0
ORD101787,2024-05-31,Beauty,South,Corporate,Express,33.43,6,0.1,180.52,39.71,63.0,3.8
ORD101788,2024-02-15,Home & Kitchen,Central,Corporate,Standard,221.6,4,0.1,797.76,79.78,21.0,5.0
ORD101789,2024-04-25,Electronics,East,Corporate,Standard,638.18,5,0.05,3031.35,242.51,30.0,1.9
ORD101790,2023-11-15,Books,Central,Consumer,Standard,45.6,5,0.05,216.6,23.83,61.0,4.9
ORD101791,2024-12-19,Electronics,South,Home Office,Same Day,130.63,4,0.1,470.27,18.81,58.0,3.7
ORD101792,2023-05-08,Books,West,Home Office,Standard,23.84,1,0.15,20.26,0.61,34.0,4.9
ORD101793,2024-12-31,Clothing,South,Consumer,Express,35.83,5,0.05,170.19,35.74,39.0,4.1
ORD101794,2023-08-23,Books,West,Consumer,Express,26.57,3,0.0,79.71,11.96,58.0,
ORD101795,2024-04-21,Clothing,South,Corporate,Standard,63.96,4,0.0,255.84,63.96,59.0,3.6
ORD101796,2023-08-19,Home & Kitchen,South,Corporate,Standard,305.95,4,0.1,1101.42,110.14,36.0,3.5
ORD101797,2023-11-06,Books,South,Consumer,Express,22.25,7,0.25,116.81,-5.84,28.0,
ORD101798,2023-05-12,Beauty,Central,Corporate,Express,107.98,3,0.0,323.94,97.18,69.0,4.6
ORD101799,2023-06-24,Beauty,Central,Consumer,Standard,78.56,1,0.0,78.56,23.57,28.0,3.4
ORD101800,2024-06-27,Electronics,South,Corporate,Standard,284.09,4,0.15,965.91,0.0,42.0,2.8
ORD101801,2023-03-20,Home & Kitchen,North,Consumer,Standard,207.33,4,0.2,663.46,13.27,51.0,4.1
ORD101802,2023-01-06,Electronics,East,Consumer,Same Day,1043.99,2,0.15,1774.78,0.0,40.0,4.8
ORD101803,2023-05-06,Beauty,East,Corporate,Same Day,39.52,3,0.1,106.7,23.47,47.0,2.9
ORD101804,2023-09-28,Electronics,West,Home Office,Standard,520.95,2,0.3,729.33,-87.52,39.0,5.0
ORD101805,2023-11-07,Sports,Central,Home Office,Standard,106.72,6,0.05,608.3,97.33,21.0,2.4
ORD101806,2024-11-25,Beauty,Central,Home Office,Express,102.19,6,0.15000000000000002,521.17,93.81,27.0,3.1
ORD101807,2024-12-23,Books,South,Consumer,Standard,38.75,2,0.15000000000000002,65.88,1.98,65.0,4.7
ORD101808,2024-03-04,Beauty,South,Consumer,Standard,97.82,3,0.0,293.46,88.04,27.0,3.8
ORD101809,2024-05-29,Electronics,South,Home Office,Standard,551.84,5,0.2,2207.36,-88.29,45.0,3.3
ORD101810,2024-02-29,Home & Kitchen,North,Corporate,Express,219.09,4,0.1,788.72,78.87,47.0,5.0
ORD101811,2023-02-11,Beauty,Central,Consumer,Standard,61.06,3,0.1,164.86,36.27,52.0,3.9
ORD101812,2023-03-24,Electronics,South,Consumer,Standard,447.26,4,0.15,1520.68,0.0,44.0,5.0
ORD101813,2024-03-19,Electronics,Central,Consumer,Express,509.1,4,0.0,2036.4,244.37,36.0,3.9
ORD101814,2024-05-15,Clothing,West,Corporate,Standard,12.0,3,0.2,28.8,2.59,62.0,3.3
ORD101815,2024-06-19,Clothing,North,Consumer,Standard,27.0,5,0.05,128.25,26.93,42.0,3.8
ORD101816,2023-08-16,Beauty,East,Consumer,Express,63.7,5,0.05,302.58,78.67,35.0,4.7
ORD101817,2024-01-21,Home & Kitchen,South,Consumer,Standard,103.62,7,0.15,616.54,36.99,30.0,4.1
ORD101818,2024-04-08,Beauty,North,Corporate,Express,59.37,5,0.2,237.48,33.25,66.0,4.7
ORD101819,2023-08-05,Clothing,South,Home Office,Express,123.95,2,0.2,198.32,17.85,42.0,4.8
ORD101820,2024-02-12,Clothing,South,Consumer,Standard,148.35,4,0.0,593.4,148.35,47.0,4.3
ORD101821,2023-05-25,Beauty,South,Consumer,Standard,114.15,3,0.05,325.33,84.59,39.0,4.1
ORD101822,2024-02-19,Clothing,East,Consumer,Standard,107.74,4,0.0,430.96,107.74,30.0,3.0
ORD101823,2024-02-19,Sports,West,Corporate,Standard,10.53,5,0.15,44.75,3.58,44.0,3.4
ORD101824,2023-01-30,Sports,South,Consumer,Standard,263.27,7,0.1,1658.6,199.03,64.0,4.1
ORD101825,2023-02-22,Clothing,East,Home Office,Express,74.45,3,0.1,201.02,34.17,23.0,4.6
ORD101826,2023-05-17,Sports,North,Corporate,Same Day,158.42,4,0.0,633.68,126.74,23.0,3.6
ORD101827,2024-01-19,Beauty,South,Corporate,Standard,39.56,4,0.0,158.24,47.47,59.0,2.5
ORD101828,2023-06-16,Home & Kitchen,Central,Consumer,Standard,23.78,6,0.15,121.28,7.28,31.0,4.7
ORD101829,2023-01-17,Sports,West,Consumer,Standard,42.8,1,0.1,38.52,4.62,20.0,3.5
ORD101830,2024-05-08,Home & Kitchen,East,Corporate,Standard,320.67,6,0.05,1827.82,255.89,56.0,5.0
ORD101831,2023-04-14,Home & Kitchen,South,Corporate,Express,194.66,7,0.2,1090.1,21.8,30.0,3.8
ORD101832,2023-09-06,Home & Kitchen,East,Consumer,Standard,253.05,7,0.0,1771.35,318.84,57.0,4.6
ORD101833,2024-05-27,Electronics,North,Consumer,Same Day,1038.5,4,0.0,4154.0,498.48,19.0,4.6
ORD101834,2024-04-17,Home & Kitchen,South,Home Office,Express,128.77,2,0.05,244.66,34.25,37.0,
ORD101835,2023-05-30,Electronics,North,Consumer,Standard,977.63,3,0.1,2639.6,105.58,27.0,4.8
ORD101836,2023-05-31,Electronics,Central,Consumer,Express,415.71,4,0.15,1413.41,0.0,29.0,4.6
ORD101837,2023-12-03,Home & Kitchen,South,Consumer,Standard,39.84,3,0.35,77.69,-7.77,65.0,4.6
ORD101838,2023-01-26,Sports,South,Consumer,Standard,146.62,4,0.1,527.83,63.34,33.0,4.0
ORD101839,2023-04-25,Home & Kitchen,South,Corporate,Standard,309.75,7,0.0,2168.25,390.28,48.0,4.2
ORD101840,2023-10-13,Clothing,North,Consumer,Standard,109.39,4,0.05,415.68,87.29,55.0,5.0
ORD101841,2023-02-06,Books,North,Home Office,Standard,37.45,2,0.15,63.67,1.91,,3.5
ORD101842,2024-08-28,Home & Kitchen,East,Consumer,Standard,172.61,7,0.0,1208.27,217.49,29.0,5.0
ORD101843,2024-08-21,Clothing,South,Corporate,Standard,88.62,1,0.1,79.76,13.56,20.0,4.3
ORD101844,2023-04-05,Electronics,South,Consumer,Standard,1176.87,6,0.0,7061.22,847.35,67.0,5.0
ORD101845,2024-06-20,Clothing,Central,Consumer,Standard,130.51,4,0.0,522.04,130.51,42.0,4.2
ORD101846,2024-12-31,Sports,South,Consumer,Express,56.87,5,0.35,184.83,-14.79,26.0,3.8
ORD101847,2023-09-03,Beauty,East,Consumer,Standard,109.09,2,0.2,174.54,24.44,18.0,3.8
ORD101848,2023-07-05,Clothing,East,Consumer,Express,94.55,4,0.15,321.47,41.79,,4.6
ORD101849,2024-04-27,Beauty,South,Consumer,Standard,68.91,4,0.0,275.64,82.69,44.0,4.9
ORD101850,2024-10-23,Electronics,North,Home Office,Standard,393.51,6,0.1,2124.95,85.0,63.0,3.1
ORD101851,2023-02-04,Beauty,North,Consumer,Standard,24.33,1,0.0,24.33,7.3,33.0,5.0
ORD101852,2023-12-21,Home & Kitchen,Central,Corporate,Standard,274.24,2,0.05,521.06,72.95,31.0,4.7
ORD101853,2023-01-26,Clothing,South,Consumer,Standard,90.21,1,0.05,85.7,18.0,48.0,3.7
ORD101854,2023-04-27,Beauty,East,Consumer,Standard,89.34,4,0.15,303.76,54.68,53.0,4.7
ORD101855,2024-07-20,Sports,South,Consumer,Same Day,229.49,5,0.05,1090.08,174.41,40.0,4.2
ORD101856,2024-11-05,Home & Kitchen,South,Consumer,Standard,52.24,6,0.05,297.77,41.69,56.0,5.0
ORD101857,2023-04-16,Electronics,North,Home Office,Express,316.78,3,0.0,950.34,114.04,30.0,4.0
ORD101858,2023-07-06,Clothing,South,Consumer,Standard,15.14,7,0.0,105.98,26.5,39.0,5.0
ORD101859,2024-05-03,Sports,East,Corporate,Standard,255.44,5,0.2,1021.76,40.87,68.0,4.5
ORD101860,2023-12-23,Home & Kitchen,North,Corporate,Same Day,339.41,1,0.05,322.44,45.14,45.0,2.4
ORD101861,2023-10-20,Sports,West,Corporate,Standard,52.02,2,0.1,93.64,11.24,69.0,3.3
ORD101862,2024-03-08,Clothing,South,Corporate,Same Day,135.17,7,0.05,898.88,188.76,35.0,3.5
ORD101863,2023-04-09,Electronics,Central,Consumer,Express,758.19,7,0.0,5307.33,636.88,53.0,4.4
ORD101864,2023-01-22,Books,East,Consumer,Express,5.17,2,0.15,8.79,0.26,41.0,4.3
ORD101865,2023-06-20,Home & Kitchen,East,Consumer,Standard,68.43,5,0.1,307.94,30.79,37.0,4.7
ORD101866,2024-05-10,Clothing,North,Consumer,Standard,124.33,2,0.0,248.66,62.16,67.0,4.7
ORD101867,2023-12-05,Home & Kitchen,South,Consumer,Express,342.29,6,0.05,1951.05,273.15,51.0,
ORD101868,2024-11-17,Sports,East,Corporate,Same Day,273.11,1,0.05,259.45,41.51,33.0,4.2
ORD101869,2023-04-09,Sports,Central,Consumer,Standard,145.17,1,0.2,116.14,4.65,61.0,4.4
ORD101870,2024-12-24,Books,West,Consumer,Standard,53.77,3,0.25,120.98,-6.05,44.0,3.5
ORD101871,2024-07-02,Sports,South,Home Office,Standard,101.22,6,0.15,516.22,41.3,18.0,
ORD101872,2024-06-16,Electronics,Central,Consumer,Standard,67.23,6,0.0,403.38,48.41,,3.8
ORD101873,2024-02-14,Electronics,East,Home Office,Standard,679.82,7,0.15,4044.93,0.0,31.0,4.0
ORD101874,2024-03-30,Books,North,Consumer,Standard,10.77,2,0.05,20.46,2.25,33.0,3.5
ORD101875,2023-12-23,Sports,West,Consumer,Standard,277.36,2,0.1,499.25,59.91,50.0,
ORD101876,2024-09-23,Sports,Central,Corporate,Standard,249.49,6,0.15,1272.4,101.79,,4.2
ORD101877,2024-05-28,Sports,North,Consumer,Standard,292.85,1,0.0,292.85,58.57,43.0,4.1
ORD101878,2023-09-15,Books,Central,Consumer,Standard,52.01,4,0.3,145.63,-13.11,64.0,3.9
ORD101879,2023-02-24,Beauty,North,Consumer,Express,8.58,5,0.2,34.32,4.8,63.0,4.6
ORD101880,2023-10-23,Sports,South,Consumer,Same Day,243.6,4,0.0,974.4,194.88,26.0,5.0
ORD101881,2023-09-27,Books,East,Consumer,Standard,11.79,2,0.15,20.04,0.6,28.0,4.5
ORD101882,2024-07-04,Beauty,East,Corporate,Standard,27.03,3,0.2,64.87,9.08,25.0,4.8
ORD101883,2023-04-15,Beauty,North,Consumer,Standard,77.07,6,0.15,393.06,70.75,23.0,4.3
ORD101884,2023-10-04,Electronics,Central,Corporate,Standard,726.9,3,0.0,2180.7,261.68,22.0,
ORD101885,2024-01-12,Clothing,West,Consumer,Same Day,77.28,1,0.1,69.55,11.82,18.0,4.5
ORD101886,2023-10-25,Electronics,Central,Home Office,Standard,114.08,1,0.0,114.08,13.69,65.0,4.9
ORD101887,2024-01-25,Sports,South,Consumer,Standard,292.84,4,0.05,1112.79,178.05,42.0,4.3
ORD101888,2023-11-13,Clothing,West,Corporate,Standard,133.93,5,0.05,636.17,133.6,21.0,3.5
ORD101889,2023-11-29,Clothing,Central,Corporate,Standard,139.47,2,0.2,223.15,20.08,46.0,4.3
ORD101890,2023-07-26,Books,West,Consumer,Standard,30.83,3,0.15,78.62,2.36,44.0,4.6
ORD101891,2024-10-03,Home & Kitchen,North,Consumer,Express,215.83,2,0.05,410.08,57.41,32.0,3.4
ORD101892,2023-10-20,Sports,East,Consumer,Standard,189.16,6,0.1,1021.46,122.58,64.0,3.3
ORD101893,2023-01-28,Beauty,South,Corporate,Standard,89.92,5,0.3,314.72,18.88,52.0,5.0
ORD101894,2023-11-23,Electronics,Central,Corporate,Standard,73.6,3,0.05,209.76,16.78,35.0,5.0
ORD101895,2024-01-28,Books,North,Consumer,Standard,39.69,7,0.0,277.83,41.67,61.0,5.0
ORD101896,2024-02-22,Books,Central,Consumer,Standard,9.29,7,0.05,61.78,6.8,40.0,4.1
ORD101897,2024-12-06,Home & Kitchen,Central,Corporate,Standard,80.79,6,0.25,363.56,-7.27,31.0,3.2
ORD101898,2023-03-02,Sports,West,Corporate,Standard,253.69,2,0.2,405.9,16.24,28.0,3.9
ORD101899,2023-02-10,Books,East,Home Office,Standard,12.65,3,0.1,34.16,2.39,36.0,4.4
ORD101900,2024-10-02,Beauty,East,Consumer,Standard,85.45,7,0.15,508.43,91.52,49.0,2.7
ORD101901,2024-08-16,Clothing,South,Consumer,Same Day,73.91,2,0.0,147.82,36.96,57.0,4.2
ORD101902,2023-06-18,Books,East,Consumer,Standard,41.26,2,0.05,78.39,8.62,68.0,4.4
ORD101903,2024-06-24,Electronics,South,Consumer,Express,498.95,1,0.05,474.0,37.92,34.0,4.3
ORD101904,2023-01-22,Electronics,North,Consumer,Express,56.93,5,0.1,256.18,10.25,58.0,3.9
ORD101905,2024-03-29,Sports,North,Consumer,Same Day,264.29,5,0.05,1255.38,200.86,28.0,3.5
ORD101906,2023-03-18,Electronics,West,Corporate,Standard,154.13,5,0.1,693.58,27.74,50.0,
ORD101907,2024-05-20,Home & Kitchen,Central,Consumer,Same Day,301.33,4,0.2,964.26,19.29,64.0,3.6
ORD101908,2024-01-04,Electronics,South,Corporate,Standard,417.34,3,0.05,1189.42,95.15,49.0,3.2
ORD101909,2023-02-18,Beauty,North,Corporate,Standard,19.34,6,0.1,104.44,22.98,50.0,3.3
ORD101910,2023-03-15,Home & Kitchen,West,Corporate,Express,310.21,2,0.15,527.36,31.64,58.0,4.2
ORD101911,2024-10-01,Books,East,Home Office,Same Day,33.16,5,0.3,116.06,-10.45,25.0,4.1
ORD101912,2024-10-30,Sports,North,Consumer,Standard,92.0,7,0.05,611.8,97.89,57.0,3.1
ORD101913,2023-06-13,Books,North,Consumer,Standard,53.79,4,0.1,193.64,13.55,30.0,3.1
ORD101914,2024-04-15,Electronics,West,Consumer,Standard,1056.19,3,0.0,3168.57,380.23,51.0,3.8
ORD101915,2023-12-24,Sports,North,Consumer,Standard,88.09,4,0.05,334.74,53.56,36.0,2.7
ORD101916,2024-04-01,Books,South,Consumer,Express,11.02,6,0.0,66.12,9.92,39.0,3.3
ORD101917,2024-07-10,Home & Kitchen,North,Consumer,Standard,382.86,7,0.15,2278.02,136.68,,4.9
ORD101918,2024-05-03,Beauty,West,Consumer,Express,15.85,4,0.1,57.06,12.55,38.0,3.8
ORD101919,2024-05-11,Books,West,Consumer,Standard,6.07,4,0.0,24.28,3.64,62.0,3.5
ORD101920,2024-01-04,Electronics,North,Consumer,Same Day,270.25,5,0.1,1216.12,48.64,32.0,5.0
ORD101921,2024-01-06,Sports,East,Corporate,Standard,275.08,2,0.05,522.65,83.62,42.0,4.3
ORD101922,2024-07-30,Home & Kitchen,South,Home Office,Standard,349.88,1,0.05,332.39,46.53,19.0,4.4
ORD101923,2023-03-23,Sports,South,Home Office,Standard,256.54,2,0.2,410.46,16.42,38.0,3.4
ORD101924,2023-11-02,Clothing,West,Home Office,Same Day,60.37,3,0.1,163.0,27.71,44.0,4.2
ORD101925,2024-07-30,Electronics,East,Corporate,Same Day,1024.35,2,0.0,2048.7,245.84,26.0,3.6
ORD101926,2023-09-03,Beauty,South,Corporate,Standard,54.23,5,0.2,216.92,30.37,38.0,3.4
ORD101927,2024-12-21,Electronics,East,Consumer,Standard,969.73,3,0.1,2618.27,104.73,32.0,3.6
ORD101928,2024-11-11,Home & Kitchen,East,Consumer,Standard,62.45,5,0.05,296.64,41.53,49.0,3.9
ORD101929,2024-03-19,Home & Kitchen,North,Corporate,Express,322.37,4,0.0,1289.48,232.11,38.0,4.0
ORD101930,2024-06-16,Clothing,East,Corporate,Same Day,92.28,2,0.05,175.33,36.82,45.0,4.4
ORD101931,2024-05-02,Home & Kitchen,West,Corporate,Standard,234.01,2,0.3,327.61,-19.66,51.0,4.4
ORD101932,2024-05-01,Electronics,West,Consumer,Standard,1138.27,3,0.0,3414.81,409.78,26.0,4.0
ORD101933,2023-03-18,Books,North,Consumer,Same Day,26.83,5,0.05,127.44,14.02,46.0,2.9
ORD101934,2024-11-03,Electronics,Central,Home Office,Express,572.24,3,0.15000000000000002,1459.21,-0.0,22.0,4.5
ORD101935,2024-02-10,Home & Kitchen,East,Home Office,Express,392.55,1,0.05,372.92,52.21,19.0,3.7
ORD101936,2023-03-31,Electronics,North,Home Office,Standard,986.8,4,0.0,3947.2,473.66,40.0,4.4
ORD101937,2024-04-15,Sports,Central,Consumer,Standard,54.25,6,0.15,276.68,22.13,69.0,4.4
ORD101938,2023-06-02,Beauty,Central,Consumer,Same Day,102.16,3,0.05,291.16,75.7,22.0,
ORD101939,2023-10-18,Home & Kitchen,North,Consumer,Express,367.64,1,0.05,349.26,48.9,54.0,4.0
ORD101940,2023-04-11,Electronics,Central,Corporate,Standard,821.23,4,0.1,2956.43,118.26,21.0,
ORD101941,2024-05-27,Beauty,North,Corporate,Standard,68.44,3,0.0,205.32,61.6,50.0,3.4
ORD101942,2023-05-24,Clothing,East,Corporate,Express,87.59,4,0.0,350.36,87.59,50.0,5.0
ORD101943,2023-12-10,Clothing,East,Consumer,Standard,81.45,1,0.05,77.38,16.25,69.0,4.0
ORD101944,2023-07-17,Beauty,South,Consumer,Standard,93.22,3,0.15,237.71,42.79,47.0,3.9
ORD101945,2024-02-24,Beauty,North,Consumer,Standard,88.36,2,0.05,167.88,43.65,63.0,4.7
ORD101946,2024-09-28,Electronics,South,Consumer,Standard,648.66,3,0.1,1751.38,70.06,38.0,3.7
ORD101947,2023-01-05,Beauty,South,Consumer,Same Day,93.11,3,0.05,265.36,68.99,39.0,5.0
ORD101948,2023-05-07,Clothing,East,Consumer,Standard,13.81,7,0.05,91.84,19.29,39.0,3.7
ORD101949,2024-12-04,Sports,East,Consumer,Express,62.21,1,0.2,49.77,1.99,32.0,2.7
ORD101950,2023-02-24,Sports,South,Consumer,Standard,182.88,2,0.3,256.03,-10.24,37.0,5.0
ORD101951,2024-05-16,Electronics,East,Home Office,Standard,259.79,6,0.05,1480.8,118.46,41.0,2.8
ORD101952,2024-11-05,Books,South,Home Office,Standard,52.88,2,0.1,95.18,6.66,18.0,4.7
ORD101953,2024-03-11,Electronics,West,Corporate,Express,343.25,5,0.05,1630.44,130.44,45.0,3.7
ORD101954,2023-06-11,Sports,North,Corporate,Standard,218.33,7,0.0,1528.31,305.66,54.0,3.4
ORD101955,2023-05-20,Electronics,North,Corporate,Express,953.06,5,0.0,4765.3,571.84,48.0,4.2
ORD101956,2023-09-09,Books,South,Consumer,Standard,24.95,7,0.1,157.18,11.0,24.0,3.5
ORD101957,2024-09-05,Electronics,West,Corporate,Express,949.22,7,0.05,6312.31,504.98,56.0,5.0
ORD101958,2023-01-04,Electronics,North,Corporate,Standard,903.92,6,0.05,5152.34,412.19,44.0,3.3
ORD101959,2023-02-13,Home & Kitchen,Central,Consumer,Same Day,147.97,5,0.0,739.85,133.17,30.0,4.1
ORD101960,2024-02-12,Books,East,Consumer,Standard,9.48,4,0.3,26.54,-2.39,63.0,4.2
ORD101961,2023-02-01,Home & Kitchen,East,Consumer,Standard,382.92,3,0.15,976.45,58.59,38.0,3.2
ORD101962,2024-04-15,Home & Kitchen,South,Corporate,Standard,353.1,4,0.0,1412.4,254.23,58.0,1.6
ORD101963,2023-07-22,Books,East,Consumer,Standard,23.84,1,0.2,19.07,-0.19,54.0,4.5
ORD101964,2024-11-02,Electronics,East,Consumer,Express,681.31,6,0.05,3883.47,310.68,62.0,4.6
ORD101965,2023-09-04,Home & Kitchen,South,Corporate,Express,15.12,3,0.05,43.09,6.03,55.0,4.6
ORD101966,2023-07-30,Home & Kitchen,East,Consumer,Standard,98.95,1,0.0,98.95,17.81,46.0,4.6
ORD101967,2023-10-16,Beauty,East,Home Office,Standard,24.68,2,0.1,44.42,9.77,31.0,3.9
ORD101968,2023-08-06,Books,Central,Consumer,Express,11.41,6,0.05,65.04,7.15,37.0,3.6
ORD101969,2024-09-09,Books,Central,Consumer,Standard,57.41,4,0.15,195.19,5.86,63.0,4.4
ORD101970,2024-12-05,Clothing,Central,Home Office,Standard,70.8,1,0.25,53.1,2.65,59.0,2.7
ORD101971,2024-08-20,Electronics,East,Consumer,Standard,572.72,7,0.0,4009.04,481.08,22.0,3.3
ORD101972,2024-02-09,Home & Kitchen,East,Home Office,Standard,322.92,3,0.0,968.76,174.38,20.0,4.0
ORD101973,2024-12-20,Beauty,East,Consumer,Same Day,37.71,1,0.1,33.94,7.47,64.0,3.8
ORD101974,2023-11-14,Home & Kitchen,East,Corporate,Same Day,36.29,2,0.2,58.06,1.16,66.0,4.3
ORD101975,2023-09-14,Clothing,North,Corporate,Same Day,146.4,5,0.1,658.8,112.0,29.0,5.0
ORD101976,2024-01-30,Sports,North,Corporate,Standard,145.84,3,0.0,437.52,87.5,39.0,4.4
ORD101977,2024-07-10,Sports,East,Consumer,Standard,58.71,2,0.0,117.42,23.48,40.0,3.9
ORD101978,2024-10-20,Clothing,Central,Consumer,Standard,131.92,4,0.05,501.3,105.27,38.0,3.8
ORD101979,2023-10-19,Clothing,North,Consumer,Standard,56.03,5,0.2,224.12,20.17,50.0,4.8
ORD101980,2023-02-17,Clothing,South,Home Office,Standard,92.81,5,0.15,394.44,51.28,37.0,2.4
ORD101981,2024-07-08,Electronics,South,Consumer,Standard,801.11,5,0.1,3605.0,144.2,54.0,4.9
ORD101982,2024-12-20,Clothing,Central,Home Office,Standard,28.87,1,0.2,23.1,2.08,19.0,
ORD101983,2024-06-22,Electronics,North,Consumer,Standard,365.55,2,0.0,731.1,87.73,26.0,4.0
ORD101984,2023-02-19,Clothing,North,Consumer,Express,138.72,3,0.1,374.54,63.67,35.0,5.0
ORD101985,2023-10-21,Home & Kitchen,South,Corporate,Express,365.58,1,0.0,365.58,65.8,22.0,2.7
ORD101986,2024-11-23,Home & Kitchen,East,Corporate,Standard,63.55,4,0.05,241.49,33.81,46.0,3.9
ORD101987,2024-04-07,Home & Kitchen,South,Consumer,Standard,35.7,3,0.1,96.39,9.64,19.0,
ORD101988,2024-04-25,Electronics,Central,Consumer,Standard,903.02,5,0.2,3612.08,-144.48,56.0,4.7
ORD101989,2023-04-18,Electronics,North,Consumer,Standard,314.45,1,0.0,314.45,37.73,33.0,4.0
ORD101990,2024-09-24,Home & Kitchen,North,Consumer,Express,36.72,5,0.05,174.42,24.42,24.0,5.0
ORD101991,2023-01-05,Electronics,West,Home Office,Same Day,117.41,7,0.1,739.68,29.59,43.0,4.0
ORD101992,2024-04-24,Electronics,East,Consumer,Express,1042.8,6,0.05,5943.96,475.52,67.0,2.6
ORD101993,2023-09-27,Beauty,North,Consumer,Standard,96.61,1,0.0,96.61,28.98,35.0,3.2
ORD101994,2023-02-27,Books,West,Consumer,Standard,50.16,3,0.1,135.43,9.48,34.0,4.2
ORD101995,2023-01-05,Electronics,West,Consumer,Standard,927.07,7,0.3,4542.64,-545.12,45.0,
ORD101996,2024-10-27,Beauty,South,Corporate,Express,81.19,2,0.2,129.9,18.19,60.0,3.4
ORD101997,2023-06-18,Clothing,Central,Corporate,Standard,88.38,3,0.05,251.88,52.89,50.0,5.0
ORD101998,2024-05-24,Beauty,West,Home Office,Standard,18.19,4,0.0,72.76,21.83,18.0,4.8
ORD101999,2023-09-18,Sports,South,Consumer,Standard,36.6,6,0.0,219.6,43.92,56.0,4.9
ORD102000,2024-11-18,Books,South,Corporate,Standard,33.27,7,0.05,221.25,24.34,37.0,5.0
ORD102001,2023-07-10,Electronics,South,Corporate,Express,143.6,5,0.1,646.2,25.85,69.0,3.4
ORD102002,2024-11-08,Beauty,North,Consumer,Express,117.71,2,0.1,211.88,46.61,61.0,3.0
ORD102003,2023-04-01,Clothing,West,Consumer,Same Day,34.03,2,0.15,57.85,7.52,33.0,2.8
ORD102004,2024-03-08,Sports,West,Consumer,Standard,48.11,3,0.1,129.9,15.59,27.0,4.7
ORD102005,2023-08-11,Home & Kitchen,East,Consumer,Same Day,123.78,5,0.05,587.95,82.31,31.0,5.0
ORD102006,2024-11-06,Electronics,Central,Home Office,Standard,556.05,1,0.35,361.43,-57.83,40.0,4.5
ORD102007,2024-05-29,Books,North,Corporate,Standard,32.04,3,0.05,91.31,10.04,36.0,3.2
ORD102008,2023-05-18,Sports,East,Consumer,Standard,166.05,3,0.05,473.24,75.72,48.0,4.7
ORD102009,2024-01-12,Electronics,West,Consumer,Same Day,712.59,3,0.0,2137.77,256.53,46.0,5.0
ORD102010,2023-04-25,Home & Kitchen,North,Home Office,Express,50.28,6,0.1,271.51,27.15,30.0,4.1
ORD102011,2024-12-02,Clothing,South,Consumer,Standard,107.25,1,0.05,101.89,21.4,67.0,5.0
ORD102012,2023-02-02,Home & Kitchen,South,Corporate,Same Day,105.59,7,0.0,739.13,133.04,33.0,3.5
ORD102013,2023-07-01,Beauty,West,Corporate,Standard,112.87,7,0.0,790.09,237.03,57.0,4.7
ORD102014,2023-05-23,Books,North,Consumer,Same Day,41.5,3,0.0,124.5,18.68,32.0,4.1
ORD102015,2024-03-26,Books,North,Corporate,Standard,48.76,7,0.1,307.19,21.5,43.0,5.0
ORD102016,2023-09-03,Clothing,Central,Corporate,Express,45.56,4,0.05,173.13,36.36,56.0,3.5
ORD102017,2023-06-21,Clothing,North,Consumer,Express,60.52,3,0.2,145.25,13.07,45.0,5.0
ORD102018,2024-08-24,Clothing,South,Home Office,Express,77.16,6,0.15,393.52,51.16,44.0,3.9
ORD102019,2024-05-26,Clothing,West,Consumer,Express,110.24,5,0.1,496.08,84.33,31.0,5.0
ORD102020,2023-12-13,Home & Kitchen,East,Corporate,Standard,284.68,5,0.1,1281.06,128.11,47.0,3.9
ORD102021,2024-02-01,Sports,Central,Consumer,Express,123.24,3,0.3,258.8,-10.35,67.0,2.9
ORD102022,2024-09-02,Books,North,Corporate,Standard,30.11,5,0.2,120.44,-1.2,53.0,4.5
ORD102023,2024-08-26,Home & Kitchen,East,Consumer,Express,247.28,4,0.05,939.66,131.55,48.0,5.0
ORD102024,2024-08-01,Clothing,West,Consumer,Standard,92.88,5,0.15,394.74,51.32,61.0,5.0
ORD102025,2023-11-27,Electronics,Central,Consumer,Same Day,613.25,7,0.1,3863.48,154.54,41.0,4.7
ORD102026,2024-08-25,Sports,South,Consumer,Standard,104.9,4,0.15,356.66,28.53,66.0,
ORD102027,2024-07-01,Clothing,East,Corporate,Express,89.38,4,0.0,357.52,89.38,43.0,2.2
ORD102028,2024-12-08,Clothing,Central,Consumer,Standard,19.7,3,0.15000000000000002,50.23,6.53,22.0,3.8
ORD102029,2023-04-09,Books,East,Corporate,Standard,53.89,3,0.0,161.67,24.25,30.0,4.2
ORD102030,2024-03-26,Home & Kitchen,North,Consumer,Express,22.7,6,0.0,136.2,24.52,59.0,3.8
ORD102031,2023-12-05,Electronics,North,Consumer,Standard,575.43,5,0.05,2733.29,218.66,20.0,4.5
ORD102032,2024-07-29,Electronics,West,Home Office,Standard,448.82,2,0.1,807.88,32.32,34.0,2.5
ORD102033,2023-05-13,Clothing,West,Corporate,Express,31.75,5,0.15,134.94,17.54,41.0,5.0
ORD102034,2023-10-07,Books,West,Corporate,Standard,57.49,3,0.15,146.6,4.4,19.0,
ORD102035,2024-06-22,Clothing,Central,Consumer,Express,113.0,6,0.1,610.2,103.73,32.0,3.8
ORD102036,2023-03-17,Electronics,North,Corporate,Standard,861.99,3,0.2,2068.78,-82.75,56.0,4.2
ORD102037,2024-04-21,Home & Kitchen,East,Consumer,Express,333.2,6,0.0,1999.2,359.86,62.0,2.9
ORD102038,2023-07-10,Electronics,East,Consumer,Express,81.7,5,0.05,388.08,31.05,62.0,3.8
ORD102039,2023-11-15,Sports,South,Consumer,Standard,233.65,4,0.2,747.68,29.91,61.0,5.0
ORD102040,2024-10-18,Sports,North,Corporate,Express,276.17,2,0.05,524.72,83.96,26.0,
ORD102041,2024-09-26,Clothing,South,Consumer,Same Day,60.28,6,0.15,307.43,39.97,32.0,4.1
ORD102042,2024-07-24,Books,South,Consumer,Standard,12.21,6,0.05,69.6,7.66,33.0,4.2
ORD102043,2023-03-24,Electronics,West,Home Office,Standard,269.79,3,0.05,768.9,61.51,25.0,4.3
ORD102044,2023-02-01,Electronics,West,Consumer,Express,1101.89,5,0.2,4407.56,-176.3,57.0,4.9
ORD102045,2024-10-24,Electronics,Central,Corporate,Express,560.05,5,0.0,2800.25,336.03,66.0,3.6
ORD102046,2024-10-06,Beauty,South,Consumer,Standard,119.1,1,0.15,101.24,18.22,26.0,3.7
ORD102047,2024-06-08,Electronics,West,Consumer,Standard,274.56,3,0.0,823.68,98.84,68.0,5.0
ORD102048,2024-01-29,Beauty,Central,Consumer,Express,27.4,1,0.1,24.66,5.43,54.0,3.7
ORD102049,2023-07-12,Beauty,East,Consumer,Standard,77.34,7,0.0,541.38,162.41,28.0,
ORD102050,2024-11-06,Sports,East,Consumer,Express,175.74,6,0.15000000000000002,896.27,71.7,61.0,3.8
ORD102051,2024-12-13,Books,West,Home Office,Express,42.78,3,0.05,121.92,13.41,30.0,3.0
ORD102052,2023-10-31,Electronics,West,Corporate,Express,193.24,2,0.2,309.18,-12.37,30.0,4.7
ORD102053,2024-05-28,Books,North,Corporate,Same Day,58.31,4,0.15,198.25,5.95,23.0,3.2
ORD102054,2024-10-14,Books,Central,Consumer,Standard,41.86,6,0.1,226.04,15.82,55.0,3.5
ORD102055,2023-11-02,Beauty,Central,Consumer,Standard,41.83,4,0.1,150.59,33.13,43.0,3.4
ORD102056,2024-02-10,Beauty,South,Consumer,Standard,41.42,2,0.15,70.41,12.67,62.0,4.7
ORD102057,2024-07-06,Electronics,Central,Consumer,Standard,276.54,5,0.05,1313.56,105.08,26.0,3.8
ORD102058,2024-11-14,Home & Kitchen,North,Consumer,Standard,132.03,5,0.2,528.12,10.56,64.0,4.6
ORD102059,2024-03-04,Home & Kitchen,North,Consumer,Standard,339.79,6,0.0,2038.74,366.97,23.0,3.5
ORD102060,2023-11-21,Clothing,South,Consumer,Express,70.64,5,0.05,335.54,70.46,32.0,4.0
ORD102061,2023-07-28,Beauty,North,Corporate,Standard,17.62,4,0.0,70.48,21.14,38.0,3.5
ORD102062,2023-08-13,Electronics,North,Corporate,Standard,629.8,3,0.1,1700.46,68.02,65.0,3.4
ORD102063,2023-09-26,Electronics,South,Corporate,Express,1163.4,7,0.15,6922.23,0.0,48.0,
ORD102064,2023-05-14,Books,North,Consumer,Standard,25.89,4,0.0,103.56,15.53,66.0,3.5
ORD102065,2023-07-01,Electronics,South,Consumer,Standard,445.96,5,0.2,1783.84,-71.35,38.0,3.4
ORD102066,2024-08-23,Electronics,North,Corporate,Standard,1034.04,2,0.2,1654.46,-66.18,47.0,5.0
ORD102067,2024-06-05,Beauty,Central,Home Office,Standard,78.2,3,0.05,222.87,57.95,57.0,
ORD102068,2023-12-31,Electronics,East,Consumer,Express,213.47,2,0.1,384.25,15.37,23.0,4.1
ORD102069,2024-08-19,Sports,Central,Consumer,Express,98.34,4,0.2,314.69,12.59,29.0,5.0
ORD102070,2023-02-07,Clothing,South,Home Office,Standard,112.35,4,0.05,426.93,89.66,64.0,3.7
ORD102071,2023-04-11,Clothing,North,Home Office,Express,85.68,3,0.05,244.19,51.28,64.0,3.9
ORD102072,2023-03-18,Books,South,Consumer,Standard,52.57,7,0.1,331.19,23.18,38.0,5.0
ORD102073,2023-05-11,Home & Kitchen,South,Consumer,Standard,167.69,3,0.0,503.07,90.55,69.0,4.5
ORD102074,2023-02-24,Beauty,South,Consumer,Standard,116.66,7,0.0,816.62,244.99,45.0,4.8
ORD102075,2024-09-09,Electronics,East,Consumer,Express,741.69,1,0.05,704.61,56.37,48.0,3.9
ORD102076,2023-11-05,Clothing,West,Consumer,Standard,141.85,3,0.1,382.99,65.11,22.0,4.0
ORD102077,2023-06-30,Books,West,Home Office,Express,54.39,6,0.1,293.71,20.56,58.0,4.6
ORD102078,2024-10-12,Electronics,South,Home Office,Express,1110.55,5,0.1,4997.48,199.9,45.0,3.2
ORD102079,2024-08-08,Home & Kitchen,West,Corporate,Standard,197.55,2,0.1,355.59,35.56,56.0,3.9
ORD102080,2023-04-07,Sports,South,Consumer,Standard,43.21,3,0.1,116.67,14.0,20.0,5.0
ORD102081,2023-11-07,Electronics,South,Corporate,Standard,624.65,6,0.05,3560.5,284.84,53.0,4.3
ORD102082,2024-06-04,Clothing,North,Consumer,Standard,140.95,7,0.0,986.65,246.66,61.0,4.5
ORD102083,2023-01-27,Clothing,West,Consumer,Standard,110.98,7,0.05,738.02,154.98,29.0,3.2
ORD102084,2024-03-19,Electronics,South,Home Office,Standard,276.05,2,0.15,469.28,0.0,58.0,3.5
ORD102085,2024-03-12,Electronics,East,Home Office,Standard,581.24,2,0.05,1104.36,88.35,28.0,4.0
ORD102086,2023-11-17,Books,East,Home Office,Express,54.6,6,0.2,262.08,-2.62,34.0,4.4
ORD102087,2023-09-30,Sports,Central,Consumer,Standard,172.61,6,0.05,983.88,157.42,58.0,3.3
ORD102088,2023-03-22,Electronics,North,Corporate,Standard,853.38,6,0.0,5120.28,614.43,59.0,3.0
ORD102089,2023-11-20,Books,South,Home Office,Standard,31.18,1,0.05,29.62,3.26,52.0,4.5
ORD102090,2024-10-26,Books,East,Consumer,Standard,8.67,4,0.2,27.74,-0.28,66.0,4.5
ORD102091,2023-05-09,Beauty,West,Corporate,Standard,50.57,2,0.0,101.14,30.34,49.0,3.4
ORD102092,2024-03-10,Clothing,West,Consumer,Standard,17.69,3,0.1,47.76,8.12,45.0,3.7
ORD102093,2023-12-14,Electronics,South,Home Office,Express,227.8,5,0.05,1082.05,86.56,23.0,4.5
ORD102094,2024-06-08,Electronics,West,Home Office,Express,67.56,1,0.0,67.56,8.11,53.0,3.4
ORD102095,2024-02-22,Home & Kitchen,North,Home Office,Standard,288.62,1,0.05,274.19,38.39,66.0,
ORD102096,2023-11-11,Beauty,South,Corporate,Same Day,79.38,3,0.05,226.23,58.82,50.0,3.6
ORD102097,2024-05-22,Clothing,West,Home Office,Express,48.37,1,0.05,45.95,9.65,22.0,5.0
ORD102098,2023-05-22,Home & Kitchen,East,Home Office,Standard,299.4,3,0.15,763.47,45.81,60.0,4.2
ORD102099,2024-05-20,Electronics,West,Consumer,Express,854.8,1,0.1,769.32,30.77,27.0,
ORD102100,2024-01-09,Beauty,West,Home Office,Standard,65.62,5,0.1,295.29,64.96,47.0,5.0
ORD102101,2023-03-28,Clothing,East,Corporate,Standard,113.28,1,0.2,90.62,8.16,46.0,4.1
ORD102102,2023-07-22,Electronics,West,Corporate,Express,166.67,5,0.0,833.35,100.0,57.0,2.9
ORD102103,2024-03-10,Books,West,Consumer,Express,49.24,4,0.2,157.57,-1.58,41.0,3.8
ORD102104,2023-10-31,Home & Kitchen,West,Consumer,Standard,349.81,2,0.1,629.66,62.97,63.0,4.6
ORD102105,2023-05-30,Home & Kitchen,East,Home Office,Standard,322.25,3,0.2,773.4,15.47,30.0,3.9
ORD102106,2023-09-18,Clothing,West,Corporate,Express,124.81,1,0.05,118.57,24.9,21.0,4.8
ORD102107,2024-08-13,Sports,West,Corporate,Standard,69.44,2,0.1,124.99,15.0,51.0,3.7
ORD102108,2023-01-02,Clothing,East,Consumer,Standard,81.18,6,0.3,340.96,3.41,60.0,5.0
ORD102109,2024-10-10,Books,East,Corporate,Same Day,59.63,2,0.1,107.33,7.51,67.0,4.0
ORD102110,2023-02-07,Electronics,South,Corporate,Standard,673.77,7,0.1,4244.75,169.79,39.0,4.6
ORD102111,2023-09-08,Clothing,East,Home Office,Same Day,72.98,7,0.1,459.77,78.16,43.0,4.0
ORD102112,2024-05-06,Books,East,Consumer,Standard,25.53,6,0.05,145.52,16.01,48.0,3.9
ORD102113,2024-11-23,Clothing,West,Consumer,Standard,90.38,5,0.1,406.71,69.14,52.0,4.6
ORD102114,2024-07-03,Clothing,Central,Consumer,Express,130.46,5,0.15,554.46,72.08,69.0,4.1
ORD102115,2023-12-23,Clothing,North,Consumer,Standard,122.17,4,0.05,464.25,97.49,54.0,3.4
ORD102116,2024-07-01,Home & Kitchen,South,Consumer,Express,70.84,4,0.05,269.19,37.69,54.0,
ORD102117,2023-07-30,Electronics,South,Consumer,Express,424.51,3,0.05,1209.85,96.79,47.0,5.0
ORD102118,2023-04-28,Clothing,North,Consumer,Express,108.38,2,0.1,195.08,33.16,20.0,3.2
ORD102119,2023-09-24,Home & Kitchen,North,Consumer,Express,334.45,1,0.0,334.45,60.2,66.0,4.2
ORD102120,2023-02-02,Clothing,Central,Corporate,Express,26.66,2,0.1,47.99,8.16,19.0,4.0
ORD102121,2024-09-18,Clothing,North,Corporate,Standard,103.89,7,0.05,690.87,145.08,64.0,3.0
ORD102122,2023-10-31,Electronics,East,Home Office,Express,530.68,7,0.05,3529.02,282.32,43.0,3.4
ORD102123,2024-03-03,Clothing,East,Home Office,Standard,146.91,5,0.1,661.1,112.39,61.0,4.7
ORD102124,2024-11-11,Electronics,East,Consumer,Express,477.72,4,0.05,1815.34,145.23,57.0,4.0
ORD102125,2024-06-17,Home & Kitchen,East,Consumer,Same Day,196.51,6,0.0,1179.06,212.23,54.0,5.0
ORD102126,2023-08-11,Electronics,West,Corporate,Same Day,868.99,4,0.3,2433.17,-291.98,20.0,3.5
ORD102127,2023-05-30,Electronics,South,Consumer,Standard,457.29,5,0.05,2172.13,173.77,58.0,3.3
ORD102128,2024-12-27,Beauty,East,Consumer,Standard,48.25,7,0.35,219.54,4.39,21.0,3.4
ORD102129,2023-01-31,Beauty,South,Home Office,Standard,66.05,1,0.1,59.44,13.08,21.0,5.0
ORD102130,2024-06-18,Home & Kitchen,North,Consumer,Standard,31.77,3,0.0,95.31,17.16,29.0,5.0
ORD102131,2023-03-23,Electronics,South,Consumer,Express,121.14,7,0.1,763.18,30.53,55.0,3.6
ORD102132,2023-05-02,Books,North,Corporate,Express,24.93,2,0.1,44.87,3.14,37.0,5.0
ORD102133,2023-06-12,Electronics,South,Consumer,Standard,612.73,4,0.0,2450.92,294.11,22.0,4.8
ORD102134,2024-05-03,Electronics,South,Consumer,Standard,979.93,5,0.0,4899.65,587.96,52.0,5.0
ORD102135,2024-11-16,Beauty,North,Home Office,Standard,39.53,2,0.05,75.11,19.53,48.0,4.6
ORD102136,2023-09-21,Electronics,West,Corporate,Standard,766.46,3,0.15,1954.47,0.0,62.0,4.7
ORD102137,2024-12-17,Clothing,East,Consumer,Express,125.08,1,0.1,112.57,19.14,63.0,3.8
ORD102138,2024-11-05,Electronics,North,Corporate,Standard,722.01,6,0.05,4115.46,329.24,35.0,3.1
ORD102139,2024-08-16,Sports,West,Home Office,Standard,71.92,7,0.15,427.92,34.23,18.0,3.8
ORD102140,2024-05-12,Beauty,North,Corporate,Express,47.82,6,0.05,272.57,70.87,49.0,
ORD102141,2024-01-19,Clothing,North,Corporate,Standard,15.53,4,0.05,59.01,12.39,33.0,3.4
ORD102142,2023-04-24,Clothing,South,Corporate,Standard,87.9,2,0.1,158.22,26.9,19.0,3.9
ORD102143,2023-12-18,Home & Kitchen,Central,Corporate,Same Day,60.4,5,0.05,286.9,40.17,32.0,4.5
ORD102144,2024-10-28,Electronics,North,Consumer,Standard,1160.29,6,0.0,6961.74,835.41,64.0,4.1
ORD102145,2024-07-03,Electronics,South,Home Office,Standard,449.77,2,0.1,809.59,32.38,50.0,3.7
ORD102146,2024-06-21,Electronics,South,Home Office,Standard,712.35,6,0.1,3846.69,153.87,61.0,3.7
ORD102147,2023-02-04,Books,Central,Corporate,Express,30.97,7,0.1,195.11,13.66,45.0,3.9
ORD102148,2023-01-31,Home & Kitchen,South,Consumer,Standard,249.96,7,0.1,1574.75,157.47,18.0,3.0
ORD102149,2024-06-17,Beauty,East,Consumer,Standard,82.71,5,0.3,289.48,17.37,57.0,4.6
ORD102150,2023-09-26,Clothing,West,Consumer,Same Day,94.72,4,0.2,303.1,27.28,69.0,4.8
ORD102151,2024-01-21,Electronics,East,Corporate,Express,268.56,5,0.05,1275.66,102.05,61.0,5.0
ORD102152,2024-01-24,Sports,South,Consumer,Standard,194.37,2,0.1,349.87,41.98,61.0,5.0
ORD102153,2023-04-07,Clothing,West,Corporate,Express,11.65,5,0.0,58.25,14.56,21.0,3.1
ORD102154,2023-02-02,Electronics,North,Consumer,Standard,878.54,6,0.05,5007.68,400.61,45.0,4.6
ORD102155,2023-02-09,Sports,North,Consumer,Standard,24.42,3,0.0,73.26,14.65,26.0,3.2
ORD102156,2023-11-25,Electronics,Central,Consumer,Same Day,374.65,6,0.1,2023.11,80.92,32.0,5.0
ORD102157,2023-08-15,Electronics,North,Home Office,Standard,122.97,7,0.0,860.79,103.29,42.0,3.5
ORD102158,2024-01-08,Books,North,Corporate,Standard,23.67,1,0.0,23.67,3.55,54.0,4.1
ORD102159,2024-02-23,Home & Kitchen,Central,Consumer,Standard,255.38,6,0.15,1302.44,78.15,28.0,3.4
ORD102160,2023-07-24,Sports,North,Consumer,Express,100.53,6,0.0,603.18,120.64,31.0,3.8
ORD102161,2023-11-17,Sports,East,Corporate,Same Day,172.35,6,0.15000000000000002,878.98,70.32,20.0,2.8
ORD102162,2024-12-05,Books,West,Corporate,Standard,40.0,3,0.25,90.0,-4.5,40.0,3.6
ORD102163,2023-08-26,Home & Kitchen,South,Corporate,Express,244.82,3,0.0,734.46,132.2,54.0,
ORD102164,2024-01-18,Electronics,Central,Consumer,Standard,126.48,3,0.0,379.44,45.53,64.0,3.7
ORD102165,2024-11-16,Home & Kitchen,South,Consumer,Standard,289.41,2,0.25,434.12,-8.68,67.0,4.3
ORD102166,2023-06-18,Home & Kitchen,West,Consumer,Standard,103.67,2,0.0,207.34,37.32,53.0,5.0
ORD102167,2024-11-16,Electronics,East,Consumer,Express,958.08,3,0.15000000000000002,2443.1,-0.0,61.0,4.3
ORD102168,2024-09-17,Sports,South,Consumer,Standard,129.02,7,0.05,857.98,137.28,65.0,4.5
ORD102169,2023-12-17,Sports,North,Corporate,Express,198.13,1,0.05,188.22,30.12,59.0,3.7
ORD102170,2024-12-27,Clothing,North,Corporate,Express,80.51,3,0.2,193.22,17.39,28.0,3.9
ORD102171,2023-03-17,Sports,East,Corporate,Express,190.13,2,0.1,342.23,41.07,65.0,5.0
ORD102172,2024-10-16,Home & Kitchen,North,Home Office,Same Day,313.37,5,0.15,1331.82,79.91,32.0,4.2
ORD102173,2024-10-23,Clothing,East,Consumer,Standard,40.73,2,0.1,73.31,12.46,62.0,4.9
ORD102174,2023-05-06,Home & Kitchen,East,Consumer,Standard,163.85,6,0.05,933.94,130.75,35.0,2.9
ORD102175,2023-02-11,Books,North,Home Office,Standard,35.98,4,0.05,136.72,15.04,50.0,
ORD102176,2023-01-30,Beauty,East,Consumer,Express,27.14,4,0.05,103.13,26.81,39.0,4.2
ORD102177,2024-11-02,Clothing,South,Consumer,Standard,95.05,3,0.1,256.64,43.63,59.0,4.6
ORD102178,2023-01-01,Beauty,South,Consumer,Standard,47.94,6,0.05,273.26,71.05,41.0,3.0
ORD102179,2024-02-19,Beauty,Central,Corporate,Express,5.13,6,0.3,21.55,1.29,51.0,4.9
ORD102180,2024-02-06,Beauty,South,Consumer,Express,105.05,4,0.0,420.2,126.06,51.0,4.6
ORD102181,2024-11-12,Electronics,North,Consumer,Same Day,195.21,4,0.05,741.8,59.34,61.0,5.0
ORD102182,2023-09-17,Books,East,Corporate,Standard,29.46,4,0.15,100.16,3.0,44.0,4.9
ORD102183,2023-01-04,Electronics,West,Corporate,Standard,484.66,3,0.0,1453.98,174.48,21.0,3.5
ORD102184,2024-04-19,Electronics,Central,Corporate,Standard,729.59,6,0.05,4158.66,332.69,24.0,3.7
ORD102185,2024-01-22,Home & Kitchen,South,Consumer,Express,118.38,6,0.05,674.77,94.47,67.0,4.5
ORD102186,2024-07-18,Books,East,Consumer,Standard,43.21,2,0.05,82.1,9.03,20.0,5.0
ORD102187,2023-08-16,Sports,Central,Home Office,Express,214.63,3,0.1,579.5,69.54,48.0,4.3
ORD102188,2023-09-14,Clothing,North,Home Office,Express,20.03,3,0.05,57.09,11.99,25.0,4.0
ORD102189,2023-08-04,Clothing,West,Consumer,Express,48.62,1,0.0,48.62,12.16,36.0,4.4
ORD102190,2023-08-22,Beauty,West,Corporate,Express,33.07,7,0.0,231.49,69.45,67.0,4.5
ORD102191,2023-01-07,Clothing,West,Home Office,Express,136.21,5,0.0,681.05,170.26,60.0,3.1
ORD102192,2023-07-19,Electronics,North,Consumer,Express,555.42,1,0.1,499.88,20.0,57.0,3.7
ORD102193,2023-04-25,Books,East,Home Office,Standard,27.04,7,0.1,170.35,11.92,54.0,5.0
ORD102194,2024-08-08,Clothing,West,Corporate,Standard,100.03,5,0.1,450.14,76.52,42.0,3.8
ORD102195,2023-11-06,Books,West,Consumer,Standard,55.35,3,0.1,149.45,10.46,34.0,4.4
ORD102196,2024-01-16,Sports,West,Consumer,Standard,254.14,7,0.0,1778.98,355.8,41.0,3.6
ORD102197,2024-12-13,Sports,East,Corporate,Standard,268.88,7,0.15000000000000002,1599.84,127.99,28.0,4.3
ORD102198,2023-07-29,Home & Kitchen,North,Corporate,Express,386.84,6,0.0,2321.04,417.79,57.0,4.0
ORD102199,2024-07-20,Clothing,East,Consumer,Express,143.23,5,0.2,572.92,51.56,51.0,2.9
ORD102200,2024-06-23,Electronics,East,Home Office,Standard,866.82,2,0.0,1733.64,208.04,24.0,2.5
ORD102201,2023-09-20,Clothing,West,Consumer,Express,51.07,2,0.05,97.03,20.38,32.0,4.8
ORD102202,2024-01-07,Books,South,Consumer,Express,28.99,4,0.0,115.96,17.39,23.0,4.0
ORD102203,2023-01-28,Beauty,Central,Home Office,Express,5.53,5,0.3,19.36,1.16,27.0,5.0
ORD102204,2024-09-18,Electronics,West,Corporate,Express,963.77,4,0.15,3276.82,0.0,38.0,4.0
ORD102205,2023-05-20,Books,South,Consumer,Standard,50.92,7,0.15,302.97,9.09,48.0,3.6
ORD102206,2024-07-13,Beauty,West,Consumer,Standard,79.95,3,0.1,215.87,47.49,30.0,3.6
ORD102207,2023-09-08,Home & Kitchen,East,Home Office,Express,121.82,2,0.0,243.64,43.86,43.0,2.3
ORD102208,2024-09-12,Electronics,South,Consumer,Standard,987.21,1,0.2,789.77,-31.59,42.0,4.1
ORD102209,2024-06-24,Sports,West,Consumer,Standard,99.64,1,0.0,99.64,19.93,64.0,3.5
ORD102210,2023-09-10,Beauty,Central,Consumer,Standard,36.66,2,0.3,51.32,3.08,31.0,3.7
ORD102211,2023-10-31,Beauty,North,Consumer,Express,106.77,2,0.0,213.54,64.06,26.0,4.3
ORD102212,2024-10-31,Electronics,East,Home Office,Standard,1141.4,1,0.0,1141.4,136.97,54.0,3.3
ORD102213,2023-01-24,Sports,North,Consumer,Express,254.28,2,0.05,483.13,77.3,31.0,5.0
ORD102214,2023-06-08,Clothing,Central,Home Office,Standard,37.31,7,0.15,221.99,28.86,43.0,4.5
ORD102215,2023-04-28,Clothing,North,Corporate,Standard,103.48,1,0.15,87.96,11.43,19.0,4.4
ORD102216,2024-05-29,Sports,Central,Corporate,Standard,180.21,2,0.05,342.4,54.78,23.0,5.0
ORD102217,2024-06-11,Clothing,North,Consumer,Express,85.98,3,0.05,245.04,51.46,38.0,5.0
ORD102218,2023-06-30,Clothing,East,Corporate,Standard,71.84,7,0.05,477.74,100.33,43.0,5.0
ORD102219,2024-02-26,Home & Kitchen,South,Consumer,Express,77.99,4,0.0,311.96,56.15,61.0,4.1
ORD102220,2023-08-29,Home & Kitchen,South,Consumer,Same Day,303.3,2,0.05,576.27,80.68,51.0,4.0
ORD102221,2023-02-01,Electronics,Central,Consumer,Standard,372.58,5,0.05,1769.76,141.58,39.0,3.9
ORD102222,2023-02-22,Electronics,West,Corporate,Standard,294.93,1,0.0,294.93,35.39,40.0,3.8
ORD102223,2023-10-20,Beauty,East,Corporate,Standard,9.59,6,0.05,54.66,14.21,18.0,4.5
ORD102224,2023-08-23,Electronics,West,Consumer,Express,528.65,3,0.0,1585.95,190.31,65.0,4.1
ORD102225,2024-06-05,Books,East,Consumer,Standard,24.33,1,0.0,24.33,3.65,49.0,5.0
ORD102226,2024-04-08,Clothing,Central,Home Office,Standard,48.21,6,0.05,274.8,57.71,53.0,4.2
ORD102227,2024-01-21,Books,North,Consumer,Standard,43.29,3,0.0,129.87,19.48,55.0,3.3
ORD102228,2024-12-10,Books,North,Consumer,Standard,17.61,2,0.05,33.46,3.68,26.0,
ORD102229,2023-08-28,Clothing,Central,Home Office,Standard,87.45,2,0.3,122.43,1.22,26.0,3.8
ORD102230,2024-02-19,Clothing,West,Consumer,Express,28.93,6,0.0,173.58,43.4,63.0,3.6
ORD102231,2023-12-10,Books,West,Consumer,Standard,8.18,6,0.1,44.17,3.09,50.0,3.9
ORD102232,2023-01-24,Books,North,Consumer,Standard,47.41,4,0.0,189.64,28.45,,4.2
ORD102233,2023-02-19,Clothing,North,Home Office,Express,43.84,6,0.1,236.74,40.25,27.0,4.4
ORD102234,2024-04-24,Books,North,Consumer,Express,47.3,1,0.1,42.57,2.98,41.0,4.6
ORD102235,2024-06-28,Home & Kitchen,South,Consumer,Express,158.91,6,0.1,858.11,85.81,56.0,3.0
ORD102236,2023-10-31,Electronics,Central,Consumer,Standard,405.46,7,0.1,2554.4,102.18,56.0,5.0
ORD102237,2024-02-13,Beauty,West,Corporate,Standard,36.27,2,0.0,72.54,21.76,30.0,4.4
ORD102238,2023-04-05,Clothing,Central,Consumer,Same Day,35.36,4,0.05,134.37,28.22,62.0,
ORD102239,2024-10-05,Books,Central,Corporate,Express,9.84,4,0.05,37.39,4.11,60.0,5.0
ORD102240,2024-03-03,Electronics,South,Consumer,Standard,341.96,1,0.15,290.67,0.0,57.0,3.3
ORD102241,2023-09-06,Home & Kitchen,East,Corporate,Standard,270.24,6,0.05,1540.37,215.65,34.0,2.2
ORD102242,2024-03-12,Beauty,South,Consumer,Express,61.13,6,0.0,366.78,110.03,65.0,3.7
ORD102243,2024-10-12,Sports,North,Consumer,Express,290.17,3,0.2,696.41,27.86,45.0,3.9
ORD102244,2024-05-28,Clothing,North,Consumer,Standard,104.58,4,0.0,418.32,104.58,68.0,3.3
ORD102245,2024-07-05,Electronics,North,Corporate,Standard,384.3,6,0.0,2305.8,276.7,30.0,5.0
ORD102246,2024-12-14,Home & Kitchen,West,Corporate,Same Day,321.31,5,0.05,1526.22,213.67,48.0,2.8
ORD102247,2023-11-14,Home & Kitchen,North,Consumer,Standard,36.08,4,0.05,137.1,19.19,69.0,3.8
ORD102248,2024-06-08,Clothing,Central,Consumer,Same Day,53.57,7,0.05,356.24,74.81,57.0,5.0
ORD102249,2024-09-20,Clothing,South,Home Office,Express,82.24,6,0.0,493.44,123.36,49.0,
ORD102250,2023-11-19,Clothing,Central,Consumer,Standard,99.24,7,0.05,659.95,138.59,24.0,4.9
ORD102251,2024-09-20,Home & Kitchen,East,Home Office,Standard,95.15,6,0.1,513.81,51.38,30.0,4.3
ORD102252,2024-08-28,Beauty,North,Home Office,Express,8.65,3,0.1,23.36,5.14,46.0,
ORD102253,2024-09-25,Home & Kitchen,East,Home Office,Same Day,167.6,6,0.0,1005.6,181.01,36.0,4.2
ORD102254,2024-06-19,Clothing,West,Home Office,Express,83.14,4,0.15,282.68,36.75,61.0,4.8
ORD102255,2024-08-12,Home & Kitchen,West,Consumer,Standard,193.82,2,0.0,387.64,69.78,59.0,3.1
ORD102256,2023-06-13,Home & Kitchen,Central,Consumer,Standard,99.58,2,0.0,199.16,35.85,41.0,5.0
ORD102257,2023-05-04,Home & Kitchen,Central,Corporate,Standard,372.44,7,0.05,2476.73,346.74,51.0,5.0
ORD102258,2024-07-30,Books,West,Corporate,Standard,57.61,5,0.2,230.44,-2.3,22.0,4.0
ORD102259,2023-01-27,Electronics,North,Consumer,Standard,966.36,7,0.05,6426.29,514.1,29.0,3.7
ORD102260,2024-01-27,Books,West,Consumer,Standard,55.04,7,0.0,385.28,57.79,23.0,3.5
ORD102261,2024-04-19,Home & Kitchen,East,Corporate,Standard,217.53,3,0.0,652.59,117.47,55.0,3.6
ORD102262,2023-09-18,Clothing,North,Consumer,Express,20.13,6,0.0,120.78,30.2,45.0,4.0
ORD102263,2023-06-04,Books,West,Consumer,Standard,26.82,2,0.15,45.59,1.37,41.0,2.5
ORD102264,2024-08-22,Clothing,North,Consumer,Same Day,80.1,6,0.0,480.6,120.15,24.0,5.0
ORD102265,2024-05-04,Electronics,Central,Corporate,Express,123.61,4,0.0,494.44,59.33,23.0,3.4
ORD102266,2023-07-10,Clothing,East,Consumer,Standard,142.61,6,0.0,855.66,213.92,56.0,3.2
ORD102267,2024-06-17,Beauty,North,Consumer,Express,108.79,5,0.0,543.95,163.18,51.0,3.8
ORD102268,2023-03-23,Home & Kitchen,Central,Consumer,Express,114.06,6,0.0,684.36,123.18,23.0,
ORD102269,2024-07-29,Electronics,West,Consumer,Standard,311.82,2,0.0,623.64,74.84,50.0,3.9
ORD102270,2024-04-01,Clothing,West,Consumer,Standard,103.01,4,0.1,370.84,63.04,,3.8
ORD102271,2024-07-21,Beauty,South,Corporate,Express,20.64,3,0.2,49.54,6.94,68.0,3.7
ORD102272,2023-05-07,Beauty,Central,Consumer,Standard,40.12,7,0.1,252.76,55.61,65.0,4.2
ORD102273,2024-09-03,Home & Kitchen,South,Corporate,Express,248.81,3,0.0,746.43,134.36,52.0,3.4
ORD102274,2024-09-18,Books,North,Consumer,Express,14.01,6,0.0,84.06,12.61,39.0,4.1
ORD102275,2024-12-03,Electronics,North,Corporate,Standard,303.65,1,0.15000000000000002,258.1,-0.0,32.0,3.5
ORD102276,2023-08-04,Books,Central,Consumer,Express,52.05,3,0.15,132.73,3.98,40.0,4.5
ORD102277,2023-10-18,Beauty,West,Consumer,Standard,104.44,3,0.2,250.66,35.09,62.0,4.6
ORD102278,2023-10-20,Clothing,East,Home Office,Standard,108.69,6,0.05,619.53,130.1,46.0,3.3
ORD102279,2024-05-25,Books,Central,Consumer,Express,27.38,2,0.0,54.76,8.21,39.0,5.0
ORD102280,2023-11-23,Electronics,South,Corporate,Standard,743.64,4,0.15000000000000002,2528.38,-0.0,69.0,4.8
ORD102281,2024-07-26,Electronics,Central,Consumer,Standard,113.7,3,0.3,238.77,-28.65,52.0,
ORD102282,2023-01-28,Home & Kitchen,West,Home Office,Same Day,367.6,7,0.0,2573.2,463.18,,3.4
ORD102283,2023-07-22,Sports,South,Corporate,Express,11.62,4,0.05,44.16,7.07,61.0,3.8
ORD102284,2024-07-08,Electronics,North,Consumer,Standard,1118.48,1,0.15,950.71,0.0,62.0,1.6
ORD102285,2024-08-31,Beauty,North,Corporate,Express,95.41,7,0.1,601.08,132.24,28.0,2.6
ORD102286,2024-06-14,Clothing,Central,Consumer,Express,90.02,6,0.05,513.11,107.75,37.0,4.3
ORD102287,2023-08-21,Home & Kitchen,South,Corporate,Standard,64.51,4,0.0,258.04,46.45,,3.4
ORD102288,2024-10-13,Electronics,North,Consumer,Standard,118.57,7,0.0,829.99,99.6,66.0,5.0
ORD102289,2024-04-06,Clothing,East,Corporate,Standard,35.96,1,0.05,34.16,7.17,39.0,3.3
ORD102290,2023-12-14,Clothing,South,Consumer,Standard,105.3,1,0.25,78.97,3.95,60.0,4.5
ORD102291,2024-04-12,Home & Kitchen,West,Corporate,Express,207.59,2,0.05,394.42,55.22,21.0,3.0
ORD102292,2023-06-01,Electronics,East,Consumer,Express,214.45,2,0.1,386.01,15.44,43.0,3.2
ORD102293,2023-02-26,Books,South,Corporate,Express,18.44,2,0.0,36.88,5.53,56.0,3.1
ORD102294,2023-11-23,Beauty,East,Consumer,Same Day,116.86,3,0.15000000000000002,297.99,53.64,19.0,3.9
ORD102295,2023-05-30,Clothing,Central,Consumer,Express,88.15,5,0.0,440.75,110.19,18.0,4.0
ORD102296,2024-06-02,Clothing,East,Corporate,Standard,102.99,4,0.05,391.36,82.19,40.0,
ORD102297,2023-02-13,Home & Kitchen,East,Consumer,Express,312.85,7,0.0,2189.95,394.19,58.0,4.2
ORD102298,2024-06-07,Books,North,Consumer,Same Day,28.4,2,0.0,56.8,8.52,38.0,4.6
ORD102299,2024-10-23,Home & Kitchen,South,Consumer,Standard,319.88,1,0.15,271.9,16.31,60.0,3.6
ORD102300,2024-12-16,Clothing,South,Consumer,Same Day,123.81,6,0.05,705.72,148.2,44.0,3.9
ORD102301,2024-06-02,Electronics,West,Consumer,Standard,682.64,4,0.05,2594.03,207.52,67.0,3.8
ORD102302,2024-09-27,Sports,West,Home Office,Same Day,160.22,4,0.0,640.88,128.18,25.0,3.4
ORD102303,2024-01-14,Home & Kitchen,West,Home Office,Standard,331.14,6,0.15,1688.81,101.33,57.0,4.5
ORD102304,2023-09-16,Books,Central,Consumer,Standard,13.62,7,0.0,95.34,14.3,43.0,3.1
ORD102305,2024-06-05,Beauty,East,Home Office,Standard,36.73,4,0.05,139.57,36.29,44.0,4.8
ORD102306,2023-11-19,Electronics,West,Corporate,Express,706.15,7,0.1,4448.74,177.95,68.0,3.6
ORD102307,2023-03-01,Electronics,Central,Corporate,Express,906.59,4,0.0,3626.36,435.16,,5.0
ORD102308,2023-04-11,Home & Kitchen,North,Consumer,Standard,62.97,5,0.1,283.36,28.34,61.0,4.6
ORD102309,2023-10-07,Books,North,Corporate,Express,11.62,3,0.0,34.86,5.23,67.0,2.5
ORD102310,2024-04-13,Books,South,Consumer,Standard,6.71,6,0.0,40.26,6.04,31.0,3.2
ORD102311,2023-02-10,Clothing,East,Home Office,Standard,65.04,6,0.05,370.73,77.85,67.0,5.0
ORD102312,2023-05-25,Clothing,East,Corporate,Express,116.39,1,0.15,98.93,12.86,59.0,2.6
ORD102313,2023-10-16,Electronics,Central,Consumer,Express,244.51,2,0.3,342.31,-41.08,47.0,5.0
ORD102314,2023-11-07,Sports,Central,Consumer,Express,156.55,6,0.05,892.34,142.77,22.0,3.2
ORD102315,2023-08-28,Home & Kitchen,South,Home Office,Standard,243.2,4,0.1,875.52,87.55,52.0,3.1
ORD102316,2023-09-13,Clothing,West,Home Office,Standard,81.4,2,0.05,154.66,32.48,,4.0
ORD102317,2024-01-02,Beauty,Central,Home Office,Express,28.48,3,0.1,76.9,16.92,34.0,
ORD102318,2024-09-11,Electronics,West,Consumer,Express,420.52,2,0.15,714.88,0.0,38.0,4.1
ORD102319,2024-10-19,Beauty,West,Consumer,Standard,104.4,6,0.05,595.08,154.72,27.0,3.4
ORD102320,2023-10-22,Home & Kitchen,South,Home Office,Express,190.16,5,0.3,665.56,-39.93,67.0,3.6
ORD102321,2024-04-19,Sports,Central,Consumer,Standard,11.99,7,0.15,71.34,5.71,60.0,3.7
ORD102322,2024-08-20,Clothing,East,Corporate,Express,111.71,6,0.05,636.75,133.72,29.0,3.1
ORD102323,2023-06-13,Electronics,South,Corporate,Standard,408.46,7,0.0,2859.22,343.11,50.0,4.9
ORD102324,2023-03-06,Electronics,North,Consumer,Standard,1024.96,3,0.1,2767.39,110.7,32.0,4.8
ORD102325,2024-12-28,Books,North,Consumer,Express,59.52,7,0.15000000000000002,354.14,10.62,42.0,3.7
ORD102326,2024-02-26,Electronics,East,Consumer,Express,923.41,1,0.05,877.24,70.18,33.0,3.2
ORD102327,2023-01-12,Electronics,East,Corporate,Standard,332.71,2,0.15,565.61,0.0,68.0,3.7
ORD102328,2024-05-17,Sports,Central,Corporate,Express,223.29,3,0.05,636.38,101.82,64.0,4.5
ORD102329,2023-11-29,Clothing,East,Home Office,Standard,98.28,7,0.15000000000000002,584.77,76.02,69.0,
ORD102330,2024-03-13,Books,South,Consumer,Same Day,5.72,6,0.2,27.46,-0.27,51.0,2.7
ORD102331,2024-06-28,Books,North,Home Office,Standard,7.48,3,0.05,21.32,2.35,35.0,5.0
ORD102332,2023-06-22,Sports,West,Home Office,Express,142.98,3,0.05,407.49,65.2,49.0,3.6
ORD102333,2023-09-13,Beauty,North,Consumer,Standard,47.34,7,0.05,314.81,81.85,57.0,5.0
ORD102334,2024-06-11,Electronics,South,Home Office,Standard,687.81,1,0.0,687.81,82.54,33.0,4.1
ORD102335,2024-10-11,Electronics,North,Consumer,Standard,572.22,3,0.3,1201.66,-144.2,28.0,4.8
ORD102336,2023-01-14,Electronics,East,Corporate,Standard,154.9,7,0.0,1084.3,130.12,47.0,3.8
ORD102337,2024-06-13,Home & Kitchen,South,Home Office,Standard,385.82,7,0.0,2700.74,486.13,47.0,3.6
ORD102338,2024-09-05,Clothing,North,Consumer,Standard,147.06,7,0.0,1029.42,257.36,40.0,4.5
ORD102339,2024-07-29,Clothing,North,Corporate,Standard,54.58,2,0.3,76.41,0.76,63.0,4.2
ORD102340,2024-12-31,Clothing,South,Consumer,Express,89.51,3,0.05,255.1,53.57,38.0,2.7
ORD102341,2024-11-10,Beauty,West,Consumer,Standard,94.7,4,0.1,340.92,75.0,40.0,3.4
ORD102342,2024-03-04,Electronics,South,Corporate,Standard,757.0,6,0.05,4314.9,345.19,68.0,4.7
ORD102343,2024-11-20,Beauty,East,Home Office,Standard,8.94,3,0.05,25.48,6.62,67.0,2.9
ORD102344,2024-02-04,Sports,South,Consumer,Standard,177.54,4,0.0,710.16,142.03,69.0,
ORD102345,2023-01-03,Beauty,South,Consumer,Standard,79.31,6,0.05,452.07,117.54,44.0,5.0
ORD102346,2023-11-15,Books,West,Corporate,Same Day,18.05,7,0.05,120.03,13.2,24.0,4.0
ORD102347,2023-01-17,Electronics,North,Consumer,Express,120.18,5,0.0,600.9,72.11,53.0,2.1
ORD102348,2023-07-26,Home & Kitchen,South,Consumer,Same Day,127.03,1,0.15,107.98,6.48,34.0,3.7
ORD102349,2024-01-01,Beauty,West,Consumer,Standard,90.43,3,0.2,217.03,30.38,34.0,3.7
ORD102350,2023-02-18,Sports,West,Home Office,Express,213.98,3,0.15,545.65,43.65,58.0,2.7
ORD102351,2024-07-14,Sports,East,Consumer,Express,281.27,2,0.05,534.41,85.51,29.0,3.6
ORD102352,2023-02-02,Beauty,North,Corporate,Express,56.42,1,0.0,56.42,16.93,39.0,3.0
ORD102353,2023-02-01,Beauty,South,Corporate,Express,39.15,6,0.0,234.9,70.47,50.0,3.1
ORD102354,2023-02-26,Beauty,East,Corporate,Standard,105.99,4,0.15,360.37,64.87,55.0,2.9
ORD102355,2023-02-23,Home & Kitchen,North,Corporate,Standard,173.11,3,0.0,519.33,93.48,,4.2
ORD102356,2023-04-23,Books,Central,Corporate,Standard,24.54,7,0.1,154.6,10.82,57.0,5.0
ORD102357,2023-06-04,Home & Kitchen,East,Consumer,Express,286.06,5,0.0,1430.3,257.45,37.0,3.7
ORD102358,2023-07-31,Clothing,North,Consumer,Standard,111.05,4,0.05,421.99,88.62,51.0,4.0
ORD102359,2023-09-23,Clothing,Central,Consumer,Standard,43.6,1,0.0,43.6,10.9,34.0,4.6
ORD102360,2024-08-06,Clothing,South,Consumer,Standard,53.16,7,0.05,353.51,74.24,68.0,4.8
ORD102361,2023-05-31,Sports,South,Home Office,Same Day,180.68,6,0.1,975.67,117.08,55.0,3.1
ORD102362,2024-11-11,Books,South,Corporate,Express,48.87,5,0.15000000000000002,207.7,6.23,67.0,2.1
ORD102363,2024-04-18,Clothing,North,Consumer,Standard,32.29,4,0.15,109.79,14.27,26.0,4.6
ORD102364,2023-09-02,Home & Kitchen,North,Corporate,Express,256.2,1,0.1,230.58,23.06,52.0,5.0
ORD102365,2024-11-08,Clothing,South,Consumer,Express,64.9,5,0.1,292.05,49.65,55.0,4.3
ORD102366,2023-11-09,Electronics,East,Consumer,Standard,872.92,3,0.05,2487.82,199.03,19.0,4.2
ORD102367,2023-10-31,Electronics,West,Consumer,Standard,286.43,5,0.1,1288.94,51.56,44.0,5.0
ORD102368,2024-10-14,Home & Kitchen,North,Consumer,Express,222.47,7,0.0,1557.29,280.31,25.0,5.0
ORD102369,2023-04-25,Clothing,East,Consumer,Standard,134.32,5,0.1,604.44,102.75,43.0,4.8
ORD102370,2023-12-25,Home & Kitchen,West,Home Office,Express,214.61,6,0.2,1030.13,20.6,37.0,3.5
ORD102371,2023-12-16,Home & Kitchen,West,Consumer,Standard,389.83,5,0.1,1754.24,175.42,31.0,3.2
ORD102372,2023-01-22,Electronics,Central,Corporate,Express,649.79,3,0.0,1949.37,233.92,58.0,3.9
ORD102373,2024-09-18,Electronics,East,Consumer,Express,334.43,5,0.05,1588.54,127.08,24.0,3.6
ORD102374,2023-08-12,Sports,South,Corporate,Standard,204.01,4,0.0,816.04,163.21,51.0,3.4
ORD102375,2024-10-09,Clothing,South,Consumer,Standard,60.0,4,0.2,192.0,17.28,58.0,3.5
ORD102376,2024-05-09,Sports,East,Corporate,Same Day,210.22,2,0.0,420.44,84.09,42.0,3.3
ORD102377,2024-03-11,Clothing,North,Corporate,Express,106.01,7,0.05,704.97,148.04,39.0,2.3
ORD102378,2023-09-21,Clothing,East,Home Office,Standard,84.25,1,0.1,75.82,12.89,32.0,4.2
ORD102379,2023-03-29,Electronics,West,Corporate,Same Day,1097.92,6,0.1,5928.77,237.15,66.0,3.8
ORD102380,2023-09-06,Home & Kitchen,Central,Home Office,Standard,163.06,7,0.05,1084.35,151.81,43.0,5.0
ORD102381,2023-08-08,Sports,South,Consumer,Express,222.74,7,0.1,1403.26,168.39,67.0,5.0
ORD102382,2024-10-06,Home & Kitchen,West,Corporate,Standard,30.82,3,0.0,92.46,16.64,26.0,5.0
ORD102383,2024-07-22,Sports,East,Home Office,Standard,134.86,2,0.05,256.23,41.0,57.0,3.7
ORD102384,2023-04-24,Clothing,East,Consumer,Standard,135.64,7,0.3,664.64,6.65,56.0,2.3
ORD102385,2023-05-02,Home & Kitchen,West,Consumer,Standard,238.86,3,0.1,644.92,64.49,69.0,4.6
ORD102386,2023-04-11,Clothing,West,Corporate,Standard,61.15,4,0.05,232.37,48.8,,3.1
ORD102387,2024-06-28,Sports,West,Corporate,Standard,179.98,4,0.0,719.92,143.98,37.0,4.0
ORD102388,2024-12-19,Electronics,South,Home Office,Express,495.29,6,0.05,2823.15,225.85,54.0,4.4
ORD102389,2023-04-06,Electronics,South,Consumer,Express,860.66,7,0.0,6024.62,722.95,64.0,4.4
ORD102390,2024-10-04,Books,Central,Home Office,Express,5.31,1,0.1,4.78,0.33,42.0,4.5
ORD102391,2024-02-20,Beauty,West,Consumer,Standard,114.17,2,0.1,205.51,45.21,29.0,
ORD102392,2024-01-22,Books,North,Corporate,Express,53.78,5,0.05,255.45,28.1,57.0,5.0
ORD102393,2024-07-08,Sports,North,Consumer,Standard,201.29,5,0.0,1006.45,201.29,39.0,
ORD102394,2023-12-28,Electronics,West,Consumer,Express,488.09,4,0.05,1854.74,148.38,59.0,5.0
ORD102395,2023-09-01,Sports,North,Corporate,Standard,135.66,1,0.15,115.31,9.22,38.0,5.0
ORD102396,2023-03-23,Books,East,Corporate,Express,15.82,6,0.1,85.43,5.98,26.0,5.0
ORD102397,2023-11-29,Books,East,Home Office,Standard,30.99,7,0.15000000000000002,184.39,5.53,48.0,4.5
ORD102398,2024-02-13,Electronics,South,Home Office,Express,508.51,7,0.05,3381.59,270.53,37.0,4.6
ORD102399,2023-03-02,Electronics,North,Consumer,Express,474.78,6,0.0,2848.68,341.84,35.0,
ORD102400,2023-05-27,Clothing,West,Corporate,Standard,55.75,1,0.0,55.75,13.94,59.0,4.1
ORD102401,2024-05-03,Books,South,Corporate,Express,46.86,4,0.3,131.21,-11.81,21.0,4.5
ORD102402,2023-08-02,Home & Kitchen,South,Corporate,Standard,15.33,2,0.1,27.59,2.76,26.0,3.9
ORD102403,2023-08-09,Home & Kitchen,East,Home Office,Standard,177.83,7,0.0,1244.81,224.07,62.0,4.0
ORD102404,2023-09-02,Electronics,South,Corporate,Standard,405.17,1,0.2,324.14,-12.97,29.0,3.2
ORD102405,2024-12-09,Home & Kitchen,North,Consumer,Express,340.48,6,0.35,1327.87,-132.79,,4.3
ORD102406,2024-07-13,Electronics,East,Consumer,Express,718.62,2,0.0,1437.24,172.47,21.0,3.6
ORD102407,2023-02-16,Home & Kitchen,North,Corporate,Standard,103.37,4,0.0,413.48,74.43,57.0,4.3
ORD102408,2023-07-16,Clothing,East,Consumer,Same Day,117.82,3,0.05,335.79,70.52,20.0,4.6
ORD102409,2024-05-05,Electronics,West,Home Office,Standard,135.03,1,0.05,128.28,10.26,40.0,4.3
ORD102410,2023-07-09,Beauty,West,Consumer,Standard,19.31,6,0.15,98.48,17.73,48.0,3.4
ORD102411,2023-04-11,Books,North,Corporate,Express,26.43,5,0.1,118.94,8.33,42.0,5.0
ORD102412,2024-12-30,Books,East,Corporate,Express,12.17,5,0.1,54.76,3.83,,5.0
ORD102413,2024-06-01,Home & Kitchen,South,Consumer,Same Day,179.24,2,0.0,358.48,64.53,18.0,5.0
ORD102414,2023-03-07,Electronics,West,Consumer,Standard,545.57,1,0.1,491.01,19.64,33.0,4.9
ORD102415,2024-01-06,Home & Kitchen,Central,Corporate,Express,214.26,3,0.1,578.5,57.85,58.0,3.9
ORD102416,2023-03-29,Electronics,Central,Corporate,Express,289.04,1,0.05,274.59,21.97,26.0,3.8
ORD102417,2024-03-25,Home & Kitchen,North,Consumer,Express,298.21,4,0.05,1133.2,158.65,24.0,5.0
ORD102418,2023-07-31,Beauty,South,Consumer,Express,13.86,7,0.0,97.02,29.11,,4.6
ORD102419,2024-08-02,Books,West,Corporate,Standard,5.54,1,0.3,3.88,-0.35,20.0,5.0
ORD102420,2023-09-03,Electronics,East,Corporate,Standard,644.64,1,0.15,547.94,0.0,35.0,4.8
ORD102421,2024-01-16,Clothing,Central,Consumer,Standard,16.81,2,0.0,33.62,8.4,67.0,4.8
ORD102422,2024-08-04,Electronics,North,Corporate,Same Day,741.31,3,0.05,2112.73,169.02,38.0,4.5
ORD102423,2023-12-12,Beauty,North,Home Office,Standard,63.45,1,0.2,50.76,7.11,20.0,4.2
ORD102424,2023-12-10,Sports,North,Corporate,Express,193.51,5,0.15000000000000002,822.42,65.79,42.0,4.7
ORD102425,2023-01-21,Sports,Central,Corporate,Standard,150.14,2,0.1,270.25,32.43,44.0,4.2
ORD102426,2024-10-04,Clothing,North,Home Office,Standard,88.01,1,0.0,88.01,22.0,46.0,4.6
ORD102427,2024-11-15,Clothing,South,Consumer,Standard,59.71,4,0.1,214.96,36.54,45.0,4.3
ORD102428,2023-01-24,Electronics,South,Consumer,Standard,582.91,5,0.05,2768.82,221.51,67.0,3.3
ORD102429,2024-12-02,Books,West,Corporate,Standard,55.86,1,0.15000000000000002,47.48,1.42,68.0,3.0
ORD102430,2024-08-09,Electronics,South,Corporate,Same Day,1058.57,2,0.0,2117.14,254.06,38.0,4.7
ORD102431,2024-01-28,Beauty,West,Corporate,Standard,13.48,3,0.0,40.44,12.13,68.0,3.5
ORD102432,2023-08-08,Beauty,East,Consumer,Standard,31.29,5,0.1,140.8,30.98,35.0,5.0
ORD102433,2023-10-26,Sports,Central,Home Office,Express,280.46,4,0.1,1009.66,121.16,33.0,4.2
ORD102434,2024-10-17,Clothing,North,Consumer,Express,42.6,6,0.2,204.48,18.4,60.0,4.3
ORD102435,2024-11-08,Beauty,East,Consumer,Standard,44.69,6,0.15000000000000002,227.92,41.03,63.0,4.5
ORD102436,2023-07-08,Home & Kitchen,South,Consumer,Express,383.57,5,0.05,1821.96,255.07,63.0,3.6
ORD102437,2023-01-25,Beauty,South,Consumer,Standard,83.52,6,0.0,501.12,150.34,38.0,4.2
ORD102438,2023-04-18,Sports,West,Consumer,Standard,166.5,4,0.05,632.7,101.23,56.0,4.7
ORD102439,2023-10-28,Electronics,West,Consumer,Standard,777.46,7,0.0,5442.22,653.07,51.0,5.0
ORD102440,2024-05-06,Home & Kitchen,North,Consumer,Express,366.39,3,0.0,1099.17,197.85,41.0,2.9
ORD102441,2024-07-08,Books,South,Consumer,Express,32.68,6,0.0,196.08,29.41,38.0,5.0
ORD102442,2024-07-18,Books,North,Consumer,Standard,48.52,5,0.0,242.6,36.39,61.0,4.3
ORD102443,2024-04-18,Home & Kitchen,North,Corporate,Express,343.34,4,0.0,1373.36,247.2,69.0,2.4
ORD102444,2024-07-09,Home & Kitchen,North,Home Office,Standard,274.59,7,0.05,1826.02,255.64,64.0,4.7
ORD102445,2024-10-26,Sports,North,Corporate,Same Day,50.15,5,0.1,225.68,27.08,49.0,4.5
ORD102446,2023-07-15,Beauty,North,Home Office,Standard,65.81,2,0.1,118.46,26.06,55.0,4.4
ORD102447,2023-01-15,Electronics,North,Consumer,Express,825.13,2,0.0,1650.26,198.03,40.0,3.7
ORD102448,2023-03-07,Clothing,North,Consumer,Standard,138.92,1,0.05,131.97,27.71,20.0,
ORD102449,2023-05-24,Electronics,North,Corporate,Standard,69.61,3,0.0,208.83,25.06,28.0,5.0
ORD102450,2023-06-21,Books,West,Home Office,Standard,10.96,4,0.2,35.07,-0.35,51.0,4.3
ORD102451,2023-03-25,Clothing,Central,Home Office,Express,147.75,2,0.0,295.5,73.88,37.0,4.6
ORD102452,2023-09-27,Home & Kitchen,Central,Home Office,Standard,70.43,7,0.15,419.06,25.14,30.0,3.0
ORD102453,2023-09-02,Clothing,East,Corporate,Same Day,19.5,2,0.05,37.05,7.78,48.0,4.3
ORD102454,2024-03-25,Books,North,Corporate,Express,5.66,6,0.1,30.56,2.14,28.0,4.3
ORD102455,2024-01-28,Clothing,East,Home Office,Express,114.91,4,0.0,459.64,114.91,32.0,5.0
ORD102456,2023-07-10,Clothing,West,Corporate,Standard,43.16,2,0.1,77.69,13.21,62.0,3.3
ORD102457,2024-12-07,Electronics,South,Consumer,Standard,1070.14,2,0.05,2033.27,162.66,62.0,5.0
ORD102458,2023-01-29,Sports,East,Corporate,Standard,154.61,4,0.0,618.44,123.69,34.0,4.1
ORD102459,2023-03-31,Books,South,Corporate,Express,51.66,3,0.05,147.23,16.2,54.0,4.0
ORD102460,2023-08-20,Clothing,East,Corporate,Standard,127.64,4,0.0,510.56,127.64,28.0,5.0
ORD102461,2024-01-30,Clothing,Central,Corporate,Express,131.86,2,0.15,224.16,29.14,31.0,4.5
ORD102462,2023-02-18,Clothing,Central,Consumer,Standard,37.54,5,0.2,150.16,13.51,25.0,3.3
ORD102463,2024-02-10,Beauty,Central,Consumer,Standard,60.65,4,0.0,242.6,72.78,59.0,4.5
ORD102464,2024-01-04,Electronics,West,Corporate,Standard,1019.22,3,0.3,2140.36,-256.84,42.0,3.1
ORD102465,2024-05-14,Beauty,North,Consumer,Standard,12.37,4,0.05,47.01,12.22,50.0,3.8
ORD102466,2023-03-29,Home & Kitchen,East,Home Office,Standard,116.64,3,0.1,314.93,31.49,45.0,3.3
ORD102467,2024-05-10,Electronics,Central,Consumer,Standard,499.99,5,0.1,2249.96,90.0,47.0,3.7
ORD102468,2024-05-01,Clothing,South,Home Office,Standard,72.31,4,0.1,260.32,44.25,19.0,2.7
ORD102469,2023-01-05,Home & Kitchen,West,Home Office,Same Day,208.86,6,0.05,1190.5,166.67,,2.8
ORD102470,2023-01-05,Sports,South,Home Office,Standard,281.48,5,0.1,1266.66,152.0,27.0,4.9
ORD102471,2023-11-09,Home & Kitchen,East,Home Office,Standard,238.31,6,0.15000000000000002,1215.38,72.92,42.0,
ORD102472,2023-03-30,Electronics,West,Consumer,Express,656.19,2,0.1,1181.14,47.25,34.0,4.5
ORD102473,2023-11-05,Electronics,Central,Home Office,Standard,511.37,2,0.1,920.47,36.82,38.0,
ORD102474,2023-10-31,Books,North,Home Office,Standard,34.29,4,0.2,109.73,-1.1,47.0,3.6
ORD102475,2024-10-12,Books,East,Consumer,Express,41.52,1,0.0,41.52,6.23,24.0,3.0
ORD102476,2024-04-07,Electronics,Central,Home Office,Standard,308.53,3,0.0,925.59,111.07,43.0,4.2
ORD102477,2023-06-11,Beauty,West,Corporate,Standard,108.2,5,0.0,541.0,162.3,18.0,3.4
ORD102478,2024-08-27,Electronics,South,Corporate,Express,134.59,7,0.0,942.13,113.06,66.0,
ORD102479,2024-07-09,Home & Kitchen,North,Corporate,Same Day,75.54,3,0.1,203.96,20.4,45.0,3.6
ORD102480,2024-11-21,Books,South,Consumer,Standard,28.91,5,0.05,137.32,15.11,43.0,5.0
ORD102481,2023-05-03,Clothing,West,Consumer,Standard,61.88,1,0.0,61.88,15.47,57.0,4.0
ORD102482,2023-07-21,Clothing,North,Consumer,Express,17.26,5,0.05,81.99,17.22,58.0,4.9
ORD102483,2023-11-26,Books,East,Consumer,Express,25.95,1,0.05,24.65,2.71,56.0,4.5
ORD102484,2023-03-26,Books,Central,Consumer,Standard,6.35,7,0.1,40.0,2.8,58.0,
ORD102485,2024-09-14,Sports,East,Consumer,Express,139.67,2,0.15,237.44,19.0,62.0,3.0
ORD102486,2023-06-01,Electronics,West,Consumer,Standard,793.58,6,0.05,4523.41,361.87,25.0,3.3
ORD102487,2024-02-07,Electronics,Central,Corporate,Express,518.44,2,0.15,881.35,0.0,66.0,4.3
ORD102488,2023-01-27,Electronics,South,Consumer,Standard,994.09,2,0.0,1988.18,238.58,59.0,4.5
ORD102489,2024-01-29,Sports,East,Home Office,Express,33.14,7,0.2,185.58,7.42,24.0,2.5
ORD102490,2023-01-23,Home & Kitchen,North,Consumer,Standard,16.92,6,0.0,101.52,18.27,,2.4
ORD102491,2024-04-17,Electronics,West,Corporate,Standard,419.28,7,0.0,2934.96,352.2,49.0,3.0
ORD102492,2024-11-23,Beauty,East,Consumer,Standard,99.38,2,0.25,149.07,14.91,34.0,5.0
ORD102493,2023-06-10,Electronics,South,Home Office,Standard,926.81,2,0.05,1760.94,140.88,30.0,
ORD102494,2024-12-11,Beauty,Central,Corporate,Express,85.58,3,0.05,243.9,63.41,22.0,3.7
ORD102495,2023-06-20,Home & Kitchen,West,Consumer,Standard,327.17,5,0.2,1308.68,26.17,22.0,3.0
ORD102496,2024-02-25,Home & Kitchen,Central,Consumer,Standard,75.46,1,0.0,75.46,13.58,52.0,4.2
ORD102497,2023-01-03,Electronics,South,Consumer,Same Day,1052.82,6,0.05,6001.07,480.09,44.0,4.4
ORD102498,2024-03-05,Clothing,North,Consumer,Standard,22.31,1,0.1,20.08,3.41,48.0,5.0
ORD102499,2023-03-30,Beauty,Central,Home Office,Express,84.9,5,0.15,360.82,64.95,51.0,4.9
ORD102500,2023-11-26,Home & Kitchen,South,Consumer,Standard,176.95,1,0.05,168.1,23.53,19.0,2.3
ORD102501,2024-12-11,Electronics,South,Consumer,Same Day,1161.89,4,0.05,4415.18,353.21,69.0,4.4
ORD102502,2024-07-04,Sports,North,Consumer,Standard,59.07,5,0.1,265.82,31.9,25.0,3.2
ORD102503,2024-06-21,Clothing,East,Home Office,Standard,114.53,2,0.1,206.15,35.05,67.0,3.3
ORD102504,2024-07-09,Beauty,North,Consumer,Same Day,14.15,4,0.1,50.94,11.21,65.0,2.9
ORD102505,2023-12-15,Books,North,Consumer,Express,51.77,2,0.15000000000000002,88.01,2.64,31.0,2.6
ORD102506,2024-12-25,Sports,East,Consumer,Standard,171.79,4,0.2,549.73,21.99,66.0,4.6
ORD102507,2023-02-07,Books,North,Corporate,Same Day,41.36,6,0.0,248.16,37.22,57.0,3.3
ORD102508,2023-06-17,Home & Kitchen,East,Consumer,Express,130.06,1,0.1,117.05,11.7,44.0,4.5
ORD102509,2023-02-24,Electronics,East,Consumer,Standard,519.42,4,0.05,1973.8,157.9,45.0,3.1
ORD102510,2023-08-23,Sports,North,Corporate,Same Day,123.9,7,0.1,780.57,93.67,66.0,5.0
ORD102511,2023-02-11,Clothing,East,Consumer,Express,41.46,4,0.0,165.84,41.46,28.0,3.7
ORD102512,2023-10-05,Beauty,North,Corporate,Standard,8.97,4,0.0,35.88,10.76,36.0,5.0
ORD102513,2024-09-20,Clothing,East,Home Office,Standard,40.45,4,0.1,145.62,24.76,23.0,4.9
ORD102514,2023-02-14,Electronics,West,Consumer,Same Day,652.94,2,0.05,1240.59,99.25,66.0,5.0
ORD102515,2024-06-02,Sports,West,Consumer,Standard,212.27,7,0.2,1188.71,47.55,47.0,4.8
ORD102516,2024-08-05,Electronics,West,Consumer,Express,826.5,7,0.05,5496.22,439.7,41.0,4.5
ORD102517,2023-02-24,Home & Kitchen,North,Consumer,Standard,304.43,1,0.1,273.99,27.4,37.0,3.5
ORD102518,2024-08-19,Electronics,West,Consumer,Standard,649.15,3,0.0,1947.45,233.69,40.0,5.0
ORD102519,2023-05-18,Electronics,Central,Consumer,Express,377.0,3,0.15,961.35,0.0,21.0,4.1
ORD102520,2023-05-04,Beauty,West,Consumer,Standard,103.83,3,0.05,295.92,76.94,67.0,3.4
ORD102521,2024-03-26,Home & Kitchen,South,Corporate,Standard,253.94,3,0.1,685.64,68.56,60.0,
ORD102522,2023-06-11,Books,North,Home Office,Express,13.28,2,0.0,26.56,3.98,67.0,3.4
ORD102523,2023-04-28,Home & Kitchen,South,Consumer,Standard,277.63,5,0.0,1388.15,249.87,64.0,5.0
ORD102524,2024-04-12,Electronics,West,Home Office,Same Day,716.29,4,0.0,2865.16,343.82,37.0,
ORD102525,2024-03-02,Electronics,Central,Corporate,Standard,1157.42,5,0.0,5787.1,694.45,38.0,4.0
ORD102526,2024-05-13,Beauty,Central,Corporate,Same Day,64.91,1,0.05,61.66,16.03,,4.5
ORD102527,2023-01-14,Home & Kitchen,Central,Home Office,Standard,138.17,4,0.0,552.68,99.48,35.0,4.4
ORD102528,2024-01-29,Electronics,Central,Home Office,Standard,129.13,7,0.2,723.13,-28.93,35.0,5.0
ORD102529,2023-04-17,Sports,North,Corporate,Standard,245.38,7,0.0,1717.66,343.53,51.0,3.0
ORD102530,2023-12-12,Clothing,South,Home Office,Standard,87.9,4,0.2,281.28,25.32,30.0,3.8
ORD102531,2023-08-12,Sports,South,Consumer,Standard,100.0,7,0.2,560.0,22.4,38.0,3.7
ORD102532,2024-02-07,Clothing,East,Consumer,Standard,52.35,1,0.05,49.73,10.44,19.0,3.4
ORD102533,2024-11-09,Clothing,West,Consumer,Same Day,26.32,2,0.05,50.01,10.5,68.0,4.6
ORD102534,2024-09-17,Sports,North,Home Office,Standard,249.38,3,0.0,748.14,149.63,25.0,3.2
ORD102535,2023-03-01,Clothing,East,Consumer,Standard,33.31,5,0.0,166.55,41.64,69.0,3.9
ORD102536,2023-10-25,Clothing,East,Consumer,Express,128.24,5,0.15,545.02,70.85,68.0,4.5
ORD102537,2024-09-28,Home & Kitchen,North,Corporate,Standard,98.59,2,0.05,187.32,26.22,19.0,3.2
ORD102538,2024-10-28,Electronics,West,Consumer,Standard,368.71,4,0.1,1327.36,53.09,35.0,5.0
ORD102539,2024-01-16,Clothing,West,Home Office,Standard,42.7,5,0.0,213.5,53.38,40.0,
ORD102540,2023-11-08,Beauty,East,Consumer,Standard,115.14,7,0.15000000000000002,685.08,123.31,53.0,5.0
ORD102541,2023-07-30,Books,Central,Consumer,Standard,59.34,7,0.05,394.61,43.41,59.0,4.7
ORD102542,2023-08-13,Clothing,West,Corporate,Standard,89.14,4,0.1,320.9,54.55,51.0,3.5
ORD102543,2023-10-25,Home & Kitchen,South,Home Office,Express,168.5,1,0.3,117.95,-7.08,54.0,5.0
ORD102544,2023-05-07,Books,East,Consumer,Express,16.23,4,0.3,45.44,-4.09,58.0,4.2
ORD102545,2023-04-12,Beauty,North,Corporate,Express,48.27,2,0.0,96.54,28.96,54.0,4.5
ORD102546,2024-11-05,Electronics,South,Consumer,Standard,1175.57,1,0.05,1116.79,89.34,68.0,4.5
ORD102547,2023-11-10,Books,North,Consumer,Standard,9.07,6,0.25,40.82,-2.04,55.0,4.0
ORD102548,2024-08-01,Home & Kitchen,Central,Consumer,Standard,183.75,4,0.0,735.0,132.3,39.0,2.7
ORD102549,2023-08-21,Electronics,Central,Consumer,Express,332.25,2,0.1,598.05,23.92,65.0,3.5
ORD102550,2023-12-13,Clothing,Central,Home Office,Standard,57.6,7,0.15000000000000002,342.72,44.55,56.0,2.7
ORD102551,2023-02-19,Clothing,Central,Corporate,Same Day,24.46,6,0.05,139.42,29.28,30.0,4.0
ORD102552,2024-12-17,Books,East,Home Office,Standard,50.8,1,0.1,45.72,3.2,45.0,3.6
ORD102553,2023-08-05,Clothing,West,Home Office,Express,21.79,6,0.05,124.2,26.08,,2.6
ORD102554,2024-01-31,Electronics,South,Consumer,Standard,250.63,1,0.1,225.57,9.02,34.0,3.9
ORD102555,2023-11-22,Books,East,Consumer,Standard,58.09,4,0.05,220.74,24.28,48.0,5.0
ORD102556,2024-11-06,Home & Kitchen,East,Consumer,Same Day,124.61,1,0.05,118.38,16.57,62.0,3.4
ORD102557,2024-07-29,Home & Kitchen,West,Corporate,Standard,38.11,1,0.0,38.11,6.86,69.0,4.7
ORD102558,2023-02-07,Home & Kitchen,South,Consumer,Standard,220.27,2,0.0,440.54,79.3,32.0,3.8
ORD102559,2023-05-07,Books,West,Corporate,Standard,11.37,2,0.2,18.19,-0.18,32.0,3.0
ORD102560,2023-07-02,Electronics,South,Corporate,Standard,471.27,6,0.05,2686.24,214.9,69.0,4.2
ORD102561,2023-08-02,Clothing,North,Consumer,Express,92.13,4,0.2,294.82,26.53,58.0,2.1
ORD102562,2024-09-28,Sports,South,Corporate,Express,25.78,5,0.1,116.01,13.92,46.0,3.4
ORD102563,2024-06-24,Sports,South,Consumer,Express,74.66,6,0.15,380.77,30.46,32.0,4.6
ORD102564,2023-02-09,Beauty,South,Corporate,Express,47.86,6,0.0,287.16,86.15,62.0,3.2
ORD102565,2024-02-10,Clothing,Central,Home Office,Standard,136.48,4,0.1,491.33,83.53,48.0,5.0
ORD102566,2023-06-30,Sports,West,Consumer,Express,230.15,1,0.0,230.15,46.03,64.0,4.3
ORD102567,2023-09-26,Electronics,East,Corporate,Standard,1081.97,4,0.0,4327.88,519.35,28.0,3.2
ORD102568,2023-09-25,Beauty,East,Consumer,Express,53.7,4,0.0,214.8,64.44,53.0,5.0
ORD102569,2024-07-16,Clothing,South,Consumer,Standard,127.18,1,0.0,127.18,31.8,26.0,3.9
ORD102570,2023-11-13,Clothing,North,Consumer,Standard,49.77,7,0.05,330.97,69.5,53.0,5.0
ORD102571,2024-02-04,Electronics,North,Home Office,Standard,1002.27,2,0.1,1804.09,72.16,42.0,5.0
ORD102572,2023-08-29,Beauty,East,Consumer,Standard,116.4,1,0.1,104.76,23.05,19.0,4.1
ORD102573,2023-08-14,Home & Kitchen,East,Consumer,Same Day,82.08,6,0.0,492.48,88.65,51.0,4.1
ORD102574,2023-07-03,Sports,South,Consumer,Standard,205.89,1,0.0,205.89,41.18,40.0,3.8
ORD102575,2023-10-17,Home & Kitchen,Central,Home Office,Express,117.54,3,0.1,317.36,31.74,46.0,4.2
ORD102576,2023-11-06,Home & Kitchen,North,Consumer,Express,381.42,1,0.05,362.35,50.73,26.0,4.2
ORD102577,2024-06-04,Sports,North,Consumer,Standard,134.86,1,0.15,114.63,9.17,44.0,3.5
ORD102578,2024-07-31,Clothing,North,Home Office,Standard,146.55,6,0.05,835.34,175.42,43.0,3.7
ORD102579,2023-07-02,Home & Kitchen,South,Consumer,Standard,394.93,2,0.1,710.87,71.09,60.0,4.5
ORD102580,2023-08-20,Home & Kitchen,South,Home Office,Standard,96.73,3,0.0,290.19,52.23,58.0,1.8
ORD102581,2024-01-05,Beauty,South,Consumer,Standard,43.25,3,0.1,116.78,25.69,20.0,3.2
ORD102582,2024-06-26,Clothing,East,Corporate,Express,111.42,5,0.0,557.1,139.28,67.0,4.4
ORD102583,2023-07-02,Books,South,Consumer,Express,15.56,1,0.05,14.78,1.63,54.0,4.9
ORD102584,2024-12-30,Books,South,Consumer,Same Day,7.49,4,0.15000000000000002,25.47,0.76,18.0,4.7
ORD102585,2024-03-26,Clothing,East,Home Office,Standard,74.46,4,0.0,297.84,74.46,30.0,4.8
ORD102586,2023-11-29,Clothing,East,Consumer,Standard,63.54,2,0.15000000000000002,108.02,14.04,29.0,5.0
ORD102587,2023-10-26,Electronics,North,Consumer,Standard,932.03,3,0.05,2656.29,212.5,56.0,3.1
ORD102588,2023-02-15,Beauty,East,Consumer,Standard,78.5,7,0.0,549.5,164.85,58.0,4.8
ORD102589,2024-01-08,Electronics,Central,Consumer,Standard,757.27,5,0.0,3786.35,454.36,26.0,4.1
ORD102590,2024-04-02,Books,Central,Consumer,Standard,34.14,1,0.15,29.02,0.87,41.0,2.7
ORD102591,2023-04-15,Home & Kitchen,East,Consumer,Express,246.08,7,0.0,1722.56,310.06,29.0,3.3
ORD102592,2024-12-01,Clothing,South,Corporate,Standard,33.11,7,0.05,220.18,46.24,24.0,3.9
ORD102593,2024-07-24,Clothing,East,Consumer,Standard,94.52,7,0.0,661.64,165.41,24.0,3.0
ORD102594,2024-09-06,Clothing,South,Consumer,Express,145.14,7,0.1,914.38,155.44,44.0,3.6
ORD102595,2024-03-30,Clothing,East,Consumer,Standard,18.66,1,0.0,18.66,4.66,22.0,5.0
ORD102596,2023-03-05,Home & Kitchen,East,Consumer,Standard,384.71,7,0.0,2692.97,484.73,63.0,3.7
ORD102597,2023-07-29,Home & Kitchen,East,Consumer,Standard,77.29,1,0.1,69.56,6.96,55.0,4.6
ORD102598,2024-11-03,Home & Kitchen,Central,Corporate,Express,27.48,3,0.15000000000000002,70.07,4.2,67.0,4.8
ORD102599,2024-01-15,Clothing,North,Consumer,Express,108.56,5,0.1,488.52,83.05,47.0,4.6
ORD102600,2024-08-04,Sports,South,Home Office,Standard,231.56,3,0.15,590.48,47.24,48.0,2.7
ORD102601,2024-05-15,Electronics,West,Corporate,Same Day,524.02,2,0.0,1048.04,125.76,59.0,4.7
ORD102602,2024-11-10,Electronics,West,Corporate,Standard,985.12,2,0.35,1280.66,-204.91,20.0,3.9
ORD102603,2024-12-10,Electronics,West,Home Office,Standard,444.86,6,0.35,1734.95,-277.59,24.0,3.6
ORD102604,2023-10-14,Books,North,Corporate,Standard,16.45,1,0.2,13.16,-0.13,21.0,4.8
ORD102605,2024-08-14,Clothing,South,Consumer,Express,92.78,1,0.0,92.78,23.2,25.0,3.4
ORD102606,2024-08-22,Home & Kitchen,East,Consumer,Standard,219.81,5,0.3,769.33,-46.16,31.0,3.6
ORD102607,2024-04-05,Electronics,North,Consumer,Express,1057.24,1,0.0,1057.24,126.87,48.0,3.2
ORD102608,2024-11-05,Beauty,South,Consumer,Standard,27.77,2,0.1,49.99,11.0,66.0,3.9
ORD102609,2023-11-11,Books,East,Consumer,Express,24.58,3,0.1,66.37,4.65,51.0,5.0
ORD102610,2024-06-01,Electronics,North,Consumer,Standard,1145.41,4,0.0,4581.64,549.8,31.0,3.7
ORD102611,2023-10-24,Sports,North,Consumer,Same Day,157.81,4,0.0,631.24,126.25,41.0,4.6
ORD102612,2024-12-25,Books,East,Consumer,Express,52.24,4,0.1,188.06,13.16,,3.8
ORD102613,2024-09-07,Electronics,West,Consumer,Standard,854.0,7,0.1,5380.2,215.21,38.0,4.4
ORD102614,2024-11-08,Sports,South,Consumer,Standard,34.72,2,0.05,65.97,10.56,58.0,4.2
ORD102615,2024-04-30,Clothing,West,Home Office,Standard,118.63,4,0.3,332.16,3.32,52.0,4.2
ORD102616,2024-11-26,Clothing,South,Consumer,Express,92.48,6,0.1,499.39,84.9,31.0,2.9
ORD102617,2023-01-25,Electronics,South,Home Office,Same Day,856.55,7,0.05,5696.06,455.68,44.0,2.9
ORD102618,2023-06-27,Books,South,Consumer,Standard,53.7,4,0.15,182.58,5.48,57.0,3.7
ORD102619,2024-05-15,Sports,East,Consumer,Standard,44.76,5,0.05,212.61,34.02,47.0,4.7
ORD102620,2023-08-20,Beauty,South,Home Office,Standard,46.69,5,0.2,186.76,26.15,33.0,4.9
ORD102621,2024-08-23,Beauty,Central,Consumer,Standard,29.17,2,0.0,58.34,17.5,19.0,5.0
ORD102622,2024-03-27,Sports,Central,Consumer,Standard,98.73,4,0.0,394.92,78.98,23.0,4.8
ORD102623,2023-01-03,Home & Kitchen,West,Consumer,Express,25.12,4,0.1,90.43,9.04,27.0,4.5
ORD102624,2024-12-01,Clothing,North,Consumer,Standard,113.6,4,0.15000000000000002,386.24,50.21,32.0,5.0
ORD102625,2023-05-01,Electronics,West,Consumer,Same Day,584.13,3,0.2,1401.91,-56.08,36.0,3.2
ORD102626,2024-12-10,Electronics,West,Home Office,Standard,324.58,6,0.25,1460.61,-116.85,,3.6
ORD102627,2024-01-16,Electronics,Central,Consumer,Standard,561.44,7,0.15,3340.57,0.0,67.0,4.9
ORD102628,2023-11-25,Clothing,South,Home Office,Standard,35.41,6,0.05,201.84,42.39,18.0,4.7
ORD102629,2023-11-17,Beauty,Central,Corporate,Standard,36.28,3,0.05,103.4,26.88,61.0,5.0
ORD102630,2023-02-21,Clothing,South,Consumer,Standard,130.92,3,0.2,314.21,28.28,38.0,5.0
ORD102631,2023-06-21,Books,North,Consumer,Standard,6.13,7,0.05,40.76,4.48,43.0,4.2
ORD102632,2023-08-04,Sports,West,Corporate,Same Day,54.51,3,0.1,147.18,17.66,19.0,2.9
ORD102633,2023-12-24,Electronics,South,Home Office,Express,434.84,2,0.35,565.29,-90.45,43.0,3.5
ORD102634,2024-10-09,Books,North,Corporate,Standard,19.88,6,0.15,101.39,3.04,43.0,3.3
ORD102635,2024-05-10,Electronics,East,Corporate,Standard,706.48,1,0.05,671.16,53.69,25.0,4.5
ORD102636,2024-03-22,Clothing,East,Consumer,Standard,93.61,1,0.05,88.93,18.68,67.0,4.3
ORD102637,2023-05-17,Beauty,West,Corporate,Same Day,113.37,6,0.05,646.21,168.01,50.0,4.6
ORD102638,2024-12-03,Books,West,Corporate,Express,23.82,3,0.1,64.31,4.5,38.0,3.5
ORD102639,2024-02-14,Electronics,South,Home Office,Same Day,535.13,1,0.0,535.13,64.22,,4.1
ORD102640,2023-12-13,Beauty,West,Consumer,Standard,101.58,3,0.05,289.5,75.27,36.0,3.7
ORD102641,2024-07-02,Home & Kitchen,Central,Consumer,Standard,85.25,4,0.15,289.85,17.39,30.0,
ORD102642,2024-11-09,Sports,East,Consumer,Standard,102.37,2,0.05,194.5,31.12,32.0,5.0
ORD102643,2024-04-16,Beauty,East,Consumer,Express,14.45,4,0.0,57.8,17.34,18.0,4.7
ORD102644,2023-12-29,Electronics,South,Corporate,Standard,236.78,2,0.15000000000000002,402.53,-0.0,51.0,5.0
ORD102645,2024-03-17,Books,South,Corporate,Standard,36.37,3,0.15,92.74,2.78,19.0,5.0
ORD102646,2023-12-26,Electronics,Central,Home Office,Standard,610.11,6,0.2,2928.53,-117.14,18.0,3.1
ORD102647,2023-09-17,Home & Kitchen,South,Consumer,Standard,201.53,3,0.05,574.36,80.41,27.0,4.1
ORD102648,2024-07-16,Home & Kitchen,North,Consumer,Standard,59.08,1,0.0,59.08,10.63,24.0,5.0
ORD102649,2023-01-30,Beauty,East,Consumer,Express,73.64,7,0.0,515.48,154.64,34.0,4.2
ORD102650,2024-01-16,Sports,East,Home Office,Express,203.15,7,0.1,1279.84,153.58,50.0,5.0
ORD102651,2023-05-19,Beauty,West,Home Office,Standard,99.39,7,0.05,660.94,171.84,50.0,3.9
ORD102652,2024-12-31,Home & Kitchen,East,Corporate,Standard,20.91,4,0.35,54.37,-5.44,24.0,4.7
ORD102653,2024-01-16,Books,South,Corporate,Same Day,54.58,3,0.0,163.74,24.56,40.0,4.9
ORD102654,2024-05-07,Sports,South,Consumer,Same Day,155.99,4,0.1,561.56,67.39,49.0,3.6
ORD102655,2023-05-19,Clothing,East,Consumer,Standard,132.46,7,0.1,834.5,141.86,42.0,4.8
ORD102656,2024-02-03,Books,East,Consumer,Standard,5.42,4,0.1,19.51,1.37,46.0,3.7
ORD102657,2023-01-30,Beauty,West,Consumer,Express,56.84,6,0.1,306.94,67.53,25.0,3.6
ORD102658,2024-11-27,Books,South,Consumer,Standard,35.19,4,0.1,126.68,8.87,25.0,5.0
ORD102659,2024-09-04,Sports,South,Corporate,Standard,238.8,1,0.15,202.98,16.24,33.0,5.0
ORD102660,2023-09-18,Clothing,North,Consumer,Express,35.93,6,0.0,215.58,53.9,59.0,3.4
ORD102661,2023-03-02,Sports,West,Consumer,Standard,11.79,4,0.0,47.16,9.43,,3.2
ORD102662,2023-12-28,Clothing,East,Consumer,Express,125.18,6,0.25,563.31,28.17,39.0,4.5
ORD102663,2023-04-17,Sports,East,Consumer,Standard,200.82,3,0.0,602.46,120.49,42.0,4.1
ORD102664,2023-08-07,Electronics,East,Corporate,Standard,377.5,2,0.0,755.0,90.6,47.0,3.1
ORD102665,2023-03-22,Books,West,Corporate,Standard,37.05,1,0.05,35.2,3.87,19.0,4.8
ORD102666,2024-11-27,Home & Kitchen,South,Home Office,Standard,361.97,6,0.05,2063.23,288.85,64.0,4.1
ORD102667,2023-06-26,Home & Kitchen,Central,Home Office,Standard,67.86,6,0.0,407.16,73.29,22.0,2.7
ORD102668,2024-03-01,Electronics,Central,Corporate,Express,68.4,7,0.0,478.8,57.46,41.0,3.8
ORD102669,2023-12-02,Books,North,Consumer,Express,32.14,1,0.2,25.71,-0.26,25.0,5.0
ORD102670,2023-01-22,Sports,South,Consumer,Standard,81.67,3,0.0,245.01,49.0,45.0,5.0
ORD102671,2024-09-22,Home & Kitchen,East,Corporate,Express,28.33,6,0.1,152.98,15.3,23.0,4.5
ORD102672,2023-12-24,Home & Kitchen,West,Corporate,Standard,57.22,2,0.15000000000000002,97.27,5.84,59.0,4.5
ORD102673,2023-03-17,Home & Kitchen,South,Corporate,Express,101.92,7,0.05,677.77,94.89,35.0,4.2
ORD102674,2024-05-06,Electronics,South,Consumer,Express,707.54,6,0.05,4032.98,322.64,60.0,5.0
ORD102675,2023-01-25,Beauty,Central,Consumer,Standard,101.62,7,0.15,604.64,108.84,66.0,4.3
ORD102676,2023-10-05,Electronics,South,Consumer,Express,911.81,3,0.0,2735.43,328.25,57.0,2.9
ORD102677,2023-05-15,Clothing,South,Consumer,Standard,22.21,7,0.05,147.7,31.02,59.0,3.0
ORD102678,2024-06-16,Clothing,Central,Consumer,Standard,63.52,3,0.3,133.39,1.33,38.0,4.4
ORD102679,2023-02-13,Home & Kitchen,South,Consumer,Standard,205.8,1,0.2,164.64,3.29,69.0,4.5
ORD102680,2023-04-15,Electronics,South,Consumer,Standard,425.01,6,0.05,2422.56,193.8,21.0,3.5
ORD102681,2024-02-09,Clothing,South,Corporate,Standard,116.43,7,0.0,815.01,203.75,40.0,3.8
ORD102682,2024-02-15,Home & Kitchen,Central,Corporate,Express,151.9,4,0.2,486.08,9.72,49.0,4.8
ORD102683,2024-10-23,Sports,East,Home Office,Standard,297.79,5,0.05,1414.5,226.32,37.0,4.5
ORD102684,2024-01-25,Electronics,South,Corporate,Same Day,715.17,2,0.0,1430.34,171.64,60.0,3.9
ORD102685,2024-11-09,Electronics,East,Consumer,Standard,1061.85,1,0.15000000000000002,902.57,-0.0,64.0,5.0
ORD102686,2023-10-11,Electronics,East,Consumer,Standard,422.18,3,0.2,1013.23,-40.53,27.0,4.1
ORD102687,2024-07-12,Sports,South,Home Office,Same Day,201.55,6,0.05,1148.84,183.81,68.0,4.0
ORD102688,2024-01-24,Beauty,West,Consumer,Standard,10.67,1,0.2,8.54,1.2,64.0,3.5
ORD102689,2024-04-03,Clothing,North,Consumer,Standard,59.68,3,0.0,179.04,44.76,25.0,
ORD102690,2024-08-06,Books,South,Corporate,Standard,58.16,6,0.0,348.96,52.34,61.0,3.5
ORD102691,2024-03-05,Clothing,North,Corporate,Standard,98.04,3,0.0,294.12,73.53,66.0,4.0
ORD102692,2023-09-13,Clothing,East,Home Office,Express,96.03,7,0.05,638.6,134.11,22.0,2.6
ORD102693,2023-03-20,Home & Kitchen,West,Home Office,Same Day,54.44,1,0.3,38.11,-2.29,30.0,4.6
ORD102694,2023-02-14,Beauty,South,Corporate,Standard,55.08,7,0.1,347.0,76.34,55.0,
ORD102695,2024-08-05,Books,South,Consumer,Express,39.39,1,0.1,35.45,2.48,33.0,3.7
ORD102696,2024-06-28,Electronics,South,Corporate,Standard,823.62,5,0.1,3706.29,148.25,47.0,3.4
ORD102697,2024-09-10,Electronics,East,Consumer,Standard,426.63,5,0.1,1919.84,76.79,52.0,3.7
ORD102698,2024-09-23,Books,East,Consumer,Same Day,32.74,2,0.1,58.93,4.13,69.0,4.3
ORD102699,2024-07-02,Electronics,North,Corporate,Standard,409.22,3,0.1,1104.89,44.2,33.0,5.0
ORD102700,2024-03-11,Clothing,West,Consumer,Standard,88.57,5,0.1,398.56,67.76,55.0,4.1
ORD102701,2024-10-20,Beauty,West,Consumer,Express,111.3,2,0.1,200.34,44.07,41.0,5.0
ORD102702,2024-10-09,Electronics,North,Consumer,Standard,759.98,2,0.3,1063.97,-127.68,21.0,4.6
ORD102703,2023-02-27,Electronics,South,Consumer,Standard,659.46,2,0.0,1318.92,158.27,22.0,3.3
ORD102704,2024-07-13,Beauty,South,Corporate,Standard,19.31,5,0.2,77.24,10.81,38.0,3.9
ORD102705,2023-08-28,Books,North,Consumer,Standard,29.39,5,0.05,139.6,15.36,58.0,4.4
ORD102706,2023-04-08,Beauty,West,Home Office,Standard,72.0,2,0.0,144.0,43.2,67.0,3.5
ORD102707,2024-10-11,Sports,North,Consumer,Standard,205.23,2,0.15,348.89,27.91,58.0,3.5
ORD102708,2024-07-31,Sports,Central,Consumer,Standard,130.13,2,0.0,260.26,52.05,37.0,3.0
ORD102709,2023-12-23,Electronics,South,Consumer,Standard,562.14,1,0.1,505.93,20.24,64.0,5.0
ORD102710,2024-09-11,Clothing,West,Home Office,Express,73.5,2,0.1,132.3,22.49,63.0,4.0
ORD102711,2023-01-24,Beauty,North,Corporate,Express,25.03,7,0.1,157.69,34.69,37.0,4.8
ORD102712,2024-04-22,Electronics,East,Consumer,Express,66.29,6,0.0,397.74,47.73,,
ORD102713,2023-01-23,Clothing,Central,Corporate,Express,16.5,1,0.0,16.5,4.12,57.0,3.2
ORD102714,2024-09-06,Electronics,West,Consumer,Standard,126.4,2,0.05,240.16,19.21,56.0,3.5
ORD102715,2023-09-09,Home & Kitchen,South,Consumer,Standard,264.34,1,0.1,237.91,23.79,33.0,3.7
ORD102716,2023-02-17,Electronics,South,Corporate,Standard,375.7,2,0.05,713.83,57.11,53.0,4.1
ORD102717,2024-04-24,Electronics,Central,Consumer,Same Day,449.67,4,0.0,1798.68,215.84,40.0,5.0
ORD102718,2024-12-26,Clothing,West,Consumer,Standard,33.65,4,0.1,121.14,20.59,21.0,5.0
ORD102719,2024-12-24,Sports,Central,Consumer,Express,130.34,1,0.05,123.82,19.81,23.0,3.5
ORD102720,2024-09-17,Beauty,South,Consumer,Same Day,49.14,4,0.05,186.73,48.55,59.0,
ORD102721,2023-09-14,Clothing,South,Consumer,Same Day,109.49,7,0.05,728.11,152.9,,3.6
ORD102722,2024-07-09,Home & Kitchen,Central,Corporate,Standard,380.16,6,0.0,2280.96,410.57,47.0,
ORD102723,2024-01-21,Books,South,Corporate,Standard,53.97,4,0.0,215.88,32.38,36.0,4.5
ORD102724,2024-06-28,Home & Kitchen,East,Corporate,Standard,268.65,6,0.05,1531.3,214.38,47.0,4.1
ORD102725,2023-09-13,Electronics,West,Consumer,Standard,233.77,4,0.0,935.08,112.21,46.0,4.9
ORD102726,2024-03-04,Beauty,Central,Consumer,Express,65.48,1,0.15,55.66,10.02,62.0,3.8
ORD102727,2024-03-04,Sports,East,Consumer,Standard,92.45,2,0.0,184.9,36.98,54.0,5.0
ORD102728,2024-07-23,Books,Central,Corporate,Express,39.07,3,0.1,105.49,7.38,44.0,4.6
ORD102729,2024-06-04,Beauty,East,Consumer,Standard,31.31,2,0.0,62.62,18.79,61.0,
ORD102730,2023-06-30,Beauty,North,Home Office,Standard,18.6,7,0.15,110.67,19.92,56.0,4.9
ORD102731,2023-06-24,Home & Kitchen,West,Corporate,Same Day,321.29,3,0.0,963.87,173.5,28.0,4.6
ORD102732,2023-07-22,Electronics,Central,Home Office,Standard,947.24,2,0.0,1894.48,227.34,60.0,3.2
ORD102733,2024-03-30,Beauty,West,Consumer,Express,60.58,6,0.0,363.48,109.04,54.0,3.6
ORD102734,2024-02-29,Sports,East,Corporate,Standard,287.79,3,0.0,863.37,172.67,32.0,4.3
ORD102735,2023-10-03,Clothing,Central,Consumer,Standard,55.31,6,0.0,331.86,82.96,64.0,5.0
ORD102736,2023-09-30,Electronics,West,Corporate,Standard,1027.66,7,0.3,5035.53,-604.26,46.0,
ORD102737,2023-10-23,Electronics,West,Consumer,Standard,938.59,6,0.05,5349.96,428.0,37.0,5.0
ORD102738,2024-06-23,Sports,West,Consumer,Standard,112.22,3,0.0,336.66,67.33,69.0,5.0
ORD102739,2024-01-14,Electronics,South,Consumer,Standard,826.77,3,0.2,1984.25,-79.37,54.0,5.0
ORD102740,2023-03-30,Home & Kitchen,West,Corporate,Standard,151.28,2,0.0,302.56,54.46,27.0,4.5
ORD102741,2024-11-13,Home & Kitchen,North,Consumer,Standard,225.33,6,0.15000000000000002,1149.18,68.95,69.0,3.6
ORD102742,2023-02-08,Beauty,South,Corporate,Standard,34.07,5,0.0,170.35,51.1,31.0,4.3
ORD102743,2024-11-08,Clothing,West,Consumer,Standard,15.02,1,0.1,13.52,2.3,48.0,4.1
ORD102744,2024-12-25,Beauty,South,Consumer,Same Day,8.65,6,0.15000000000000002,44.12,7.94,21.0,4.9
ORD102745,2024-01-03,Home & Kitchen,Central,Consumer,Standard,150.84,4,0.05,573.19,80.25,31.0,4.9
ORD102746,2024-12-31,Books,Central,Consumer,Express,32.23,2,0.05,61.24,6.74,37.0,4.3
ORD102747,2024-02-17,Home & Kitchen,West,Consumer,Standard,200.8,7,0.0,1405.6,253.01,20.0,4.1
ORD102748,2023-01-06,Sports,East,Corporate,Express,213.43,7,0.0,1494.01,298.8,38.0,
ORD102749,2023-07-10,Home & Kitchen,Central,Corporate,Standard,289.87,2,0.0,579.74,104.35,28.0,3.9
ORD102750,2023-11-15,Clothing,West,Corporate,Standard,97.17,6,0.05,553.87,116.31,57.0,5.0
ORD102751,2024-05-12,Electronics,Central,Consumer,Standard,158.36,2,0.05,300.88,24.07,65.0,5.0
ORD102752,2024-10-13,Clothing,North,Corporate,Standard,142.75,3,0.0,428.25,107.06,60.0,4.6
ORD102753,2023-05-14,Clothing,South,Consumer,Standard,13.94,3,0.1,37.64,6.4,61.0,4.3
ORD102754,2024-03-06,Clothing,West,Consumer,Same Day,68.51,3,0.1,184.98,31.45,19.0,3.5
ORD102755,2023-12-13,Books,West,Home Office,Standard,25.38,4,0.15000000000000002,86.29,2.59,35.0,5.0
ORD102756,2023-05-18,Electronics,Central,Home Office,Standard,692.6,5,0.15,2943.55,0.0,65.0,4.2
ORD102757,2024-01-25,Electronics,West,Home Office,Express,952.58,3,0.1,2571.97,102.88,,3.6
ORD102758,2023-12-03,Beauty,South,Corporate,Standard,7.67,7,0.1,48.32,10.63,35.0,4.1
ORD102759,2024-06-14,Clothing,South,Corporate,Standard,124.16,2,0.0,248.32,62.08,21.0,5.0
ORD102760,2023-09-09,Books,South,Consumer,Standard,38.75,3,0.05,110.44,12.15,21.0,
ORD102761,2023-05-24,Home & Kitchen,North,Home Office,Standard,313.8,5,0.0,1569.0,282.42,44.0,4.6
ORD102762,2024-03-24,Electronics,East,Consumer,Express,473.61,7,0.3,2320.69,-278.48,38.0,4.6
ORD102763,2023-10-03,Sports,North,Consumer,Express,44.56,4,0.0,178.24,35.65,55.0,4.4
ORD102764,2024-11-12,Beauty,Central,Corporate,Standard,92.59,2,0.05,175.92,45.74,35.0,
ORD102765,2024-01-14,Clothing,South,Corporate,Standard,63.27,3,0.1,170.83,29.04,45.0,4.9
ORD102766,2023-11-21,Electronics,South,Home Office,Standard,878.72,5,0.05,4173.92,333.91,49.0,4.6
ORD102767,2024-07-23,Home & Kitchen,South,Consumer,Same Day,210.62,7,0.0,1474.34,265.38,,3.2
ORD102768,2024-05-30,Clothing,West,Home Office,Standard,67.24,1,0.0,67.24,16.81,25.0,4.5
ORD102769,2023-08-08,Sports,North,Corporate,Standard,126.24,7,0.15,751.13,60.09,39.0,2.8
ORD102770,2023-02-27,Home & Kitchen,East,Consumer,Standard,40.76,6,0.05,232.33,32.53,61.0,3.2
ORD102771,2023-11-23,Electronics,East,Consumer,Express,408.95,2,0.05,777.0,62.16,30.0,5.0
ORD102772,2024-11-02,Home & Kitchen,South,Home Office,Standard,96.18,7,0.2,538.61,10.77,42.0,3.9
ORD102773,2024-06-17,Clothing,East,Corporate,Express,120.74,1,0.1,108.67,18.47,67.0,3.8
ORD102774,2023-01-11,Home & Kitchen,Central,Home Office,Express,95.69,4,0.0,382.76,68.9,51.0,4.4
ORD102775,2023-12-13,Books,North,Consumer,Standard,24.78,2,0.35,32.21,-4.19,64.0,3.4
ORD102776,2024-01-06,Beauty,West,Corporate,Same Day,57.88,4,0.05,219.94,57.18,41.0,
ORD102777,2023-04-30,Home & Kitchen,North,Home Office,Standard,114.22,4,0.0,456.88,82.24,40.0,4.1
ORD102778,2023-11-26,Beauty,North,Consumer,Standard,9.13,1,0.05,8.67,2.25,37.0,4.0
ORD102779,2023-03-22,Home & Kitchen,East,Corporate,Express,361.05,1,0.1,324.94,32.49,32.0,2.6
ORD102780,2024-03-13,Electronics,East,Corporate,Express,720.94,6,0.3,3027.95,-363.35,27.0,3.4
ORD102781,2024-03-08,Beauty,South,Corporate,Standard,12.65,3,0.0,37.95,11.38,25.0,5.0
ORD102782,2023-07-29,Clothing,Central,Consumer,Same Day,123.42,6,0.0,740.52,185.13,20.0,3.9
ORD102783,2024-01-09,Clothing,North,Home Office,Express,11.24,3,0.0,33.72,8.43,37.0,5.0
ORD102784,2024-12-19,Clothing,South,Consumer,Standard,100.33,3,0.05,285.94,60.05,65.0,
ORD102785,2023-01-06,Sports,East,Corporate,Standard,96.7,4,0.15,328.78,26.3,21.0,3.8
ORD102786,2023-05-25,Sports,South,Corporate,Standard,134.02,2,0.05,254.64,40.74,47.0,3.0
ORD102787,2023-02-19,Books,North,Corporate,Standard,8.49,2,0.0,16.98,2.55,37.0,3.9
ORD102788,2024-06-13,Clothing,North,Home Office,Standard,105.24,6,0.05,599.87,125.97,21.0,4.0
ORD102789,2024-02-02,Electronics,East,Consumer,Express,620.51,3,0.15,1582.3,0.0,66.0,4.5
ORD102790,2023-01-08,Home & Kitchen,Central,Corporate,Standard,367.69,2,0.15,625.07,37.5,27.0,4.5
ORD102791,2024-06-06,Clothing,South,Consumer,Express,96.48,2,0.05,183.31,38.5,47.0,3.6
ORD102792,2024-12-25,Books,North,Consumer,Express,16.48,2,0.25,24.72,-1.24,36.0,3.1
ORD102793,2024-02-22,Beauty,South,Home Office,Standard,88.43,2,0.05,168.02,43.69,50.0,3.6
ORD102794,2024-06-18,Sports,North,Home Office,Express,113.4,7,0.1,714.42,85.73,40.0,3.5
ORD102795,2023-06-09,Beauty,North,Corporate,Standard,85.12,3,0.05,242.59,63.07,31.0,5.0
ORD102796,2024-12-14,Beauty,East,Consumer,Express,100.84,7,0.25,529.41,52.94,29.0,4.1
ORD102797,2023-05-09,Home & Kitchen,South,Consumer,Standard,380.32,3,0.2,912.77,18.26,56.0,4.1
ORD102798,2023-02-27,Electronics,South,Corporate,Standard,99.03,4,0.05,376.31,30.1,21.0,5.0
ORD102799,2023-05-26,Home & Kitchen,East,Corporate,Express,92.49,2,0.15,157.23,9.43,59.0,4.9
ORD102800,2024-05-20,Books,West,Consumer,Same Day,42.25,5,0.0,211.25,31.69,37.0,3.2
ORD102801,2024-04-17,Home & Kitchen,North,Corporate,Standard,380.61,5,0.3,1332.14,-79.93,32.0,4.4
ORD102802,2024-10-18,Clothing,West,Consumer,Standard,104.77,4,0.0,419.08,104.77,24.0,4.9
ORD102803,2023-05-22,Clothing,North,Consumer,Same Day,41.42,6,0.0,248.52,62.13,34.0,2.4
ORD102804,2023-05-26,Clothing,North,Consumer,Standard,49.81,7,0.0,348.67,87.17,40.0,3.6
ORD102805,2024-11-26,Clothing,East,Consumer,Same Day,33.87,2,0.05,64.35,13.51,45.0,4.4
ORD102806,2024-11-09,Electronics,North,Corporate,Standard,668.46,7,0.05,4445.26,355.62,49.0,3.6
ORD102807,2023-05-13,Electronics,Central,Consumer,Standard,756.63,6,0.05,4312.79,345.02,50.0,3.9
ORD102808,2023-03-20,Clothing,West,Consumer,Express,104.94,5,0.3,367.29,3.67,68.0,4.4
ORD102809,2024-04-27,Home & Kitchen,West,Corporate,Express,45.33,2,0.15,77.06,4.62,,3.3
ORD102810,2024-01-14,Electronics,North,Consumer,Standard,180.74,5,0.05,858.52,68.68,56.0,4.7
ORD102811,2024-10-09,Beauty,Central,Consumer,Standard,113.7,7,0.1,716.31,157.59,42.0,3.5
ORD102812,2024-01-31,Electronics,North,Home Office,Standard,397.61,4,0.1,1431.4,57.26,63.0,2.7
ORD102813,2023-08-10,Electronics,West,Consumer,Standard,591.14,3,0.0,1773.42,212.81,61.0,2.8
ORD102814,2024-08-04,Books,North,Consumer,Standard,23.27,4,0.1,83.77,5.86,34.0,4.6
ORD102815,2024-08-17,Clothing,West,Consumer,Same Day,84.87,6,0.3,356.45,3.56,56.0,3.5
ORD102816,2024-08-18,Clothing,East,Consumer,Express,99.78,1,0.0,99.78,24.94,68.0,2.6
ORD102817,2023-10-19,Electronics,West,Corporate,Express,952.83,5,0.05,4525.94,362.08,55.0,5.0
ORD102818,2024-09-13,Beauty,West,Corporate,Standard,85.92,6,0.3,360.86,21.65,18.0,3.4
ORD102819,2023-03-29,Home & Kitchen,East,Consumer,Express,334.09,4,0.05,1269.54,177.74,55.0,4.0
ORD102820,2023-12-10,Beauty,South,Consumer,Standard,108.36,1,0.05,102.94,26.76,62.0,4.9
ORD102821,2023-03-23,Sports,South,Consumer,Standard,24.65,1,0.05,23.42,3.75,26.0,
ORD102822,2024-12-20,Electronics,East,Corporate,Same Day,475.96,1,0.15000000000000002,404.57,-0.0,18.0,4.2
ORD102823,2024-12-28,Electronics,North,Home Office,Express,409.91,6,0.25,1844.6,-147.57,69.0,4.2
ORD102824,2024-10-06,Clothing,West,Consumer,Standard,38.41,5,0.2,153.64,13.83,48.0,4.3
ORD102825,2024-01-27,Home & Kitchen,West,Consumer,Standard,279.25,7,0.05,1857.01,259.98,,4.9
ORD102826,2023-04-11,Books,East,Consumer,Standard,18.9,6,0.0,113.4,17.01,42.0,
ORD102827,2024-06-08,Sports,Central,Consumer,Standard,228.29,2,0.0,456.58,91.32,40.0,5.0
ORD102828,2024-02-13,Sports,West,Consumer,Standard,260.06,2,0.05,494.11,79.06,61.0,2.7
ORD102829,2024-08-13,Beauty,North,Consumer,Standard,86.13,4,0.1,310.07,68.22,60.0,4.7
ORD102830,2024-01-25,Sports,East,Consumer,Standard,110.21,2,0.05,209.4,33.5,30.0,4.2
ORD102831,2023-02-28,Clothing,North,Corporate,Same Day,61.14,4,0.0,244.56,61.14,40.0,5.0
ORD102832,2023-02-08,Sports,North,Consumer,Express,121.91,1,0.1,109.72,13.17,37.0,3.8
ORD102833,2023-07-22,Electronics,West,Home Office,Standard,336.65,4,0.0,1346.6,161.59,36.0,2.6
ORD102834,2023-07-26,Electronics,South,Consumer,Standard,652.41,7,0.05,4338.53,347.08,54.0,4.7
ORD102835,2024-10-22,Sports,North,Corporate,Express,199.4,7,0.05,1326.01,212.16,38.0,4.2
ORD102836,2024-07-18,Books,East,Consumer,Express,51.15,4,0.1,184.14,12.89,33.0,4.5
ORD102837,2023-07-06,Clothing,South,Consumer,Express,60.17,4,0.05,228.65,48.02,,4.8
ORD102838,2023-02-06,Electronics,West,Consumer,Same Day,731.72,7,0.1,4609.84,184.39,56.0,4.4
ORD102839,2024-11-20,Books,North,Home Office,Standard,54.54,4,0.05,207.25,22.8,55.0,2.4
ORD102840,2023-10-05,Electronics,West,Corporate,Standard,696.93,5,0.0,3484.65,418.16,27.0,4.6
ORD102841,2023-12-02,Sports,East,Consumer,Standard,186.48,2,0.05,354.31,56.69,31.0,3.4
ORD102842,2023-11-09,Electronics,West,Home Office,Standard,638.03,3,0.05,1818.39,145.47,37.0,3.8
ORD102843,2023-09-19,Home & Kitchen,South,Home Office,Express,373.43,4,0.1,1344.35,134.43,19.0,
ORD102844,2024-10-26,Electronics,West,Consumer,Express,357.16,2,0.15,607.17,0.0,44.0,4.1
ORD102845,2024-02-20,Books,South,Consumer,Standard,19.7,3,0.0,59.1,8.86,68.0,
ORD102846,2024-05-14,Clothing,South,Consumer,Express,111.56,1,0.15,94.83,12.33,34.0,5.0
ORD102847,2023-09-06,Electronics,South,Corporate,Standard,904.04,4,0.15,3073.74,0.0,57.0,4.7
ORD102848,2023-11-29,Clothing,Central,Corporate,Express,63.89,2,0.2,102.22,9.2,23.0,5.0
ORD102849,2024-03-14,Beauty,East,Home Office,Express,89.69,3,0.0,269.07,80.72,52.0,4.1
ORD102850,2023-01-28,Clothing,South,Corporate,Standard,41.35,6,0.15,210.89,27.42,37.0,4.3
ORD102851,2023-01-20,Books,East,Corporate,Standard,18.56,7,0.1,116.93,8.19,48.0,4.4
ORD102852,2024-08-26,Books,Central,Home Office,Same Day,53.98,1,0.1,48.58,3.4,40.0,
ORD102853,2023-03-09,Clothing,East,Home Office,Express,80.66,5,0.15,342.8,44.56,41.0,4.4
ORD102854,2023-10-17,Sports,East,Consumer,Standard,115.85,5,0.0,579.25,115.85,31.0,3.3
ORD102855,2023-01-20,Home & Kitchen,Central,Corporate,Same Day,17.09,1,0.3,11.96,-0.72,47.0,2.9
ORD102856,2023-05-16,Beauty,South,Corporate,Express,62.64,2,0.3,87.7,5.26,32.0,3.4
ORD102857,2024-08-05,Clothing,South,Consumer,Express,23.95,1,0.0,23.95,5.99,65.0,4.5
ORD102858,2023-11-25,Beauty,North,Consumer,Standard,19.94,5,0.25,74.78,7.48,21.0,3.7
ORD102859,2024-02-20,Clothing,Central,Consumer,Same Day,83.81,1,0.1,75.43,12.82,30.0,4.6
ORD102860,2023-06-10,Home & Kitchen,South,Consumer,Express,165.36,2,0.15,281.11,16.87,22.0,3.8
ORD102861,2024-11-08,Home & Kitchen,North,Consumer,Standard,44.01,4,0.15000000000000002,149.63,8.98,53.0,4.3
ORD102862,2023-09-11,Electronics,North,Corporate,Standard,243.07,7,0.1,1531.34,61.25,26.0,3.6
ORD102863,2024-04-20,Home & Kitchen,Central,Consumer,Standard,377.68,1,0.1,339.91,33.99,65.0,4.4
ORD102864,2023-08-18,Beauty,Central,Consumer,Standard,74.41,7,0.0,520.87,156.26,31.0,
ORD102865,2024-11-02,Electronics,East,Corporate,Same Day,853.31,7,0.15000000000000002,5077.19,-0.0,18.0,4.5
ORD102866,2024-10-01,Beauty,South,Corporate,Same Day,113.49,4,0.1,408.56,89.88,42.0,4.0
ORD102867,2023-03-02,Beauty,East,Corporate,Standard,99.35,6,0.05,566.29,147.24,54.0,3.8
ORD102868,2023-09-19,Clothing,North,Corporate,Standard,89.2,7,0.15,530.74,69.0,66.0,3.2
ORD102869,2024-08-06,Sports,Central,Consumer,Express,39.42,4,0.2,126.14,5.05,51.0,3.5
ORD102870,2024-10-05,Beauty,Central,Home Office,Express,56.24,4,0.3,157.47,9.45,43.0,5.0
ORD102871,2023-10-15,Clothing,West,Corporate,Express,58.02,6,0.05,330.71,69.45,59.0,4.6
ORD102872,2023-03-20,Electronics,North,Consumer,Standard,969.22,1,0.0,969.22,116.31,35.0,4.2
ORD102873,2024-01-25,Electronics,North,Corporate,Express,404.53,4,0.0,1618.12,194.17,60.0,
ORD102874,2023-04-26,Sports,South,Home Office,Standard,146.47,6,0.0,878.82,175.76,54.0,4.1
ORD102875,2024-03-11,Home & Kitchen,South,Corporate,Standard,117.33,2,0.05,222.93,31.21,68.0,5.0
ORD102876,2023-09-26,Home & Kitchen,West,Consumer,Same Day,340.83,7,0.2,1908.65,38.17,31.0,3.8
ORD102877,2023-11-21,Clothing,South,Consumer,Standard,92.4,6,0.15000000000000002,471.24,61.26,29.0,4.4
ORD102878,2024-11-16,Beauty,South,Consumer,Express,71.48,3,0.05,203.72,52.97,55.0,4.3
ORD102879,2023-10-21,Clothing,West,Corporate,Standard,40.31,5,0.1,181.4,30.84,45.0,2.8
ORD102880,2024-06-21,Sports,East,Home Office,Express,170.83,5,0.1,768.74,92.25,49.0,3.6
ORD102881,2024-01-15,Electronics,North,Consumer,Standard,713.55,4,0.05,2711.49,216.92,38.0,4.5
ORD102882,2024-01-28,Clothing,Central,Consumer,Standard,128.53,5,0.1,578.38,98.32,67.0,3.3
ORD102883,2023-05-02,Home & Kitchen,South,Consumer,Express,57.07,7,0.1,359.54,35.95,32.0,4.1
ORD102884,2023-07-05,Books,East,Consumer,Standard,22.47,6,0.0,134.82,20.22,56.0,4.2
ORD102885,2023-02-08,Sports,South,Corporate,Express,90.94,3,0.05,259.18,41.47,32.0,3.3
ORD102886,2024-10-24,Electronics,South,Corporate,Standard,517.53,1,0.0,517.53,62.1,62.0,3.0
ORD102887,2023-08-16,Home & Kitchen,West,Consumer,Standard,95.69,6,0.05,545.43,76.36,61.0,3.8
ORD102888,2023-04-08,Beauty,North,Consumer,Standard,14.81,3,0.15,37.77,6.8,32.0,2.6
ORD102889,2023-05-22,Electronics,South,Consumer,Standard,407.96,4,0.05,1550.25,124.02,51.0,4.2
ORD102890,2024-12-24,Clothing,North,Consumer,Standard,67.05,6,0.15000000000000002,341.95,44.45,,4.8
ORD102891,2024-07-16,Sports,North,Consumer,Express,271.94,4,0.3,761.43,-30.46,66.0,3.6
ORD102892,2023-08-22,Home & Kitchen,South,Corporate,Express,49.82,3,0.3,104.62,-6.28,61.0,
ORD102893,2023-05-02,Clothing,North,Consumer,Express,42.29,2,0.05,80.35,16.87,33.0,4.8
ORD102894,2023-03-03,Electronics,North,Consumer,Standard,748.12,7,0.05,4975.0,398.0,54.0,4.5
ORD102895,2023-10-11,Home & Kitchen,South,Corporate,Express,361.16,5,0.1,1625.22,162.52,19.0,3.3
ORD102896,2024-11-22,Books,South,Consumer,Express,49.12,1,0.05,46.66,5.13,38.0,5.0
ORD102897,2023-03-16,Electronics,East,Consumer,Express,609.33,7,0.1,3838.78,153.55,27.0,5.0
ORD102898,2023-07-22,Electronics,South,Home Office,Express,58.7,7,0.3,287.63,-34.52,65.0,5.0
ORD102899,2024-10-15,Books,South,Consumer,Standard,29.82,6,0.1,161.03,11.27,38.0,
ORD102900,2024-03-18,Sports,North,Consumer,Express,171.59,3,0.05,489.03,78.24,59.0,4.3
ORD102901,2024-08-14,Electronics,South,Consumer,Standard,619.77,5,0.0,3098.85,371.86,31.0,3.4
ORD102902,2024-01-20,Books,Central,Consumer,Express,12.22,2,0.1,22.0,1.54,40.0,4.7
ORD102903,2023-10-28,Electronics,North,Consumer,Standard,154.76,4,0.0,619.04,74.28,59.0,4.8
ORD102904,2023-05-23,Home & Kitchen,West,Corporate,Standard,52.88,2,0.1,95.18,9.52,52.0,2.7
ORD102905,2023-05-05,Electronics,South,Consumer,Standard,617.96,4,0.2,1977.47,-79.1,27.0,4.9
ORD102906,2023-12-06,Clothing,North,Consumer,Standard,73.6,7,0.1,463.68,78.83,57.0,4.4
ORD102907,2023-03-24,Home & Kitchen,West,Consumer,Same Day,143.85,3,0.0,431.55,77.68,28.0,4.8
ORD102908,2023-05-15,Electronics,Central,Corporate,Standard,993.59,6,0.0,5961.54,715.38,38.0,4.5
ORD102909,2023-02-09,Clothing,North,Corporate,Standard,55.81,3,0.3,117.2,1.17,22.0,5.0
ORD102910,2023-08-21,Sports,North,Corporate,Express,164.67,4,0.05,625.75,100.12,55.0,4.8
ORD102911,2023-08-17,Beauty,East,Home Office,Standard,78.27,4,0.05,297.43,77.33,43.0,4.9
ORD102912,2023-06-01,Clothing,South,Corporate,Standard,97.87,6,0.0,587.22,146.8,46.0,4.6
ORD102913,2023-08-07,Electronics,South,Corporate,Express,953.83,6,0.05,5436.83,434.95,26.0,
ORD102914,2024-06-26,Electronics,South,Home Office,Standard,85.88,6,0.0,515.28,61.83,35.0,4.5
ORD102915,2023-12-23,Clothing,West,Consumer,Standard,18.61,4,0.2,59.55,5.36,28.0,4.9
ORD102916,2023-01-02,Home & Kitchen,East,Corporate,Standard,238.3,4,0.0,953.2,171.58,41.0,4.6
ORD102917,2024-11-01,Beauty,Central,Consumer,Standard,11.89,4,0.05,45.18,11.75,59.0,4.2
ORD102918,2024-08-29,Electronics,North,Corporate,Standard,1045.86,5,0.1,4706.37,188.25,55.0,2.6
ORD102919,2023-04-09,Electronics,North,Consumer,Standard,55.64,7,0.15,331.06,0.0,60.0,4.3
ORD102920,2024-12-10,Books,North,Corporate,Standard,22.0,4,0.1,79.2,5.54,54.0,4.7
ORD102921,2023-01-16,Sports,West,Consumer,Standard,22.69,2,0.15,38.57,3.09,52.0,3.9
ORD102922,2024-07-10,Clothing,North,Corporate,Same Day,81.62,4,0.0,326.48,81.62,,4.7
ORD102923,2024-10-12,Sports,East,Consumer,Standard,212.75,2,0.0,425.5,85.1,29.0,4.3
ORD102924,2024-07-23,Electronics,West,Home Office,Standard,143.03,2,0.15,243.15,0.0,36.0,4.1
ORD102925,2024-10-13,Beauty,South,Consumer,Express,43.26,5,0.05,205.48,53.42,,2.9
ORD102926,2023-10-09,Electronics,East,Home Office,Express,1159.83,5,0.3,4059.4,-487.13,22.0,3.4
ORD102927,2024-07-08,Electronics,North,Home Office,Standard,861.71,6,0.1,4653.23,186.13,21.0,4.6
ORD102928,2023-08-20,Electronics,Central,Corporate,Standard,200.22,4,0.0,800.88,96.11,37.0,
ORD102929,2024-09-20,Home & Kitchen,South,Home Office,Same Day,184.99,2,0.05,351.48,49.21,46.0,2.3
ORD102930,2023-04-06,Beauty,North,Corporate,Express,23.91,7,0.2,133.9,18.75,42.0,4.5
ORD102931,2024-12-16,Electronics,West,Consumer,Standard,615.37,3,0.15000000000000002,1569.19,-0.0,67.0,5.0
ORD102932,2024-11-04,Clothing,North,Consumer,Express,54.37,7,0.1,342.53,58.23,18.0,4.8
ORD102933,2024-09-07,Electronics,East,Corporate,Standard,500.45,7,0.0,3503.15,420.38,47.0,4.4
ORD102934,2023-08-20,Clothing,North,Corporate,Standard,110.48,7,0.1,696.02,118.32,30.0,3.9
ORD102935,2024-10-19,Beauty,West,Consumer,Standard,70.91,1,0.1,63.82,14.04,29.0,5.0
ORD102936,2023-09-02,Electronics,South,Home Office,Express,1168.17,2,0.0,2336.34,280.36,27.0,4.3
ORD102937,2023-09-18,Home & Kitchen,South,Consumer,Express,53.14,5,0.05,252.41,35.34,55.0,3.5
ORD102938,2023-10-26,Electronics,West,Consumer,Standard,971.76,2,0.0,1943.52,233.22,49.0,4.7
ORD102939,2023-03-27,Home & Kitchen,North,Consumer,Standard,96.17,2,0.2,153.87,3.08,39.0,
ORD102940,2024-01-12,Clothing,West,Consumer,Express,135.57,1,0.0,135.57,33.89,51.0,4.3
ORD102941,2023-07-11,Electronics,East,Consumer,Express,520.35,3,0.15,1326.89,0.0,50.0,4.6
ORD102942,2023-07-04,Clothing,South,Consumer,Express,12.51,1,0.1,11.26,1.91,27.0,3.7
ORD102943,2024-12-26,Books,South,Corporate,Express,39.36,2,0.05,74.78,8.23,69.0,3.8
ORD102944,2023-03-02,Beauty,North,Consumer,Standard,26.6,4,0.05,101.08,26.28,64.0,5.0
ORD102945,2024-07-07,Clothing,North,Consumer,Standard,121.42,5,0.0,607.1,151.78,35.0,3.5
ORD102946,2023-02-08,Clothing,South,Consumer,Express,10.6,1,0.3,7.42,0.07,59.0,
ORD102947,2023-05-04,Electronics,North,Consumer,Standard,1134.56,4,0.1,4084.42,163.38,34.0,3.9
ORD102948,2024-03-31,Electronics,East,Consumer,Express,71.63,7,0.3,350.99,-42.12,33.0,4.8
ORD102949,2023-07-11,Home & Kitchen,West,Consumer,Standard,103.57,3,0.05,295.17,41.32,58.0,5.0
ORD102950,2023-01-09,Books,South,Consumer,Express,15.68,7,0.05,104.27,11.47,25.0,4.5
ORD102951,2023-12-24,Home & Kitchen,East,Consumer,Standard,77.66,5,0.15000000000000002,330.05,19.8,68.0,4.0
ORD102952,2023-02-21,Electronics,North,Consumer,Standard,177.24,1,0.15,150.65,0.0,43.0,4.4
ORD102953,2024-12-19,Beauty,West,Home Office,Standard,52.27,3,0.05,148.97,38.73,,4.8
ORD102954,2024-10-11,Sports,South,Consumer,Standard,149.0,6,0.1,804.6,96.55,56.0,3.9
ORD102955,2024-09-29,Electronics,North,Consumer,Standard,868.09,3,0.05,2474.06,197.92,20.0,4.2
ORD102956,2024-09-07,Electronics,North,Consumer,Express,266.65,3,0.1,719.96,28.8,54.0,5.0
ORD102957,2024-03-19,Beauty,East,Home Office,Same Day,62.64,6,0.1,338.26,74.42,51.0,3.7
ORD102958,2023-03-18,Books,West,Corporate,Express,7.28,2,0.2,11.65,-0.12,51.0,4.4
ORD102959,2024-02-12,Clothing,South,Corporate,Express,147.64,1,0.15,125.49,16.31,55.0,2.9
ORD102960,2023-04-11,Home & Kitchen,Central,Home Office,Express,232.02,6,0.0,1392.12,250.58,40.0,5.0
ORD102961,2023-04-03,Beauty,West,Corporate,Express,47.91,2,0.0,95.82,28.75,26.0,4.4
ORD102962,2024-11-09,Electronics,South,Consumer,Express,546.79,1,0.2,437.43,-17.5,67.0,3.3
ORD102963,2023-11-04,Books,East,Consumer,Express,37.14,7,0.35,168.99,-21.97,56.0,3.9
ORD102964,2024-10-13,Electronics,East,Home Office,Standard,770.1,2,0.1,1386.18,55.45,35.0,3.5
ORD102965,2023-03-27,Home & Kitchen,West,Corporate,Standard,90.15,4,0.15,306.51,18.39,58.0,3.0
ORD102966,2023-02-08,Electronics,West,Corporate,Express,1125.73,4,0.1,4052.63,162.11,64.0,
ORD102967,2024-09-27,Books,West,Home Office,Standard,44.89,3,0.0,134.67,20.2,32.0,3.5
ORD102968,2023-05-26,Beauty,East,Consumer,Express,19.16,2,0.0,38.32,11.5,68.0,1.6
ORD102969,2023-11-25,Sports,South,Corporate,Express,91.66,3,0.15000000000000002,233.73,18.7,64.0,
ORD102970,2023-08-07,Electronics,South,Consumer,Standard,200.87,6,0.1,1084.7,43.39,63.0,4.4
ORD102971,2024-09-28,Books,Central,Consumer,Standard,30.85,4,0.0,123.4,18.51,,4.6
ORD102972,2024-09-22,Clothing,East,Consumer,Standard,31.33,2,0.3,43.86,0.44,59.0,
ORD102973,2024-11-14,Electronics,East,Home Office,Standard,1198.14,3,0.35,2336.37,-373.82,66.0,5.0
ORD102974,2024-07-01,Clothing,North,Home Office,Express,57.07,2,0.1,102.73,17.46,23.0,4.1
ORD102975,2023-04-18,Beauty,South,Corporate,Standard,50.54,7,0.0,353.78,106.13,21.0,4.9
ORD102976,2023-08-10,Beauty,West,Consumer,Express,68.14,7,0.15,405.43,72.98,51.0,4.0
ORD102977,2024-03-17,Beauty,East,Home Office,Standard,69.0,6,0.0,414.0,124.2,67.0,
ORD102978,2023-01-25,Clothing,East,Consumer,Express,88.95,1,0.0,88.95,22.24,50.0,4.4
ORD102979,2024-01-30,Beauty,North,Corporate,Standard,96.58,7,0.0,676.06,202.82,27.0,5.0
ORD102980,2023-12-10,Electronics,South,Consumer,Express,787.34,2,0.1,1417.21,56.69,27.0,4.6
ORD102981,2023-08-25,Sports,North,Consumer,Standard,286.36,2,0.0,572.72,114.54,46.0,5.0
ORD102982,2024-02-22,Books,Central,Consumer,Express,52.52,6,0.0,315.12,47.27,40.0,4.4
ORD102983,2024-06-24,Clothing,North,Consumer,Express,39.88,2,0.0,79.76,19.94,,4.0
ORD102984,2024-11-27,Home & Kitchen,South,Corporate,Express,322.73,2,0.15000000000000002,548.64,32.92,23.0,4.1
ORD102985,2023-05-26,Electronics,East,Corporate,Express,281.38,3,0.0,844.14,101.3,34.0,2.5
ORD102986,2023-07-24,Clothing,North,Consumer,Standard,66.28,1,0.0,66.28,16.57,43.0,5.0
ORD102987,2023-01-05,Books,East,Consumer,Same Day,15.97,4,0.15,54.3,1.63,68.0,5.0
ORD102988,2023-10-15,Books,Central,Corporate,Standard,44.46,7,0.15,264.54,7.94,62.0,5.0
ORD102989,2023-04-03,Sports,North,Corporate,Same Day,158.45,4,0.0,633.8,126.76,67.0,4.8
ORD102990,2024-03-27,Books,Central,Consumer,Same Day,30.46,1,0.0,30.46,4.57,59.0,
ORD102991,2024-08-03,Clothing,West,Corporate,Express,50.82,6,0.15,259.18,33.69,24.0,3.7
ORD102992,2023-11-07,Books,West,Consumer,Standard,22.21,1,0.15000000000000002,18.88,0.57,61.0,4.2
ORD102993,2023-05-25,Home & Kitchen,East,Corporate,Express,319.07,5,0.0,1595.35,287.16,21.0,3.3
ORD102994,2023-02-23,Electronics,South,Consumer,Express,250.88,1,0.05,238.34,19.07,23.0,4.6
ORD102995,2024-09-03,Home & Kitchen,North,Corporate,Express,42.04,6,0.1,227.02,22.7,48.0,5.0
ORD102996,2023-03-01,Electronics,South,Home Office,Standard,1123.19,5,0.3,3931.17,-471.74,28.0,4.4
ORD102997,2024-07-08,Home & Kitchen,East,Home Office,Standard,325.16,2,0.2,520.26,10.41,45.0,5.0
ORD102998,2024-02-23,Clothing,West,Consumer,Same Day,125.88,2,0.15,214.0,27.82,29.0,2.9
ORD102999,2023-08-30,Books,North,Consumer,Express,54.41,3,0.0,163.23,24.48,39.0,3.6
ORD103000,2023-02-03,Clothing,South,Consumer,Standard,21.05,7,0.05,139.98,29.4,58.0,4.4
ORD103001,2024-03-08,Electronics,South,Consumer,Same Day,550.76,2,0.0,1101.52,132.18,55.0,4.7
ORD103002,2024-02-15,Clothing,Central,Corporate,Standard,91.22,7,0.1,574.69,97.7,50.0,5.0
ORD103003,2024-05-31,Sports,West,Consumer,Express,161.29,5,0.0,806.45,161.29,21.0,4.6
ORD103004,2024-08-24,Clothing,North,Corporate,Standard,29.84,3,0.15,76.09,9.89,23.0,3.3
ORD103005,2024-05-06,Electronics,South,Corporate,Express,530.96,4,0.2,1699.07,-67.96,24.0,4.4
ORD103006,2023-09-22,Electronics,Central,Consumer,Express,163.36,2,0.0,326.72,39.21,33.0,3.9
ORD103007,2023-08-09,Electronics,North,Consumer,Standard,607.2,1,0.0,607.2,72.86,27.0,3.7
ORD103008,2024-01-13,Electronics,South,Corporate,Standard,544.82,4,0.2,1743.42,-69.74,60.0,4.4
ORD103009,2023-04-26,Books,East,Home Office,Standard,33.27,5,0.1,149.72,10.48,26.0,4.0
ORD103010,2023-02-14,Beauty,West,Consumer,Express,91.22,1,0.0,91.22,27.37,30.0,3.6
ORD103011,2024-12-20,Home & Kitchen,West,Consumer,Standard,113.48,5,0.15000000000000002,482.29,28.94,63.0,4.4
ORD103012,2023-05-16,Electronics,South,Home Office,Standard,300.04,1,0.15,255.03,0.0,63.0,4.7
ORD103013,2024-05-13,Home & Kitchen,East,Consumer,Standard,309.35,6,0.0,1856.1,334.1,58.0,5.0
ORD103014,2024-10-23,Electronics,South,Consumer,Express,699.33,2,0.1,1258.79,50.35,42.0,3.2
ORD103015,2023-12-20,Beauty,North,Home Office,Standard,102.62,5,0.25,384.83,38.48,38.0,4.2
ORD103016,2023-12-26,Electronics,Central,Consumer,Standard,350.93,2,0.15000000000000002,596.58,-0.0,57.0,4.6
ORD103017,2023-03-31,Sports,East,Consumer,Standard,167.08,7,0.0,1169.56,233.91,39.0,5.0
ORD103018,2023-07-31,Sports,Central,Consumer,Standard,93.73,2,0.0,187.46,37.49,19.0,4.6
ORD103019,2023-12-15,Home & Kitchen,East,Consumer,Standard,101.67,7,0.1,640.52,64.05,68.0,3.8
ORD103020,2024-11-08,Home & Kitchen,Central,Consumer,Express,349.77,5,0.25,1311.64,-26.23,27.0,4.7
ORD103021,2023-02-24,Electronics,West,Corporate,Standard,818.24,3,0.2,1963.78,-78.55,25.0,3.6
ORD103022,2024-04-12,Clothing,North,Corporate,Express,86.71,2,0.1,156.08,26.53,36.0,3.8
ORD103023,2023-01-31,Electronics,East,Corporate,Standard,251.04,4,0.05,953.95,76.32,23.0,2.9
ORD103024,2023-03-18,Beauty,Central,Consumer,Standard,54.45,6,0.15,277.7,49.99,56.0,4.2
ORD103025,2024-11-30,Clothing,East,Consumer,Standard,43.96,2,0.15000000000000002,74.73,9.71,29.0,3.3
ORD103026,2024-10-21,Beauty,Central,Consumer,Standard,100.79,6,0.05,574.5,149.37,61.0,4.2
ORD103027,2023-02-21,Books,South,Corporate,Standard,47.87,1,0.05,45.48,5.0,22.0,5.0
ORD103028,2024-05-19,Electronics,Central,Home Office,Same Day,1056.23,3,0.15,2693.39,0.0,53.0,3.6
ORD103029,2023-10-29,Electronics,East,Consumer,Express,711.98,6,0.1,3844.69,153.79,34.0,4.1
ORD103030,2024-08-07,Home & Kitchen,South,Consumer,Standard,108.23,4,0.1,389.63,38.96,53.0,3.4
ORD103031,2024-06-23,Sports,North,Corporate,Same Day,115.06,1,0.3,80.54,-3.22,30.0,5.0
ORD103032,2024-08-16,Electronics,Central,Consumer,Standard,1195.59,2,0.3,1673.83,-200.86,53.0,3.4
ORD103033,2023-06-13,Clothing,West,Consumer,Standard,58.47,1,0.1,52.62,8.95,68.0,4.1
ORD103034,2023-12-19,Electronics,East,Corporate,Standard,880.02,3,0.05,2508.06,200.64,62.0,3.2
ORD103035,2023-11-16,Electronics,West,Home Office,Standard,995.56,6,0.2,4778.69,-191.15,18.0,4.1
ORD103036,2023-01-25,Beauty,North,Consumer,Standard,71.68,2,0.3,100.35,6.02,33.0,4.5
ORD103037,2023-03-04,Books,West,Consumer,Express,56.19,3,0.1,151.71,10.62,51.0,3.1
ORD103038,2023-04-18,Electronics,Central,Consumer,Same Day,103.49,6,0.1,558.85,22.35,48.0,5.0
ORD103039,2023-04-03,Books,East,Consumer,Standard,31.19,3,0.0,93.57,14.04,24.0,4.4
ORD103040,2024-05-03,Electronics,East,Home Office,Standard,89.03,6,0.1,480.76,19.23,67.0,3.2
ORD103041,2023-02-27,Sports,West,Home Office,Standard,270.38,4,0.1,973.37,116.8,32.0,3.8
ORD103042,2024-01-22,Clothing,North,Consumer,Standard,10.05,7,0.0,70.35,17.59,24.0,4.4
ORD103043,2023-10-29,Electronics,South,Corporate,Standard,364.94,5,0.2,1459.76,-58.39,34.0,3.9
ORD103044,2023-12-26,Home & Kitchen,North,Consumer,Standard,234.05,1,0.1,210.64,21.06,27.0,4.9
ORD103045,2023-04-08,Home & Kitchen,East,Consumer,Express,161.89,2,0.3,226.65,-13.6,68.0,
ORD103046,2024-04-21,Clothing,East,Corporate,Standard,85.03,3,0.05,242.34,50.89,52.0,
ORD103047,2024-08-19,Electronics,West,Home Office,Standard,1004.98,7,0.0,7034.86,844.18,58.0,4.5
ORD103048,2023-11-23,Clothing,West,Corporate,Standard,142.4,6,0.1,768.96,130.72,35.0,2.6
ORD103049,2023-10-24,Clothing,Central,Consumer,Same Day,69.27,6,0.0,415.62,103.9,59.0,4.6
ORD103050,2023-09-14,Electronics,Central,Consumer,Express,504.41,3,0.05,1437.57,115.01,33.0,3.3
ORD103051,2023-05-09,Home & Kitchen,North,Consumer,Express,175.73,2,0.0,351.46,63.26,54.0,4.1
ORD103052,2023-09-23,Books,East,Consumer,Standard,48.37,3,0.0,145.11,21.77,18.0,4.2
ORD103053,2024-07-26,Beauty,Central,Consumer,Standard,46.71,4,0.0,186.84,56.05,46.0,4.6
ORD103054,2024-07-06,Electronics,South,Consumer,Same Day,595.43,4,0.1,2143.55,85.74,30.0,5.0
ORD103055,2023-04-08,Electronics,Central,Consumer,Standard,189.51,3,0.0,568.53,68.22,30.0,3.5
ORD103056,2023-02-15,Books,West,Corporate,Same Day,15.89,3,0.15,40.52,1.22,56.0,3.8
ORD103057,2024-12-07,Sports,North,Consumer,Standard,244.16,5,0.25,915.6,0.0,22.0,4.4
ORD103058,2023-01-02,Electronics,South,Consumer,Standard,701.46,5,0.0,3507.3,420.88,45.0,4.7
ORD103059,2024-04-23,Sports,West,Consumer,Standard,15.48,1,0.1,13.93,1.67,36.0,4.5
ORD103060,2024-08-09,Beauty,South,Corporate,Same Day,76.32,7,0.0,534.24,160.27,55.0,4.7
ORD103061,2023-09-25,Books,North,Corporate,Standard,18.72,6,0.2,89.86,-0.9,44.0,4.0
ORD103062,2023-10-26,Home & Kitchen,East,Home Office,Standard,233.28,4,0.05,886.46,124.1,33.0,4.3
ORD103063,2023-06-08,Clothing,South,Home Office,Standard,129.91,7,0.0,909.37,227.34,36.0,3.7
ORD103064,2024-01-29,Electronics,Central,Consumer,Same Day,285.3,3,0.2,684.72,-27.39,21.0,3.0
ORD103065,2023-10-13,Electronics,East,Consumer,Same Day,391.14,5,0.0,1955.7,234.68,24.0,3.7
ORD103066,2024-10-21,Electronics,West,Consumer,Standard,592.55,4,0.1,2133.18,85.33,60.0,2.5
ORD103067,2024-09-08,Electronics,North,Consumer,Express,773.22,2,0.1,1391.8,55.67,62.0,4.7
ORD103068,2023-09-22,Home & Kitchen,South,Corporate,Standard,62.32,4,0.1,224.35,22.43,52.0,4.1
ORD103069,2024-01-25,Home & Kitchen,East,Consumer,Standard,112.27,2,0.05,213.31,29.86,37.0,4.1
ORD103070,2024-03-22,Electronics,West,Consumer,Standard,847.43,7,0.1,5338.81,213.55,18.0,4.2
ORD103071,2024-01-28,Electronics,North,Corporate,Standard,1141.8,4,0.1,4110.48,164.42,52.0,3.6
ORD103072,2024-10-27,Electronics,South,Consumer,Same Day,185.83,5,0.0,929.15,111.5,60.0,3.7
ORD103073,2024-06-04,Electronics,South,Consumer,Standard,958.42,1,0.0,958.42,115.01,62.0,4.3
ORD103074,2023-03-24,Electronics,West,Home Office,Express,92.76,4,0.15,315.38,0.0,46.0,3.9
ORD103075,2023-11-09,Electronics,South,Corporate,Same Day,1100.32,1,0.1,990.29,39.61,31.0,5.0
ORD103076,2024-09-02,Clothing,South,Consumer,Standard,65.09,1,0.0,65.09,16.27,51.0,4.3
ORD103077,2024-05-21,Sports,South,Corporate,Standard,50.62,7,0.0,354.34,70.87,54.0,3.6
ORD103078,2023-02-10,Books,South,Consumer,Standard,29.66,5,0.05,140.88,15.5,33.0,4.5
ORD103079,2024-03-12,Sports,South,Consumer,Standard,251.35,1,0.05,238.78,38.2,55.0,3.8
ORD103080,2023-12-11,Clothing,North,Corporate,Standard,127.9,1,0.2,102.32,9.21,46.0,4.9
ORD103081,2023-05-08,Books,South,Consumer,Express,49.56,3,0.1,133.81,9.37,23.0,3.1
ORD103082,2024-02-12,Electronics,Central,Corporate,Standard,263.27,6,0.15,1342.68,0.0,23.0,
ORD103083,2023-02-28,Electronics,East,Corporate,Standard,136.84,2,0.05,260.0,20.8,66.0,3.5
ORD103084,2023-09-29,Books,South,Consumer,Express,48.15,2,0.1,86.67,6.07,40.0,4.0
ORD103085,2024-09-05,Home & Kitchen,North,Home Office,Standard,363.12,7,0.0,2541.84,457.53,35.0,3.5
ORD103086,2023-09-12,Home & Kitchen,East,Corporate,Standard,254.66,6,0.05,1451.56,203.22,57.0,5.0
ORD103087,2023-01-14,Clothing,North,Consumer,Standard,122.39,3,0.1,330.45,56.18,56.0,4.6
ORD103088,2024-04-10,Clothing,East,Consumer,Standard,41.79,6,0.0,250.74,62.68,64.0,4.9
ORD103089,2023-10-19,Books,Central,Consumer,Standard,17.61,2,0.3,24.65,-2.22,24.0,
ORD103090,2023-02-01,Beauty,North,Consumer,Standard,73.04,2,0.05,138.78,36.08,24.0,4.0
ORD103091,2024-02-10,Books,West,Consumer,Same Day,47.45,2,0.0,94.9,14.24,22.0,4.0
ORD103092,2024-07-06,Sports,South,Corporate,Standard,136.21,4,0.15,463.11,37.05,62.0,3.7
ORD103093,2024-05-12,Books,East,Corporate,Standard,37.6,2,0.0,75.2,11.28,24.0,3.7
ORD103094,2023-02-04,Clothing,Central,Consumer,Standard,34.82,5,0.0,174.1,43.52,47.0,4.2
ORD103095,2024-01-11,Sports,North,Consumer,Express,191.62,6,0.2,919.78,36.79,24.0,3.9
ORD103096,2024-11-02,Books,Central,Corporate,Standard,58.66,1,0.05,55.73,6.13,45.0,3.2
ORD103097,2023-08-08,Books,East,Consumer,Standard,36.59,3,0.05,104.28,11.47,69.0,3.4
ORD103098,2023-02-22,Electronics,Central,Home Office,Standard,957.34,6,0.05,5456.84,436.55,61.0,4.8
ORD103099,2023-08-03,Books,North,Corporate,Express,31.94,3,0.0,95.82,14.37,68.0,2.8
ORD103100,2024-02-04,Beauty,Central,Corporate,Standard,101.93,7,0.0,713.51,214.05,24.0,4.8
ORD103101,2023-04-15,Beauty,South,Corporate,Express,119.6,3,0.0,358.8,107.64,69.0,3.9
ORD103102,2023-07-08,Home & Kitchen,South,Corporate,Standard,164.5,1,0.1,148.05,14.8,29.0,3.1
ORD103103,2024-04-30,Electronics,West,Corporate,Standard,267.92,6,0.05,1527.14,122.17,56.0,3.3
ORD103104,2023-11-09,Clothing,South,Consumer,Standard,136.23,6,0.2,653.9,58.85,65.0,3.4
ORD103105,2023-08-28,Electronics,East,Home Office,Standard,745.05,1,0.0,745.05,89.41,67.0,3.7
ORD103106,2024-02-25,Electronics,North,Consumer,Express,841.34,5,0.05,3996.36,319.71,18.0,3.7
ORD103107,2023-07-31,Beauty,South,Consumer,Express,20.69,2,0.05,39.31,10.22,54.0,4.6
ORD103108,2024-12-22,Books,South,Corporate,Standard,52.13,5,0.1,234.59,16.42,61.0,4.0
ORD103109,2024-01-10,Books,North,Home Office,Standard,30.97,5,0.05,147.11,16.18,34.0,4.4
ORD103110,2024-08-14,Electronics,Central,Consumer,Same Day,1128.15,3,0.0,3384.45,406.13,,4.5
ORD103111,2023-02-14,Sports,North,Corporate,Standard,264.31,6,0.0,1585.86,317.17,57.0,4.4
ORD103112,2024-10-08,Beauty,South,Home Office,Express,71.6,3,0.15,182.58,32.86,63.0,3.6
ORD103113,2023-03-24,Sports,Central,Home Office,Express,135.2,5,0.1,608.4,73.01,69.0,3.7
ORD103114,2024-01-23,Books,West,Consumer,Express,51.39,2,0.05,97.64,10.74,67.0,3.7
ORD103115,2024-07-23,Electronics,Central,Home Office,Express,950.58,1,0.15,807.99,0.0,49.0,3.9
ORD103116,2024-08-06,Sports,North,Consumer,Express,250.28,1,0.05,237.77,38.04,46.0,2.9
ORD103117,2023-07-17,Books,Central,Consumer,Standard,19.29,1,0.05,18.33,2.02,69.0,3.5
ORD103118,2023-05-13,Electronics,South,Home Office,Standard,379.36,5,0.05,1801.96,144.16,40.0,4.0
ORD103119,2024-04-15,Sports,North,Corporate,Standard,280.72,7,0.05,1866.79,298.69,24.0,4.0
ORD103120,2023-12-08,Home & Kitchen,East,Consumer,Standard,364.87,5,0.15000000000000002,1550.7,93.04,25.0,5.0
ORD103121,2024-08-14,Clothing,South,Corporate,Standard,120.45,7,0.0,843.15,210.79,51.0,4.2
ORD103122,2024-04-26,Books,South,Corporate,Standard,16.92,3,0.15,43.15,1.29,27.0,2.7
ORD103123,2023-12-17,Clothing,Central,Consumer,Standard,82.38,5,0.1,370.71,63.02,64.0,3.7
ORD103124,2023-04-28,Clothing,West,Consumer,Standard,25.37,2,0.0,50.74,12.68,66.0,5.0
ORD103125,2023-08-20,Books,South,Corporate,Same Day,59.28,7,0.0,414.96,62.24,20.0,3.8
ORD103126,2023-04-02,Clothing,West,Corporate,Standard,95.82,7,0.15,570.13,74.12,61.0,5.0
ORD103127,2024-05-20,Home & Kitchen,South,Consumer,Same Day,361.67,5,0.1,1627.52,162.75,47.0,4.7
ORD103128,2024-11-14,Home & Kitchen,East,Home Office,Express,355.56,4,0.25,1066.68,-21.33,22.0,4.3
ORD103129,2023-01-16,Electronics,South,Corporate,Express,999.22,4,0.0,3996.88,479.63,28.0,4.3
ORD103130,2024-06-16,Home & Kitchen,North,Consumer,Express,230.03,5,0.15,977.63,58.66,32.0,4.0
ORD103131,2023-07-12,Sports,North,Corporate,Standard,193.2,5,0.2,772.8,30.91,46.0,4.6
ORD103132,2023-09-15,Electronics,South,Consumer,Express,1184.31,6,0.05,6750.57,540.05,22.0,3.2
ORD103133,2023-03-10,Sports,West,Corporate,Standard,178.92,2,0.05,339.95,54.39,69.0,4.4
ORD103134,2024-08-01,Electronics,South,Consumer,Express,855.52,1,0.15,727.19,0.0,53.0,3.8
ORD103135,2024-11-12,Home & Kitchen,West,Corporate,Standard,337.23,3,0.05,961.11,134.56,45.0,4.8
ORD103136,2024-09-30,Beauty,West,Consumer,Same Day,7.81,7,0.05,51.94,13.5,55.0,4.5
ORD103137,2023-04-07,Books,West,Consumer,Standard,43.07,5,0.1,193.82,13.57,31.0,3.7
ORD103138,2023-01-12,Books,East,Consumer,Standard,28.87,6,0.1,155.9,10.91,55.0,3.8
ORD103139,2024-06-11,Clothing,South,Corporate,Standard,75.09,3,0.2,180.22,16.22,24.0,3.6
ORD103140,2024-05-08,Books,West,Home Office,Same Day,29.51,3,0.05,84.1,9.25,59.0,3.3
ORD103141,2023-06-28,Books,East,Consumer,Standard,31.88,5,0.0,159.4,23.91,42.0,3.4
ORD103142,2024-02-09,Electronics,West,Consumer,Standard,339.98,3,0.05,968.94,77.52,37.0,3.7
ORD103143,2024-01-28,Books,West,Consumer,Express,53.02,5,0.05,251.84,27.7,52.0,
ORD103144,2023-11-17,Clothing,East,Corporate,Standard,38.23,3,0.15000000000000002,97.49,12.67,,3.8
ORD103145,2023-10-31,Sports,North,Consumer,Same Day,295.21,5,0.0,1476.05,295.21,23.0,5.0
ORD103146,2023-12-30,Sports,North,Consumer,Standard,185.05,5,0.15000000000000002,786.46,62.92,53.0,4.4
ORD103147,2024-04-26,Electronics,South,Home Office,Same Day,585.87,7,0.15,3485.93,0.0,61.0,4.5
ORD103148,2024-09-09,Electronics,North,Consumer,Standard,914.8,3,0.0,2744.4,329.33,40.0,4.8
ORD103149,2024-09-14,Books,East,Consumer,Express,38.75,4,0.1,139.5,9.76,66.0,3.0
ORD103150,2023-03-18,Home & Kitchen,North,Consumer,Standard,391.47,3,0.1,1056.97,105.7,21.0,3.7
ORD103151,2024-10-14,Electronics,West,Consumer,Express,980.56,2,0.0,1961.12,235.33,38.0,4.2
ORD103152,2024-11-27,Electronics,South,Consumer,Express,599.35,1,0.05,569.38,45.55,19.0,3.9
ORD103153,2024-05-25,Beauty,West,Consumer,Standard,105.08,2,0.05,199.65,51.91,61.0,3.8
ORD103154,2023-10-07,Books,South,Consumer,Express,44.52,1,0.1,40.07,2.8,26.0,4.8
ORD103155,2024-10-05,Beauty,South,Consumer,Express,79.75,6,0.0,478.5,143.55,61.0,3.4
ORD103156,2024-08-23,Clothing,North,Home Office,Express,57.66,5,0.05,273.88,57.51,28.0,4.8
ORD103157,2023-07-03,Electronics,North,Home Office,Standard,775.86,2,0.1,1396.55,55.86,56.0,5.0
ORD103158,2023-10-24,Beauty,South,Consumer,Express,110.24,6,0.0,661.44,198.43,40.0,2.6
ORD103159,2024-06-23,Clothing,South,Consumer,Standard,11.02,1,0.0,11.02,2.76,36.0,4.6
ORD103160,2023-04-23,Home & Kitchen,East,Corporate,Express,366.72,6,0.0,2200.32,396.06,23.0,4.4
ORD103161,2023-10-22,Beauty,South,Consumer,Standard,36.57,5,0.0,182.85,54.86,69.0,3.4
ORD103162,2023-06-16,Electronics,Central,Corporate,Express,541.78,3,0.05,1544.07,123.53,52.0,2.3
ORD103163,2024-02-19,Clothing,East,Consumer,Standard,115.81,3,0.2,277.94,25.01,57.0,4.5
ORD103164,2023-07-24,Home & Kitchen,South,Consumer,Same Day,47.75,1,0.05,45.36,6.35,43.0,2.5
ORD103165,2024-11-10,Books,East,Consumer,Standard,13.01,1,0.15000000000000002,11.06,0.33,65.0,4.9
ORD103166,2023-05-18,Electronics,Central,Corporate,Express,725.93,7,0.0,5081.51,609.78,46.0,3.5
ORD103167,2023-09-25,Sports,Central,Consumer,Standard,179.09,4,0.1,644.72,77.37,39.0,4.2
ORD103168,2023-05-29,Clothing,South,Consumer,Standard,39.46,7,0.1,248.6,42.26,,2.9
ORD103169,2024-02-11,Beauty,East,Home Office,Standard,84.16,6,0.1,454.46,99.98,,4.8
ORD103170,2023-10-03,Clothing,South,Corporate,Standard,112.61,3,0.0,337.83,84.46,61.0,4.9
ORD103171,2023-04-08,Clothing,North,Consumer,Express,107.91,7,0.0,755.37,188.84,21.0,4.6
ORD103172,2023-02-05,Books,South,Consumer,Same Day,11.48,7,0.1,72.32,5.06,53.0,4.7
ORD103173,2023-05-19,Beauty,South,Consumer,Standard,14.07,6,0.1,75.98,16.72,41.0,5.0
ORD103174,2023-06-04,Clothing,North,Consumer,Standard,135.03,1,0.05,128.28,26.94,37.0,4.7
ORD103175,2023-11-14,Electronics,North,Consumer,Express,797.73,7,0.05,5304.9,424.39,41.0,4.5
ORD103176,2023-11-28,Home & Kitchen,East,Home Office,Standard,343.84,1,0.1,309.46,30.95,38.0,
ORD103177,2024-05-16,Sports,West,Consumer,Express,169.32,7,0.0,1185.24,237.05,58.0,4.4
ORD103178,2024-01-18,Sports,North,Corporate,Standard,119.89,5,0.0,599.45,119.89,30.0,
ORD103179,2024-01-29,Clothing,North,Consumer,Standard,94.18,6,0.05,536.83,112.73,61.0,3.6
ORD103180,2023-10-19,Beauty,Central,Corporate,Standard,70.46,1,0.2,56.37,7.89,62.0,5.0
ORD103181,2024-07-09,Sports,North,Consumer,Same Day,36.43,1,0.2,29.14,1.17,21.0,4.2
ORD103182,2023-10-28,Books,South,Corporate,Same Day,33.93,2,0.0,67.86,10.18,53.0,4.6
ORD103183,2024-11-11,Home & Kitchen,West,Consumer,Standard,354.84,7,0.05,2359.69,330.36,43.0,3.4
ORD103184,2023-05-29,Books,East,Consumer,Express,50.78,6,0.05,289.45,31.84,44.0,3.9
ORD103185,2024-06-07,Clothing,South,Home Office,Express,26.0,7,0.0,182.0,45.5,49.0,4.6
ORD103186,2024-02-17,Electronics,East,Corporate,Express,578.15,3,0.1,1561.0,62.44,56.0,5.0
ORD103187,2024-03-07,Clothing,North,Consumer,Same Day,116.85,4,0.0,467.4,116.85,53.0,4.9
ORD103188,2024-04-29,Home & Kitchen,South,Corporate,Standard,121.71,2,0.1,219.08,21.91,56.0,4.2
ORD103189,2024-08-22,Beauty,South,Consumer,Express,17.38,1,0.1,15.64,3.44,32.0,3.1
ORD103190,2024-07-28,Clothing,Central,Consumer,Express,14.43,7,0.0,101.01,25.25,43.0,2.6
ORD103191,2023-03-04,Electronics,North,Corporate,Standard,515.96,7,0.05,3431.13,274.49,63.0,3.2
ORD103192,2023-11-29,Clothing,West,Consumer,Same Day,102.12,2,0.1,183.82,31.25,38.0,
ORD103193,2024-11-04,Clothing,West,Consumer,Standard,52.55,1,0.15000000000000002,44.67,5.81,43.0,4.7
ORD103194,2023-07-16,Home & Kitchen,North,Consumer,Same Day,128.48,7,0.1,809.42,80.94,44.0,
ORD103195,2024-10-27,Home & Kitchen,West,Consumer,Standard,166.45,7,0.0,1165.15,209.73,60.0,4.8
ORD103196,2024-03-17,Electronics,East,Home Office,Standard,191.38,6,0.1,1033.45,41.34,59.0,2.6
ORD103197,2024-08-06,Home & Kitchen,West,Consumer,Standard,119.77,4,0.0,479.08,86.23,33.0,3.4
ORD103198,2023-05-30,Sports,North,Corporate,Same Day,157.48,6,0.0,944.88,188.98,30.0,3.9
ORD103199,2024-06-16,Sports,West,Consumer,Express,119.18,2,0.0,238.36,47.67,29.0,3.7
ORD103200,2024-03-20,Books,East,Corporate,Standard,26.03,2,0.1,46.85,3.28,24.0,4.8
ORD103201,2024-02-25,Electronics,West,Consumer,Express,922.21,7,0.0,6455.47,774.66,24.0,2.2
ORD103202,2023-10-12,Home & Kitchen,North,Consumer,Standard,162.49,7,0.2,909.94,18.2,35.0,5.0
ORD103203,2024-08-05,Sports,South,Corporate,Standard,220.51,2,0.15,374.87,29.99,25.0,4.4
ORD103204,2023-03-15,Books,South,Consumer,Standard,37.84,6,0.1,204.34,14.3,57.0,4.9
ORD103205,2024-05-27,Home & Kitchen,South,Consumer,Standard,373.01,4,0.0,1492.04,268.57,57.0,
ORD103206,2023-12-07,Clothing,West,Consumer,Express,110.44,2,0.05,209.84,44.07,44.0,3.8
ORD103207,2024-10-07,Sports,South,Consumer,Standard,170.05,2,0.0,340.1,68.02,60.0,3.8
ORD103208,2024-11-01,Electronics,West,Consumer,Express,564.98,4,0.15000000000000002,1920.93,-0.0,66.0,4.3
ORD103209,2023-10-05,Beauty,East,Corporate,Same Day,69.3,6,0.15,353.43,63.62,45.0,2.9
ORD103210,2024-12-13,Clothing,West,Consumer,Standard,65.42,2,0.1,117.76,20.02,69.0,4.4
ORD103211,2023-08-07,Electronics,North,Consumer,Standard,298.94,5,0.15,1270.5,0.0,64.0,5.0
ORD103212,2023-03-22,Home & Kitchen,South,Consumer,Express,398.0,6,0.1,2149.2,214.92,45.0,2.5
ORD103213,2024-05-31,Sports,North,Consumer,Standard,264.97,5,0.05,1258.61,201.38,55.0,3.9
ORD103214,2023-11-18,Books,South,Consumer,Express,8.11,1,0.05,7.7,0.85,25.0,4.9
ORD103215,2023-09-03,Electronics,East,Consumer,Standard,677.41,1,0.05,643.54,51.48,53.0,4.4
ORD103216,2024-04-13,Clothing,Central,Consumer,Standard,46.44,3,0.1,125.39,21.32,63.0,3.4
ORD103217,2023-11-15,Books,South,Corporate,Express,50.99,1,0.05,48.44,5.33,40.0,3.1
ORD103218,2024-07-06,Home & Kitchen,North,Corporate,Standard,28.39,4,0.1,102.2,10.22,57.0,3.3
ORD103219,2024-02-22,Books,Central,Home Office,Same Day,53.37,7,0.05,354.91,39.04,38.0,3.3
ORD103220,2023-07-05,Electronics,North,Corporate,Express,308.01,2,0.3,431.21,-51.75,67.0,3.3
ORD103221,2023-07-04,Books,South,Consumer,Same Day,52.29,5,0.05,248.38,27.32,58.0,2.7
ORD103222,2023-08-17,Home & Kitchen,West,Consumer,Standard,224.13,5,0.1,1008.59,100.86,52.0,3.4
ORD103223,2023-07-28,Electronics,West,Consumer,Standard,617.86,6,0.05,3521.8,281.74,,
ORD103224,2024-03-03,Sports,West,Corporate,Express,173.92,3,0.05,495.67,79.31,34.0,3.4
ORD103225,2023-10-08,Clothing,North,Consumer,Same Day,13.42,3,0.0,40.26,10.06,40.0,4.2
ORD103226,2023-08-19,Beauty,West,Home Office,Standard,73.52,1,0.0,73.52,22.06,60.0,4.3
ORD103227,2023-03-03,Electronics,East,Consumer,Express,120.01,2,0.05,228.02,18.24,61.0,5.0
ORD103228,2023-01-19,Home & Kitchen,East,Corporate,Standard,298.85,3,0.3,627.58,-37.65,28.0,5.0
ORD103229,2024-10-24,Beauty,Central,Home Office,Same Day,6.76,4,0.0,27.04,8.11,67.0,5.0
ORD103230,2024-12-20,Books,Central,Consumer,Standard,50.95,3,0.1,137.57,9.63,59.0,2.9
ORD103231,2024-06-09,Sports,East,Consumer,Same Day,271.75,1,0.05,258.16,41.31,45.0,4.5
ORD103232,2023-06-21,Electronics,East,Home Office,Same Day,55.07,5,0.0,275.35,33.04,20.0,2.7
ORD103233,2024-08-22,Electronics,Central,Consumer,Standard,1081.29,1,0.3,756.9,-90.83,57.0,4.4
ORD103234,2024-08-19,Clothing,South,Consumer,Standard,131.55,4,0.05,499.89,104.98,54.0,3.9
ORD103235,2024-11-12,Sports,South,Corporate,Standard,104.38,4,0.15000000000000002,354.89,28.39,31.0,4.9
ORD103236,2024-03-10,Beauty,North,Consumer,Standard,110.71,5,0.05,525.87,136.73,35.0,5.0
ORD103237,2023-10-13,Books,South,Consumer,Same Day,39.76,4,0.0,159.04,23.86,23.0,4.6
ORD103238,2023-12-28,Beauty,North,Consumer,Standard,94.91,2,0.05,180.33,46.89,,5.0
ORD103239,2024-02-29,Clothing,East,Consumer,Express,109.26,7,0.0,764.82,191.2,25.0,3.5
ORD103240,2024-10-19,Electronics,South,Home Office,Express,1036.43,3,0.2,2487.43,-99.5,33.0,3.7
ORD103241,2023-07-31,Books,South,Consumer,Same Day,29.42,5,0.1,132.39,9.27,38.0,3.9
ORD103242,2024-03-09,Beauty,South,Home Office,Express,69.9,6,0.15,356.49,64.17,35.0,3.0
ORD103243,2024-01-26,Clothing,North,Consumer,Standard,143.0,7,0.0,1001.0,250.25,55.0,4.7
ORD103244,2024-04-27,Sports,Central,Consumer,Express,22.44,5,0.0,112.2,22.44,21.0,3.2
ORD103245,2024-04-09,Clothing,East,Consumer,Express,13.11,5,0.0,65.55,16.39,35.0,3.7
ORD103246,2024-10-16,Books,South,Consumer,Same Day,13.13,2,0.05,24.95,2.74,21.0,4.4
ORD103247,2024-10-17,Beauty,North,Consumer,Standard,29.39,2,0.0,58.78,17.63,68.0,4.7
ORD103248,2023-04-24,Books,North,Corporate,Same Day,52.53,3,0.05,149.71,16.47,53.0,4.3
ORD103249,2024-11-08,Beauty,South,Consumer,Standard,58.17,3,0.25,130.88,13.09,58.0,5.0
ORD103250,2024-06-27,Clothing,West,Corporate,Same Day,41.9,4,0.0,167.6,41.9,23.0,3.5
ORD103251,2023-05-25,Clothing,North,Consumer,Standard,90.04,4,0.0,360.16,90.04,30.0,4.1
ORD103252,2024-03-04,Home & Kitchen,North,Consumer,Express,289.92,4,0.1,1043.71,104.37,46.0,4.1
ORD103253,2024-12-07,Home & Kitchen,West,Consumer,Standard,211.56,2,0.2,338.5,6.77,66.0,4.0
ORD103254,2023-02-14,Books,East,Corporate,Standard,25.78,2,0.2,41.25,-0.41,57.0,4.3
ORD103255,2024-02-02,Home & Kitchen,West,Consumer,Express,172.78,4,0.15,587.45,35.25,69.0,4.9
ORD103256,2023-01-03,Sports,West,Consumer,Same Day,110.27,7,0.1,694.7,83.36,21.0,3.6
ORD103257,2024-01-25,Home & Kitchen,South,Consumer,Standard,336.99,6,0.0,2021.94,363.95,30.0,3.9
ORD103258,2023-02-12,Electronics,Central,Consumer,Standard,599.41,3,0.05,1708.32,136.67,46.0,3.2
ORD103259,2024-05-15,Beauty,North,Consumer,Express,91.91,5,0.0,459.55,137.86,58.0,4.3
ORD103260,2024-08-27,Electronics,Central,Home Office,Express,426.1,2,0.0,852.2,102.26,22.0,4.7
ORD103261,2024-11-26,Clothing,North,Home Office,Express,147.51,1,0.1,132.76,22.57,44.0,3.6
ORD103262,2024-10-19,Electronics,East,Consumer,Standard,779.8,2,0.2,1247.68,-49.91,,3.3
ORD103263,2023-05-19,Home & Kitchen,North,Home Office,Standard,33.31,7,0.1,209.85,20.98,55.0,4.3
ORD103264,2024-09-18,Home & Kitchen,West,Consumer,Standard,270.91,7,0.0,1896.37,341.35,48.0,4.7
ORD103265,2024-06-14,Electronics,West,Consumer,Standard,261.79,4,0.2,837.73,-33.51,37.0,3.9
ORD103266,2024-07-13,Clothing,North,Corporate,Standard,68.44,4,0.0,273.76,68.44,49.0,4.3
ORD103267,2023-04-20,Beauty,Central,Corporate,Standard,58.6,2,0.1,105.48,23.21,59.0,2.9
ORD103268,2024-12-23,Sports,North,Corporate,Express,71.88,3,0.05,204.86,32.78,51.0,3.6
ORD103269,2024-03-01,Clothing,South,Consumer,Standard,137.86,4,0.0,551.44,137.86,32.0,4.2
ORD103270,2024-11-05,Beauty,North,Corporate,Express,90.68,7,0.15000000000000002,539.55,97.12,33.0,3.8
ORD103271,2024-02-14,Books,East,Consumer,Standard,9.33,7,0.0,65.31,9.8,49.0,4.5
ORD103272,2023-12-11,Beauty,North,Home Office,Same Day,74.52,5,0.1,335.34,73.77,49.0,4.9
ORD103273,2023-09-12,Home & Kitchen,East,Consumer,Standard,57.67,4,0.15,196.08,11.76,64.0,4.8
ORD103274,2024-11-13,Clothing,South,Consumer,Standard,129.87,4,0.2,415.58,37.4,32.0,4.5
ORD103275,2024-02-23,Sports,South,Home Office,Standard,166.68,3,0.0,500.04,100.01,51.0,2.9
ORD103276,2024-09-29,Home & Kitchen,North,Consumer,Express,359.74,2,0.1,647.53,64.75,26.0,5.0
ORD103277,2024-06-17,Beauty,North,Corporate,Standard,33.4,4,0.0,133.6,40.08,60.0,4.0
ORD103278,2023-02-24,Clothing,Central,Consumer,Standard,117.38,4,0.2,375.62,33.81,32.0,3.9
ORD103279,2023-10-14,Clothing,East,Consumer,Standard,13.97,3,0.0,41.91,10.48,25.0,3.9
ORD103280,2024-05-22,Electronics,North,Consumer,Standard,930.25,6,0.0,5581.5,669.78,62.0,4.7
ORD103281,2023-05-29,Books,Central,Corporate,Standard,37.11,3,0.0,111.33,16.7,54.0,4.7
ORD103282,2024-07-30,Sports,Central,Consumer,Standard,221.09,7,0.1,1392.87,167.14,65.0,3.4
ORD103283,2024-10-31,Sports,Central,Corporate,Standard,83.92,1,0.0,83.92,16.78,59.0,4.2
ORD103284,2024-02-17,Clothing,South,Home Office,Standard,78.97,3,0.1,213.22,36.25,45.0,3.9
ORD103285,2023-11-06,Electronics,South,Home Office,Express,575.16,5,0.2,2300.64,-92.03,68.0,3.1
ORD103286,2024-08-10,Electronics,South,Corporate,Express,945.1,1,0.1,850.59,34.02,18.0,3.3
ORD103287,2024-03-28,Electronics,East,Consumer,Standard,959.44,3,0.2,2302.66,-92.11,63.0,5.0
ORD103288,2023-03-02,Electronics,South,Consumer,Express,855.59,4,0.1,3080.12,123.2,65.0,5.0
ORD103289,2023-08-19,Clothing,Central,Corporate,Express,148.57,1,0.15,126.28,16.42,41.0,
ORD103290,2023-09-03,Beauty,East,Corporate,Express,10.82,4,0.1,38.95,8.57,50.0,4.2
ORD103291,2024-01-31,Home & Kitchen,North,Consumer,Express,312.58,3,0.15,797.08,47.82,25.0,3.9
ORD103292,2023-03-09,Home & Kitchen,East,Home Office,Express,265.17,1,0.1,238.65,23.86,58.0,5.0
ORD103293,2024-03-21,Books,South,Consumer,Standard,36.93,1,0.05,35.08,3.86,21.0,3.3
ORD103294,2023-10-18,Electronics,North,Consumer,Standard,529.44,1,0.15,450.02,0.0,54.0,3.8
ORD103295,2023-08-20,Electronics,East,Consumer,Standard,471.85,2,0.1,849.33,33.97,46.0,2.9
ORD103296,2023-07-13,Home & Kitchen,Central,Home Office,Express,150.01,4,0.0,600.04,108.01,30.0,3.4
ORD103297,2024-12-05,Sports,East,Consumer,Standard,61.93,1,0.1,55.74,6.69,31.0,3.4
ORD103298,2023-10-01,Electronics,South,Home Office,Express,504.53,5,0.15,2144.25,0.0,36.0,3.4
ORD103299,2023-08-21,Home & Kitchen,Central,Consumer,Standard,134.82,3,0.0,404.46,72.8,23.0,4.7
ORD103300,2024-03-31,Electronics,West,Corporate,Standard,56.05,4,0.0,224.2,26.9,41.0,3.3
ORD103301,2024-06-07,Sports,South,Consumer,Express,213.76,6,0.1,1154.3,138.52,62.0,3.7
ORD103302,2024-09-03,Beauty,Central,Consumer,Standard,112.9,4,0.05,429.02,111.55,26.0,2.5
ORD103303,2023-02-04,Clothing,Central,Corporate,Standard,141.8,7,0.0,992.6,248.15,56.0,
ORD103304,2023-05-05,Home & Kitchen,East,Consumer,Express,310.35,4,0.1,1117.26,111.73,40.0,4.3
ORD103305,2024-01-10,Home & Kitchen,North,Consumer,Standard,245.6,2,0.0,491.2,88.42,,4.2
ORD103306,2024-05-22,Books,Central,Consumer,Standard,45.12,7,0.05,300.05,33.01,54.0,4.6
ORD103307,2024-07-02,Electronics,West,Consumer,Standard,645.22,5,0.2,2580.88,-103.24,39.0,4.2
ORD103308,2024-02-18,Sports,West,Home Office,Standard,126.31,2,0.1,227.36,27.28,49.0,3.2
ORD103309,2023-06-28,Beauty,North,Consumer,Standard,94.12,4,0.0,376.48,112.94,28.0,4.3
ORD103310,2024-08-04,Electronics,West,Consumer,Standard,624.39,4,0.2,1998.05,-79.92,56.0,5.0
ORD103311,2024-05-05,Books,North,Consumer,Standard,22.45,2,0.0,44.9,6.74,37.0,2.6
ORD103312,2024-07-31,Books,West,Corporate,Standard,18.82,5,0.2,75.28,-0.75,59.0,3.0
ORD103313,2023-07-24,Books,East,Corporate,Standard,47.91,3,0.1,129.36,9.06,45.0,4.8
ORD103314,2024-06-11,Electronics,Central,Consumer,Express,346.53,1,0.0,346.53,41.58,54.0,4.1
ORD103315,2024-10-12,Clothing,Central,Corporate,Standard,136.02,5,0.1,612.09,104.06,18.0,4.5
ORD103316,2024-02-03,Books,South,Corporate,Standard,21.43,1,0.0,21.43,3.21,20.0,4.1
ORD103317,2023-01-12,Sports,East,Consumer,Standard,235.49,5,0.0,1177.45,235.49,28.0,4.0
ORD103318,2024-03-31,Books,South,Corporate,Standard,16.41,1,0.1,14.77,1.03,47.0,2.6
ORD103319,2023-09-03,Books,South,Home Office,Standard,21.95,3,0.05,62.56,6.88,42.0,4.7
ORD103320,2023-11-27,Sports,East,Consumer,Express,253.54,6,0.05,1445.18,231.23,41.0,4.0
ORD103321,2024-12-11,Clothing,North,Consumer,Standard,149.89,1,0.1,134.9,22.93,37.0,3.7
ORD103322,2024-02-21,Sports,South,Home Office,Standard,275.19,2,0.05,522.86,83.66,48.0,4.2
ORD103323,2023-04-17,Electronics,East,Home Office,Standard,563.67,2,0.1,1014.61,40.58,36.0,3.5
ORD103324,2024-06-06,Beauty,Central,Home Office,Same Day,19.46,2,0.0,38.92,11.68,21.0,4.7
ORD103325,2023-09-01,Home & Kitchen,North,Corporate,Same Day,164.13,7,0.2,919.13,18.38,31.0,5.0
ORD103326,2024-06-13,Home & Kitchen,North,Home Office,Same Day,47.15,6,0.15,240.46,14.43,45.0,4.3
ORD103327,2024-06-21,Electronics,West,Corporate,Standard,884.68,7,0.0,6192.76,743.13,52.0,2.4
ORD103328,2023-10-06,Electronics,North,Corporate,Same Day,181.72,5,0.05,863.17,69.05,51.0,4.3
ORD103329,2024-02-09,Clothing,North,Corporate,Express,95.28,7,0.0,666.96,166.74,64.0,
ORD103330,2023-01-04,Electronics,South,Consumer,Same Day,809.5,2,0.1,1457.1,58.28,19.0,4.4
ORD103331,2023-11-02,Sports,Central,Consumer,Standard,246.76,6,0.1,1332.5,159.9,61.0,3.9
ORD103332,2024-02-17,Clothing,Central,Consumer,Standard,129.99,5,0.1,584.96,99.44,64.0,5.0
ORD103333,2024-02-12,Electronics,East,Consumer,Standard,429.94,3,0.3,902.87,-108.34,46.0,4.8
ORD103334,2024-11-14,Books,Central,Home Office,Standard,42.29,5,0.15000000000000002,179.73,5.39,53.0,4.9
ORD103335,2024-05-12,Sports,Central,Corporate,Standard,119.02,4,0.05,452.28,72.36,21.0,3.3
ORD103336,2024-12-24,Beauty,Central,Consumer,Standard,77.54,2,0.1,139.57,30.71,59.0,4.9
ORD103337,2024-08-04,Electronics,North,Corporate,Standard,929.89,7,0.0,6509.23,781.11,59.0,4.8
ORD103338,2024-06-22,Clothing,South,Consumer,Standard,103.96,4,0.0,415.84,103.96,66.0,3.9
ORD103339,2024-10-22,Clothing,South,Consumer,Standard,121.72,6,0.05,693.8,145.7,54.0,3.1
ORD103340,2023-05-29,Books,Central,Consumer,Standard,26.67,4,0.1,96.01,6.72,42.0,4.8
ORD103341,2023-04-06,Sports,Central,Consumer,Same Day,25.86,5,0.0,129.3,25.86,66.0,4.2
ORD103342,2023-03-22,Electronics,Central,Consumer,Express,639.43,3,0.1,1726.46,69.06,38.0,3.7
ORD103343,2024-06-22,Beauty,North,Consumer,Express,35.1,7,0.1,221.13,48.65,35.0,5.0
ORD103344,2023-07-18,Home & Kitchen,Central,Corporate,Standard,372.11,7,0.1,2344.29,234.43,49.0,3.4
ORD103345,2023-08-15,Clothing,East,Consumer,Standard,102.46,4,0.3,286.89,2.87,25.0,5.0
ORD103346,2023-12-07,Beauty,Central,Consumer,Standard,112.7,6,0.35,439.53,8.79,51.0,3.4
ORD103347,2023-09-04,Home & Kitchen,West,Corporate,Standard,64.97,1,0.0,64.97,11.69,39.0,2.5
ORD103348,2023-05-20,Books,West,Consumer,Express,29.99,5,0.15,127.46,3.82,64.0,3.2
ORD103349,2024-05-07,Electronics,East,Consumer,Express,700.84,2,0.15,1191.43,0.0,18.0,4.3
ORD103350,2023-09-15,Electronics,North,Corporate,Express,959.4,3,0.15,2446.47,0.0,35.0,4.5
ORD103351,2023-11-14,Books,West,Consumer,Express,35.28,6,0.1,190.51,13.34,46.0,4.8
ORD103352,2024-11-08,Books,North,Home Office,Standard,46.65,1,0.25,34.99,-1.75,32.0,4.4
ORD103353,2023-10-21,Clothing,East,Home Office,Express,128.42,6,0.05,731.99,153.72,34.0,4.3
ORD103354,2023-08-04,Clothing,South,Home Office,Standard,139.87,6,0.0,839.22,209.8,25.0,4.3
ORD103355,2024-08-08,Electronics,North,Consumer,Express,104.05,4,0.05,395.39,31.63,34.0,3.5
ORD103356,2023-09-04,Clothing,South,Corporate,Express,91.73,2,0.05,174.29,36.6,40.0,4.3
ORD103357,2023-12-15,Clothing,West,Consumer,Standard,31.74,4,0.05,120.61,25.33,58.0,
ORD103358,2024-09-08,Electronics,East,Consumer,Standard,1150.38,3,0.0,3451.14,414.14,35.0,2.2
ORD103359,2024-07-14,Clothing,West,Consumer,Express,53.68,4,0.05,203.98,42.84,66.0,3.5
ORD103360,2024-04-26,Beauty,North,Home Office,Standard,31.08,7,0.0,217.56,65.27,40.0,3.0
ORD103361,2023-03-15,Clothing,North,Home Office,Standard,77.43,4,0.0,309.72,77.43,50.0,4.8
ORD103362,2024-01-16,Home & Kitchen,South,Corporate,Standard,233.72,2,0.0,467.44,84.14,57.0,4.3
ORD103363,2023-11-21,Clothing,Central,Corporate,Standard,59.33,7,0.05,394.54,82.85,43.0,4.2
ORD103364,2024-11-07,Sports,East,Consumer,Standard,25.86,6,0.35,100.85,-8.07,22.0,3.3
ORD103365,2024-11-17,Home & Kitchen,South,Corporate,Express,304.09,6,0.1,1642.09,164.21,55.0,3.8
ORD103366,2024-11-05,Clothing,West,Corporate,Standard,46.68,7,0.35,212.39,-6.37,56.0,4.1
ORD103367,2023-07-20,Home & Kitchen,West,Consumer,Standard,131.26,2,0.1,236.27,23.63,68.0,3.7
ORD103368,2023-12-23,Home & Kitchen,South,Consumer,Same Day,41.4,5,0.15000000000000002,175.95,10.56,48.0,4.1
ORD103369,2023-11-05,Sports,West,Consumer,Standard,216.15,2,0.05,410.68,65.71,27.0,5.0
ORD103370,2024-12-22,Electronics,Central,Consumer,Standard,64.17,7,0.15000000000000002,381.81,-0.0,66.0,4.4
ORD103371,2023-04-11,Sports,South,Consumer,Same Day,221.19,5,0.1,995.36,119.44,55.0,4.5
ORD103372,2023-03-04,Sports,North,Corporate,Standard,280.22,7,0.0,1961.54,392.31,24.0,2.5
ORD103373,2023-10-19,Home & Kitchen,South,Consumer,Same Day,200.42,6,0.05,1142.39,159.93,63.0,4.3
ORD103374,2023-12-06,Beauty,North,Consumer,Standard,101.41,5,0.05,481.7,125.24,68.0,4.2
ORD103375,2023-01-21,Clothing,Central,Home Office,Standard,81.11,2,0.1,146.0,24.82,49.0,3.6
ORD103376,2024-11-04,Home & Kitchen,West,Home Office,Standard,398.72,3,0.05,1136.35,159.09,41.0,5.0
ORD103377,2023-10-18,Home & Kitchen,East,Corporate,Standard,231.88,3,0.1,626.08,62.61,19.0,5.0
ORD103378,2024-10-09,Clothing,Central,Consumer,Standard,35.27,4,0.05,134.03,28.15,34.0,3.9
ORD103379,2023-06-03,Books,East,Consumer,Standard,20.09,3,0.1,54.24,3.8,22.0,4.4
ORD103380,2023-05-06,Home & Kitchen,South,Home Office,Standard,81.78,1,0.0,81.78,14.72,,2.4
ORD103381,2023-01-12,Home & Kitchen,North,Consumer,Express,257.41,6,0.1,1390.01,139.0,55.0,4.4
ORD103382,2023-10-11,Electronics,North,Consumer,Express,80.53,4,0.1,289.91,11.6,25.0,4.9
ORD103383,2024-06-26,Sports,Central,Consumer,Same Day,223.62,6,0.0,1341.72,268.34,36.0,4.8
ORD103384,2023-10-29,Home & Kitchen,North,Consumer,Express,378.46,3,0.0,1135.38,204.37,19.0,5.0
ORD103385,2024-11-17,Home & Kitchen,West,Corporate,Express,218.8,3,0.05,623.58,87.3,51.0,3.2
ORD103386,2023-11-22,Clothing,East,Consumer,Express,37.35,4,0.1,134.46,22.86,,2.0
ORD103387,2024-06-19,Clothing,Central,Home Office,Express,133.57,1,0.05,126.89,26.65,55.0,3.6
ORD103388,2023-07-29,Home & Kitchen,East,Corporate,Same Day,46.66,1,0.0,46.66,8.4,41.0,4.9
ORD103389,2024-09-19,Electronics,West,Consumer,Standard,263.25,7,0.1,1658.48,66.34,34.0,4.2
ORD103390,2023-07-29,Home & Kitchen,North,Consumer,Standard,146.95,5,0.1,661.28,66.13,45.0,4.6
ORD103391,2023-12-17,Sports,South,Consumer,Standard,85.96,6,0.1,464.18,55.7,44.0,4.5
ORD103392,2024-04-30,Beauty,West,Consumer,Express,60.5,7,0.05,402.32,104.6,43.0,3.0
ORD103393,2024-11-16,Beauty,West,Consumer,Standard,9.3,2,0.2,14.88,2.08,49.0,3.5
ORD103394,2024-11-10,Beauty,West,Consumer,Same Day,59.5,6,0.15000000000000002,303.45,54.62,49.0,3.0
ORD103395,2023-01-31,Books,North,Corporate,Standard,11.95,7,0.15,71.1,2.13,65.0,4.0
ORD103396,2023-04-01,Electronics,North,Corporate,Express,79.79,4,0.1,287.24,11.49,35.0,2.7
ORD103397,2023-12-15,Clothing,Central,Consumer,Standard,14.62,1,0.05,13.89,2.92,39.0,3.4
ORD103398,2024-02-11,Electronics,East,Home Office,Express,993.33,1,0.0,993.33,119.2,50.0,3.0
ORD103399,2023-10-27,Books,Central,Consumer,Standard,9.6,2,0.1,17.28,1.21,25.0,4.0
ORD103400,2023-01-13,Sports,East,Consumer,Express,125.62,2,0.0,251.24,50.25,39.0,4.1
ORD103401,2023-11-26,Clothing,South,Consumer,Standard,22.79,5,0.05,108.25,22.73,56.0,3.8
ORD103402,2024-05-29,Electronics,Central,Corporate,Standard,121.58,7,0.3,595.74,-71.49,26.0,2.8
ORD103403,2023-09-11,Home & Kitchen,Central,Home Office,Express,81.21,3,0.05,231.45,32.4,38.0,5.0
ORD103404,2024-02-01,Books,East,Consumer,Express,6.38,7,0.3,31.26,-2.81,21.0,3.7
ORD103405,2023-12-26,Clothing,North,Corporate,Express,34.46,5,0.15000000000000002,146.46,19.04,42.0,4.4
ORD103406,2023-03-19,Books,South,Consumer,Standard,13.16,7,0.0,92.12,13.82,28.0,3.6
ORD103407,2024-02-07,Clothing,East,Consumer,Standard,34.32,2,0.05,65.21,13.69,46.0,
ORD103408,2023-06-21,Home & Kitchen,West,Corporate,Standard,356.7,1,0.0,356.7,64.21,45.0,4.7
ORD103409,2024-04-19,Home & Kitchen,South,Corporate,Same Day,233.58,2,0.15,397.09,23.83,23.0,4.1
ORD103410,2023-11-21,Clothing,East,Consumer,Standard,24.91,5,0.35,80.96,-2.43,37.0,3.6
ORD103411,2024-05-04,Books,South,Home Office,Express,19.74,6,0.1,106.6,7.46,,2.9
ORD103412,2024-05-24,Clothing,North,Consumer,Express,76.61,3,0.0,229.83,57.46,67.0,2.5
ORD103413,2024-04-03,Clothing,Central,Consumer,Standard,102.51,5,0.1,461.3,78.42,36.0,3.3
ORD103414,2023-05-20,Home & Kitchen,South,Consumer,Express,285.34,5,0.05,1355.36,189.75,21.0,5.0
ORD103415,2023-11-15,Electronics,West,Consumer,Standard,1138.31,2,0.1,2048.96,81.96,25.0,4.3
ORD103416,2023-03-16,Beauty,Central,Consumer,Standard,81.57,6,0.15,416.01,74.88,27.0,3.8
ORD103417,2023-11-25,Books,West,Consumer,Express,59.76,6,0.05,340.63,37.47,41.0,
ORD103418,2024-01-21,Home & Kitchen,North,Consumer,Standard,102.93,3,0.2,247.03,4.94,41.0,3.7
ORD103419,2024-12-15,Beauty,East,Consumer,Standard,41.06,1,0.25,30.8,3.08,35.0,
ORD103420,2023-02-16,Home & Kitchen,South,Consumer,Standard,391.32,2,0.1,704.38,70.44,56.0,4.1
ORD103421,2024-05-06,Sports,South,Consumer,Express,210.42,3,0.05,599.7,95.95,50.0,5.0
ORD103422,2023-11-09,Beauty,East,Consumer,Standard,91.55,2,0.1,164.79,36.25,68.0,3.5
ORD103423,2023-01-02,Clothing,Central,Corporate,Express,10.46,2,0.2,16.74,1.51,27.0,3.1
ORD103424,2024-07-01,Electronics,West,Consumer,Express,1189.61,3,0.0,3568.83,428.26,41.0,4.8
ORD103425,2024-09-19,Home & Kitchen,North,Home Office,Standard,114.24,7,0.1,719.71,71.97,44.0,3.9
ORD103426,2024-02-19,Beauty,North,Home Office,Express,69.09,6,0.05,393.81,102.39,37.0,4.4
ORD103427,2023-08-17,Home & Kitchen,Central,Corporate,Same Day,26.93,2,0.1,48.47,4.85,42.0,3.3
ORD103428,2024-04-24,Electronics,West,Home Office,Standard,1108.81,4,0.0,4435.24,532.23,20.0,3.9
ORD103429,2023-07-09,Beauty,West,Home Office,Standard,67.47,6,0.15,344.1,61.94,,3.2
ORD103430,2024-07-21,Books,South,Consumer,Express,13.64,3,0.1,36.83,2.58,64.0,4.3
ORD103431,2024-07-05,Home & Kitchen,South,Corporate,Express,287.07,4,0.0,1148.28,206.69,49.0,5.0
ORD103432,2023-05-31,Electronics,South,Corporate,Express,435.61,2,0.0,871.22,104.55,63.0,5.0
ORD103433,2023-11-05,Electronics,West,Corporate,Express,611.49,4,0.35,1589.87,-254.38,18.0,4.8
ORD103434,2023-03-19,Sports,East,Consumer,Standard,297.72,5,0.05,1414.17,226.27,37.0,4.2
ORD103435,2024-04-08,Electronics,South,Consumer,Express,624.69,3,0.0,1874.07,224.89,57.0,3.9
ORD103436,2024-07-20,Beauty,West,Corporate,Standard,20.29,2,0.0,40.58,12.17,67.0,4.4
ORD103437,2023-06-18,Electronics,Central,Home Office,Express,278.32,7,0.15,1656.0,0.0,49.0,4.9
ORD103438,2024-09-16,Home & Kitchen,Central,Consumer,Express,154.92,7,0.05,1030.22,144.23,43.0,5.0
ORD103439,2024-06-20,Beauty,Central,Home Office,Standard,109.29,3,0.0,327.87,98.36,50.0,4.0
ORD103440,2024-11-08,Electronics,Central,Corporate,Express,175.73,1,0.05,166.94,13.36,46.0,4.7
ORD103441,2023-10-04,Clothing,East,Home Office,Express,45.39,7,0.1,285.96,48.61,65.0,5.0
ORD103442,2024-05-04,Home & Kitchen,North,Consumer,Standard,234.56,1,0.05,222.83,31.2,37.0,5.0
ORD103443,2023-01-29,Home & Kitchen,West,Consumer,Standard,92.99,5,0.0,464.95,83.69,42.0,3.4
ORD103444,2023-05-16,Clothing,South,Home Office,Standard,121.26,7,0.0,848.82,212.2,68.0,4.3
ORD103445,2024-12-16,Beauty,West,Home Office,Standard,15.26,1,0.2,12.21,1.71,55.0,3.9
ORD103446,2023-02-23,Electronics,North,Home Office,Standard,65.03,5,0.1,292.64,11.71,,
ORD103447,2023-02-27,Beauty,East,Consumer,Standard,85.79,3,0.0,257.37,77.21,31.0,4.0
ORD103448,2024-03-27,Beauty,East,Consumer,Express,55.55,3,0.0,166.65,50.0,65.0,4.5
ORD103449,2024-02-18,Clothing,Central,Home Office,Standard,58.98,6,0.0,353.88,88.47,30.0,2.9
ORD103450,2023-08-17,Home & Kitchen,Central,Consumer,Standard,31.84,2,0.05,60.5,8.47,52.0,3.6
ORD103451,2023-06-19,Electronics,West,Consumer,Standard,155.0,1,0.05,147.25,11.78,19.0,3.1
ORD103452,2023-05-10,Home & Kitchen,North,Home Office,Standard,138.03,5,0.15,586.63,35.2,45.0,4.0
ORD103453,2023-12-07,Clothing,South,Corporate,Same Day,28.57,3,0.25,64.28,3.21,39.0,4.9
ORD103454,2023-03-27,Beauty,Central,Consumer,Standard,45.62,1,0.15,38.78,6.98,22.0,5.0
ORD103455,2023-12-25,Electronics,West,Corporate,Express,1122.87,5,0.05,5333.63,426.69,28.0,4.7
ORD103456,2023-10-06,Clothing,East,Corporate,Standard,95.84,4,0.1,345.02,58.65,46.0,5.0
ORD103457,2024-05-31,Home & Kitchen,Central,Corporate,Express,397.71,1,0.05,377.82,52.89,19.0,3.8
ORD103458,2024-03-27,Sports,East,Consumer,Standard,32.06,7,0.0,224.42,44.88,68.0,3.6
ORD103459,2024-07-28,Clothing,North,Consumer,Standard,105.15,5,0.15,446.89,58.1,45.0,4.2
ORD103460,2023-08-05,Sports,Central,Consumer,Standard,49.84,2,0.05,94.7,15.15,64.0,3.7
ORD103461,2024-11-15,Books,South,Corporate,Standard,52.2,1,0.05,49.59,5.45,60.0,4.9
ORD103462,2024-08-26,Electronics,South,Consumer,Standard,826.29,4,0.3,2313.61,-277.63,22.0,4.2
ORD103463,2024-05-24,Books,North,Home Office,Express,13.88,2,0.0,27.76,4.16,34.0,
ORD103464,2024-08-05,Electronics,East,Consumer,Standard,551.34,3,0.05,1571.32,125.71,60.0,4.5
ORD103465,2024-04-04,Electronics,North,Consumer,Standard,227.89,2,0.05,432.99,34.64,68.0,4.0
ORD103466,2024-07-19,Beauty,East,Corporate,Standard,115.16,4,0.2,368.51,51.59,58.0,4.1
ORD103467,2023-06-07,Electronics,North,Consumer,Standard,769.05,1,0.0,769.05,92.29,67.0,4.6
ORD103468,2023-06-01,Electronics,South,Consumer,Standard,220.64,3,0.0,661.92,79.43,60.0,2.9
ORD103469,2023-09-07,Electronics,Central,Consumer,Express,988.88,1,0.0,988.88,118.67,26.0,4.3
ORD103470,2024-04-28,Home & Kitchen,East,Corporate,Express,198.86,4,0.15,676.12,40.57,23.0,3.7
ORD103471,2024-12-23,Books,South,Corporate,Express,16.93,3,0.1,45.71,3.2,27.0,4.5
ORD103472,2023-08-19,Beauty,West,Consumer,Standard,80.95,3,0.2,194.28,27.2,29.0,3.2
ORD103473,2024-08-04,Electronics,West,Consumer,Express,655.82,3,0.3,1377.22,-165.27,47.0,3.9
ORD103474,2024-10-13,Electronics,North,Corporate,Express,351.03,7,0.1,2211.49,88.46,28.0,5.0
ORD103475,2024-03-08,Books,North,Consumer,Standard,9.08,7,0.15,54.03,1.62,49.0,3.5
ORD103476,2024-04-27,Clothing,North,Home Office,Standard,35.71,1,0.05,33.92,7.12,45.0,5.0
ORD103477,2024-03-08,Clothing,West,Home Office,Standard,15.91,7,0.0,111.37,27.84,42.0,4.4
ORD103478,2023-06-23,Electronics,North,Consumer,Standard,615.28,7,0.05,4091.61,327.33,53.0,
ORD103479,2023-06-29,Electronics,South,Consumer,Same Day,665.56,5,0.0,3327.8,399.34,47.0,2.7
ORD103480,2024-04-10,Beauty,Central,Corporate,Express,55.7,2,0.2,89.12,12.48,42.0,5.0
ORD103481,2023-03-18,Home & Kitchen,West,Corporate,Same Day,44.57,3,0.2,106.97,2.14,30.0,4.4
ORD103482,2023-11-20,Beauty,East,Consumer,Standard,31.29,5,0.05,148.63,38.64,52.0,4.1
ORD103483,2023-04-23,Clothing,North,Consumer,Standard,100.23,2,0.0,200.46,50.12,58.0,3.5
ORD103484,2024-01-12,Books,South,Consumer,Express,24.26,3,0.3,50.95,-4.59,30.0,4.1
ORD103485,2023-12-08,Books,East,Consumer,Express,41.16,1,0.15000000000000002,34.99,1.05,29.0,3.6
ORD103486,2023-12-15,Beauty,North,Corporate,Express,66.39,1,0.1,59.75,13.14,56.0,3.6
ORD103487,2024-06-06,Home & Kitchen,South,Home Office,Standard,313.92,3,0.1,847.58,84.76,33.0,2.5
ORD103488,2023-09-11,Clothing,Central,Consumer,Express,19.38,6,0.0,116.28,29.07,19.0,4.9
ORD103489,2024-08-29,Sports,South,Consumer,Standard,281.83,2,0.0,563.66,112.73,63.0,4.4
ORD103490,2023-04-06,Sports,North,Home Office,Express,271.61,1,0.1,244.45,29.33,23.0,4.1
ORD103491,2024-10-22,Clothing,South,Consumer,Express,57.76,1,0.15,49.1,6.38,48.0,3.8
ORD103492,2024-02-03,Home & Kitchen,North,Home Office,Standard,89.22,5,0.15,379.18,22.75,36.0,3.9
ORD103493,2024-09-01,Clothing,South,Corporate,Standard,105.06,5,0.1,472.77,80.37,46.0,4.5
ORD103494,2024-11-12,Clothing,South,Corporate,Standard,121.48,5,0.1,546.66,92.93,38.0,4.2
ORD103495,2024-05-23,Home & Kitchen,South,Consumer,Express,315.52,6,0.0,1893.12,340.76,42.0,3.5
ORD103496,2024-06-16,Home & Kitchen,South,Consumer,Express,44.78,2,0.3,62.69,-3.76,48.0,4.3
ORD103497,2023-11-22,Books,North,Home Office,Standard,48.21,7,0.15000000000000002,286.85,8.61,28.0,4.9
ORD103498,2024-08-20,Clothing,South,Corporate,Same Day,114.73,5,0.05,544.97,114.44,46.0,5.0
ORD103499,2023-11-12,Electronics,East,Home Office,Standard,915.98,5,0.25,3434.92,-274.79,52.0,3.5
ORD103500,2024-04-06,Home & Kitchen,Central,Consumer,Same Day,305.87,6,0.2,1468.18,29.36,29.0,3.4
ORD103501,2023-04-08,Electronics,East,Consumer,Standard,777.38,6,0.0,4664.28,559.71,22.0,3.9
ORD103502,2023-10-05,Books,West,Consumer,Express,57.08,1,0.0,57.08,8.56,50.0,3.0
ORD103503,2023-05-17,Home & Kitchen,South,Consumer,Express,23.75,7,0.1,149.62,14.96,44.0,4.9
ORD103504,2024-02-04,Home & Kitchen,Central,Corporate,Express,370.87,6,0.05,2113.96,295.95,27.0,4.8
ORD103505,2023-03-22,Books,Central,Corporate,Standard,50.1,1,0.1,45.09,3.16,45.0,4.0
ORD103506,2024-04-14,Electronics,West,Corporate,Standard,120.85,4,0.05,459.23,36.74,32.0,5.0
ORD103507,2024-11-21,Clothing,Central,Consumer,Standard,31.98,3,0.1,86.35,14.68,40.0,4.8
ORD103508,2023-04-11,Sports,Central,Consumer,Same Day,257.53,6,0.05,1467.92,234.87,56.0,3.5
ORD103509,2023-12-30,Sports,South,Consumer,Standard,291.85,6,0.05,1663.54,266.17,64.0,4.6
ORD103510,2024-11-04,Books,West,Consumer,Standard,25.68,1,0.1,23.11,1.62,50.0,
ORD103511,2023-02-28,Electronics,South,Consumer,Same Day,1052.17,3,0.1,2840.86,113.63,,3.3
ORD103512,2023-01-07,Clothing,South,Consumer,Express,45.89,2,0.1,82.6,14.04,,3.9
ORD103513,2024-02-26,Home & Kitchen,East,Consumer,Express,24.38,5,0.0,121.9,21.94,37.0,4.5
ORD103514,2023-09-19,Sports,North,Consumer,Express,266.45,4,0.05,1012.51,162.0,39.0,3.0
ORD103515,2024-06-16,Electronics,North,Corporate,Standard,509.64,2,0.0,1019.28,122.31,34.0,3.4
ORD103516,2023-09-12,Clothing,West,Consumer,Same Day,26.88,5,0.1,120.96,20.56,57.0,4.4
ORD103517,2023-02-13,Clothing,West,Consumer,Express,56.82,3,0.1,153.41,26.08,60.0,3.4
ORD103518,2023-07-12,Electronics,West,Home Office,Standard,1113.02,7,0.05,7401.58,592.13,51.0,5.0
ORD103519,2024-05-13,Books,South,Corporate,Standard,19.59,2,0.2,31.34,-0.31,43.0,4.6
ORD103520,2023-01-05,Books,East,Consumer,Standard,15.82,1,0.0,15.82,2.37,66.0,3.8
ORD103521,2023-01-22,Electronics,West,Consumer,Standard,1190.23,2,0.0,2380.46,285.66,63.0,3.7
ORD103522,2023-03-14,Books,East,Corporate,Standard,19.2,7,0.05,127.68,14.04,63.0,4.4
ORD103523,2023-06-06,Books,East,Consumer,Standard,6.42,1,0.0,6.42,0.96,40.0,5.0
ORD103524,2024-07-03,Home & Kitchen,West,Consumer,Standard,166.27,7,0.0,1163.89,209.5,64.0,3.7
ORD103525,2024-01-04,Home & Kitchen,West,Consumer,Same Day,357.06,5,0.2,1428.24,28.56,46.0,4.8
ORD103526,2023-08-03,Clothing,East,Corporate,Same Day,19.4,5,0.1,87.3,14.84,,5.0
ORD103527,2023-10-05,Home & Kitchen,West,Home Office,Standard,188.05,6,0.1,1015.47,101.55,58.0,3.9
ORD103528,2024-01-12,Home & Kitchen,South,Corporate,Standard,314.49,7,0.05,2091.36,292.79,19.0,4.7
ORD103529,2023-01-25,Clothing,South,Consumer,Standard,94.05,4,0.3,263.34,2.63,30.0,3.1
ORD103530,2023-11-03,Electronics,Central,Home Office,Express,645.05,5,0.15000000000000002,2741.46,-0.0,37.0,5.0
ORD103531,2024-01-21,Clothing,West,Consumer,Standard,139.73,1,0.0,139.73,34.93,35.0,5.0
ORD103532,2024-04-06,Beauty,Central,Consumer,Standard,102.56,6,0.05,584.59,151.99,69.0,3.8
ORD103533,2023-11-19,Clothing,South,Consumer,Standard,49.9,7,0.2,279.44,25.15,37.0,3.9
ORD103534,2023-02-08,Electronics,South,Consumer,Standard,800.13,2,0.15,1360.22,0.0,67.0,4.6
ORD103535,2024-07-24,Sports,West,Consumer,Standard,205.43,6,0.15,1047.69,83.82,66.0,4.9
ORD103536,2023-03-04,Home & Kitchen,East,Home Office,Standard,341.53,1,0.1,307.38,30.74,69.0,4.2
ORD103537,2024-08-21,Home & Kitchen,East,Home Office,Express,333.19,5,0.0,1665.95,299.87,40.0,4.8
ORD103538,2024-11-12,Clothing,East,Consumer,Standard,13.72,7,0.05,91.24,19.16,,3.8
ORD103539,2023-08-27,Books,East,Consumer,Standard,16.65,6,0.0,99.9,14.98,26.0,4.6
ORD103540,2024-01-09,Electronics,Central,Consumer,Standard,816.04,2,0.15,1387.27,0.0,46.0,2.4
ORD103541,2024-01-22,Home & Kitchen,North,Consumer,Express,205.35,3,0.05,585.25,81.93,25.0,3.4
ORD103542,2024-10-11,Home & Kitchen,West,Consumer,Standard,32.18,2,0.05,61.14,8.56,65.0,4.1
ORD103543,2024-11-27,Clothing,East,Consumer,Standard,15.17,1,0.1,13.65,2.32,41.0,4.4
ORD103544,2024-09-16,Electronics,North,Home Office,Standard,1019.92,1,0.0,1019.92,122.39,59.0,4.4
ORD103545,2023-05-24,Electronics,Central,Consumer,Express,745.46,3,0.05,2124.56,169.96,29.0,3.6
ORD103546,2023-04-26,Electronics,South,Corporate,Express,1106.01,4,0.1,3981.64,159.27,41.0,4.8
ORD103547,2023-10-23,Electronics,Central,Home Office,Standard,780.48,5,0.0,3902.4,468.29,31.0,3.9
ORD103548,2024-01-30,Electronics,Central,Consumer,Same Day,185.16,3,0.1,499.93,20.0,41.0,
ORD103549,2023-05-06,Clothing,North,Consumer,Standard,38.07,4,0.15,129.44,16.83,58.0,5.0
ORD103550,2024-09-07,Sports,East,Consumer,Standard,292.74,5,0.0,1463.7,292.74,62.0,3.2
ORD103551,2023-04-24,Electronics,Central,Consumer,Standard,1121.48,4,0.3,3140.14,-376.82,53.0,4.7
ORD103552,2024-10-03,Clothing,West,Corporate,Express,37.11,1,0.15,31.54,4.1,56.0,3.7
ORD103553,2024-04-18,Beauty,East,Corporate,Standard,98.33,6,0.1,530.98,116.82,42.0,4.4
ORD103554,2023-10-26,Clothing,South,Corporate,Standard,144.35,2,0.05,274.26,57.59,39.0,
ORD103555,2024-11-27,Home & Kitchen,West,Consumer,Standard,302.58,5,0.2,1210.32,24.21,62.0,4.9
ORD103556,2023-02-07,Books,South,Consumer,Express,56.12,3,0.15,143.11,4.29,66.0,3.6
ORD103557,2023-09-30,Home & Kitchen,South,Consumer,Express,182.09,5,0.0,910.45,163.88,63.0,3.0
ORD103558,2024-10-25,Sports,North,Corporate,Standard,23.54,2,0.05,44.73,7.16,61.0,5.0
ORD103559,2024-05-02,Electronics,East,Consumer,Express,142.49,5,0.0,712.45,85.49,64.0,3.9
ORD103560,2024-07-27,Beauty,North,Corporate,Same Day,16.51,4,0.15,56.13,10.1,34.0,2.9
ORD103561,2023-12-23,Clothing,West,Consumer,Same Day,16.98,3,0.2,40.75,3.67,25.0,4.5
ORD103562,2023-08-16,Electronics,East,Consumer,Standard,714.78,5,0.15,3037.81,0.0,27.0,3.2
ORD103563,2023-09-27,Beauty,West,Consumer,Standard,10.96,1,0.2,8.77,1.23,51.0,4.3
ORD103564,2023-06-07,Electronics,Central,Corporate,Standard,244.76,1,0.1,220.28,8.81,60.0,5.0
ORD103565,2023-07-19,Electronics,West,Consumer,Standard,365.32,4,0.0,1461.28,175.35,60.0,3.9
ORD103566,2023-01-16,Home & Kitchen,Central,Home Office,Express,245.62,3,0.0,736.86,132.63,56.0,5.0
ORD103567,2024-06-19,Books,North,Home Office,Standard,27.87,6,0.05,158.86,17.47,19.0,4.2
ORD103568,2023-09-28,Home & Kitchen,East,Corporate,Standard,114.04,6,0.0,684.24,123.16,33.0,3.8
ORD103569,2023-04-20,Beauty,Central,Consumer,Standard,33.75,7,0.0,236.25,70.88,59.0,4.0
ORD103570,2024-09-30,Books,West,Corporate,Standard,33.66,5,0.0,168.3,25.24,58.0,3.6
ORD103571,2023-05-02,Home & Kitchen,North,Corporate,Standard,145.36,4,0.1,523.3,52.33,62.0,4.5
ORD103572,2023-12-03,Electronics,Central,Consumer,Standard,335.05,4,0.35,871.13,-139.38,53.0,3.7
ORD103573,2024-07-15,Clothing,East,Home Office,Same Day,114.12,6,0.0,684.72,171.18,52.0,3.4
ORD103574,2024-09-24,Beauty,East,Consumer,Express,54.6,3,0.05,155.61,40.46,52.0,4.0
ORD103575,2024-01-30,Electronics,Central,Corporate,Express,954.51,6,0.05,5440.71,435.26,22.0,4.9
ORD103576,2023-04-25,Electronics,Central,Consumer,Standard,834.41,2,0.1,1501.94,60.08,36.0,3.7
ORD103577,2023-10-19,Sports,Central,Corporate,Standard,112.64,2,0.0,225.28,45.06,18.0,4.7
ORD103578,2023-03-25,Clothing,North,Consumer,Standard,29.04,6,0.0,174.24,43.56,61.0,4.8
ORD103579,2024-01-09,Electronics,North,Home Office,Standard,933.09,2,0.0,1866.18,223.94,58.0,4.4
ORD103580,2024-08-07,Beauty,North,Corporate,Express,70.31,3,0.1,189.84,41.76,25.0,4.6
ORD103581,2023-10-05,Electronics,North,Home Office,Express,433.31,4,0.05,1646.58,131.73,52.0,4.0
ORD103582,2023-09-22,Electronics,East,Consumer,Standard,91.01,4,0.1,327.64,13.11,62.0,4.5
ORD103583,2024-06-28,Clothing,South,Consumer,Standard,64.26,5,0.05,305.24,64.1,55.0,5.0
ORD103584,2024-01-18,Clothing,East,Home Office,Standard,80.07,1,0.0,80.07,20.02,60.0,4.5
ORD103585,2024-01-30,Electronics,South,Consumer,Express,1183.04,5,0.1,5323.68,212.95,58.0,3.9
ORD103586,2024-02-11,Electronics,North,Consumer,Standard,285.06,3,0.15,726.9,0.0,41.0,5.0
ORD103587,2023-11-22,Electronics,Central,Consumer,Standard,585.12,3,0.05,1667.59,133.41,65.0,4.7
ORD103588,2023-06-19,Electronics,South,Corporate,Same Day,95.75,2,0.1,172.35,6.89,59.0,4.2
ORD103589,2024-11-09,Clothing,East,Consumer,Standard,55.28,7,0.2,309.57,27.86,47.0,4.1
ORD103590,2024-08-19,Electronics,North,Consumer,Standard,328.6,6,0.05,1873.02,149.84,28.0,4.2
ORD103591,2024-03-04,Sports,South,Consumer,Express,36.94,4,0.05,140.37,22.46,37.0,4.8
ORD103592,2023-12-04,Beauty,North,Corporate,Same Day,116.25,7,0.1,732.38,161.12,27.0,3.8
ORD103593,2023-06-29,Clothing,North,Corporate,Standard,124.65,6,0.1,673.11,114.43,34.0,4.7
ORD103594,2024-02-05,Home & Kitchen,North,Consumer,Standard,103.42,4,0.0,413.68,74.46,45.0,
ORD103595,2024-10-31,Electronics,South,Consumer,Standard,945.61,4,0.1,3404.2,136.17,24.0,4.2
ORD103596,2023-01-02,Home & Kitchen,North,Corporate,Express,164.56,3,0.15,419.63,25.18,66.0,3.5
ORD103597,2023-07-16,Sports,South,Consumer,Express,202.82,2,0.05,385.36,61.66,58.0,4.4
ORD103598,2023-03-08,Books,South,Consumer,Standard,47.5,5,0.0,237.5,35.62,45.0,5.0
ORD103599,2023-12-14,Electronics,West,Corporate,Express,1125.58,2,0.25,1688.37,-135.07,46.0,3.9
ORD103600,2023-01-02,Electronics,West,Consumer,Express,1111.48,7,0.2,6224.29,-248.97,65.0,3.6
ORD103601,2024-10-10,Electronics,North,Consumer,Same Day,1167.09,3,0.1,3151.14,126.05,29.0,3.6
ORD103602,2024-11-07,Sports,North,Consumer,Same Day,21.54,3,0.15000000000000002,54.93,4.39,24.0,4.1
ORD103603,2024-04-02,Beauty,West,Home Office,Express,34.5,2,0.0,69.0,20.7,19.0,4.4
ORD103604,2023-06-24,Home & Kitchen,West,Corporate,Standard,132.75,5,0.05,630.56,88.28,58.0,3.1
ORD103605,2024-03-20,Books,North,Consumer,Standard,53.76,6,0.15,274.18,8.23,50.0,4.7
ORD103606,2024-05-28,Clothing,South,Corporate,Standard,67.23,6,0.0,403.38,100.84,19.0,3.9
ORD103607,2023-09-15,Electronics,West,Corporate,Same Day,948.08,5,0.3,3318.28,-398.19,46.0,4.4
ORD103608,2023-01-23,Books,North,Consumer,Standard,59.59,2,0.0,119.18,17.88,62.0,3.9
ORD103609,2023-06-02,Books,West,Corporate,Same Day,33.18,5,0.05,157.6,17.34,,4.5
ORD103610,2023-03-21,Sports,Central,Home Office,Express,96.31,2,0.1,173.36,20.8,36.0,4.3
ORD103611,2024-07-02,Home & Kitchen,South,Home Office,Same Day,343.99,5,0.05,1633.95,228.75,57.0,4.7
ORD103612,2023-04-27,Beauty,South,Consumer,Same Day,66.41,6,0.0,398.46,119.54,32.0,3.9
ORD103613,2023-05-24,Home & Kitchen,Central,Home Office,Standard,339.3,2,0.1,610.74,61.07,41.0,4.2
ORD103614,2024-11-18,Clothing,North,Consumer,Standard,106.17,2,0.15000000000000002,180.49,23.46,34.0,3.9
ORD103615,2024-04-09,Electronics,South,Consumer,Standard,773.78,3,0.05,2205.27,176.42,42.0,
ORD103616,2024-11-21,Clothing,East,Corporate,Standard,22.41,6,0.05,127.74,26.83,55.0,4.6
ORD103617,2024-01-02,Electronics,West,Corporate,Same Day,1187.61,5,0.3,4156.63,-498.8,66.0,3.2
ORD103618,2023-04-05,Beauty,South,Consumer,Standard,41.18,7,0.05,273.85,71.2,49.0,
ORD103619,2023-06-28,Beauty,West,Home Office,Standard,68.81,5,0.0,344.05,103.22,18.0,5.0
ORD103620,2024-04-09,Home & Kitchen,North,Corporate,Standard,134.61,3,0.3,282.68,-16.96,41.0,3.3
ORD103621,2024-03-24,Home & Kitchen,North,Corporate,Standard,136.64,2,0.0,273.28,49.19,23.0,4.9
ORD103622,2024-07-07,Home & Kitchen,South,Corporate,Same Day,42.55,3,0.0,127.65,22.98,68.0,
ORD103623,2024-12-14,Home & Kitchen,North,Consumer,Standard,117.31,1,0.05,111.44,15.6,69.0,4.3
ORD103624,2024-06-27,Clothing,South,Corporate,Standard,62.98,1,0.05,59.83,12.56,34.0,4.0
ORD103625,2024-03-17,Electronics,West,Home Office,Express,360.67,3,0.0,1082.01,129.84,,4.9
ORD103626,2024-11-17,Sports,West,Corporate,Express,233.38,1,0.35,151.7,-12.14,62.0,2.8
ORD103627,2024-11-13,Beauty,South,Consumer,Express,111.74,2,0.1,201.13,44.25,23.0,5.0
ORD103628,2023-03-27,Clothing,North,Consumer,Standard,14.55,1,0.0,14.55,3.64,59.0,5.0
ORD103629,2023-09-30,Home & Kitchen,South,Corporate,Standard,353.72,2,0.05,672.07,94.09,47.0,5.0
ORD103630,2024-01-01,Clothing,East,Corporate,Standard,142.41,1,0.1,128.17,21.79,46.0,3.3
ORD103631,2023-04-21,Sports,South,Consumer,Standard,120.67,7,0.2,675.75,27.03,60.0,5.0
ORD103632,2023-01-25,Books,Central,Home Office,Same Day,49.59,3,0.05,141.33,15.55,18.0,
ORD103633,2024-03-12,Electronics,East,Home Office,Standard,340.28,1,0.05,323.27,25.86,,4.2
ORD103634,2023-04-22,Electronics,North,Corporate,Same Day,1009.82,4,0.2,3231.42,-129.26,66.0,4.0
ORD103635,2023-03-12,Beauty,Central,Consumer,Standard,108.31,4,0.0,433.24,129.97,47.0,4.6
ORD103636,2023-02-03,Beauty,Central,Consumer,Express,89.17,7,0.1,561.77,123.59,18.0,3.9
ORD103637,2023-09-13,Home & Kitchen,East,Corporate,Standard,359.08,2,0.2,574.53,11.49,24.0,2.6
ORD103638,2024-10-28,Electronics,South,Consumer,Standard,498.99,1,0.0,498.99,59.88,55.0,4.1
ORD103639,2023-06-08,Home & Kitchen,South,Consumer,Standard,349.29,3,0.0,1047.87,188.62,36.0,3.1
ORD103640,2024-03-07,Beauty,South,Corporate,Standard,14.34,3,0.05,40.87,10.63,65.0,4.0
ORD103641,2023-03-31,Books,West,Home Office,Standard,48.27,3,0.1,130.33,9.12,24.0,4.1
ORD103642,2023-03-31,Electronics,North,Corporate,Standard,1024.57,7,0.05,6813.39,545.07,37.0,4.0
ORD103643,2024-07-01,Electronics,South,Corporate,Same Day,734.76,7,0.0,5143.32,617.2,38.0,3.6
ORD103644,2023-02-20,Electronics,North,Consumer,Standard,546.34,6,0.0,3278.04,393.36,59.0,5.0
ORD103645,2023-10-20,Electronics,West,Corporate,Same Day,825.57,5,0.0,4127.85,495.34,40.0,4.3
ORD103646,2023-12-30,Electronics,West,Consumer,Express,162.3,6,0.2,779.04,-31.16,44.0,3.9
ORD103647,2024-05-03,Beauty,East,Corporate,Standard,111.83,4,0.05,424.95,110.49,41.0,4.9
ORD103648,2023-06-22,Clothing,South,Consumer,Standard,68.92,7,0.1,434.2,73.81,47.0,4.2
ORD103649,2024-09-22,Home & Kitchen,North,Consumer,Express,115.89,7,0.1,730.11,73.01,50.0,3.9
ORD103650,2023-08-31,Books,Central,Corporate,Express,27.52,3,0.0,82.56,12.38,40.0,3.6
ORD103651,2023-12-20,Home & Kitchen,Central,Consumer,Express,64.28,7,0.25,337.47,-6.75,57.0,3.7
ORD103652,2024-11-04,Electronics,South,Home Office,Express,338.12,3,0.25,760.77,-60.86,53.0,3.3
ORD103653,2024-01-30,Electronics,North,Consumer,Express,239.17,4,0.0,956.68,114.8,58.0,4.2
ORD103654,2023-04-12,Electronics,East,Corporate,Standard,1170.72,5,0.1,5268.24,210.73,60.0,2.5
ORD103655,2024-11-15,Electronics,East,Corporate,Standard,299.96,2,0.15000000000000002,509.93,-0.0,21.0,4.3
ORD103656,2024-10-14,Clothing,South,Home Office,Same Day,36.19,3,0.0,108.57,27.14,45.0,2.1
ORD103657,2023-06-21,Electronics,North,Corporate,Express,625.18,2,0.1,1125.32,45.01,20.0,4.2
ORD103658,2024-03-03,Electronics,South,Consumer,Standard,987.05,4,0.0,3948.2,473.78,40.0,3.7
ORD103659,2023-05-10,Beauty,West,Consumer,Standard,84.47,1,0.05,80.25,20.86,65.0,4.4
ORD103660,2024-03-20,Home & Kitchen,Central,Home Office,Standard,190.54,7,0.15,1133.71,68.02,20.0,2.9
ORD103661,2023-02-16,Clothing,Central,Consumer,Standard,76.7,4,0.2,245.44,22.09,41.0,2.9
ORD103662,2024-11-26,Clothing,South,Consumer,Standard,23.08,2,0.05,43.85,9.21,69.0,3.9
ORD103663,2023-08-20,Beauty,North,Consumer,Standard,57.97,5,0.0,289.85,86.96,32.0,4.3
ORD103664,2023-06-30,Electronics,West,Consumer,Standard,681.22,7,0.1,4291.69,171.67,59.0,3.7
ORD103665,2023-06-01,Electronics,North,Corporate,Standard,573.88,3,0.0,1721.64,206.6,54.0,4.5
ORD103666,2024-01-20,Beauty,West,Consumer,Express,77.17,6,0.1,416.72,91.68,44.0,4.4
ORD103667,2024-10-24,Electronics,Central,Consumer,Express,122.48,3,0.1,330.7,13.23,52.0,4.2
ORD103668,2023-04-13,Home & Kitchen,South,Corporate,Standard,51.57,1,0.05,48.99,6.86,44.0,4.6
ORD103669,2023-04-30,Home & Kitchen,East,Consumer,Express,356.39,4,0.3,997.89,-59.87,27.0,5.0
ORD103670,2023-10-04,Electronics,North,Consumer,Standard,595.97,5,0.05,2830.86,226.47,47.0,4.5
ORD103671,2023-01-06,Home & Kitchen,Central,Consumer,Standard,20.92,7,0.0,146.44,26.36,33.0,4.2
ORD103672,2024-01-12,Books,Central,Consumer,Standard,14.32,7,0.0,100.24,15.04,20.0,3.2
ORD103673,2023-06-24,Beauty,North,Corporate,Express,31.75,4,0.0,127.0,38.1,57.0,3.0
ORD103674,2024-11-28,Electronics,South,Corporate,Standard,706.03,1,0.35,458.92,-73.43,57.0,4.5
ORD103675,2024-06-22,Sports,North,Consumer,Standard,77.36,6,0.0,464.16,92.83,64.0,4.9
ORD103676,2024-01-24,Beauty,Central,Consumer,Express,37.26,5,0.1,167.67,36.89,46.0,3.5
ORD103677,2023-07-18,Books,South,Consumer,Standard,17.92,4,0.3,50.18,-4.52,54.0,3.9
ORD103678,2024-03-09,Electronics,West,Consumer,Standard,1112.61,2,0.1,2002.7,80.11,65.0,5.0
ORD103679,2023-02-14,Clothing,Central,Home Office,Standard,140.19,7,0.15,834.13,108.44,41.0,4.4
ORD103680,2024-01-05,Home & Kitchen,Central,Corporate,Standard,388.89,7,0.0,2722.23,490.0,66.0,3.3
ORD103681,2023-01-13,Books,South,Home Office,Standard,27.79,2,0.15,47.24,1.42,22.0,5.0
ORD103682,2024-02-07,Home & Kitchen,South,Consumer,Standard,383.57,6,0.2,1841.14,36.82,35.0,
ORD103683,2024-10-02,Beauty,North,Home Office,Same Day,6.55,5,0.3,22.92,1.38,39.0,3.3
ORD103684,2023-10-20,Beauty,East,Consumer,Same Day,64.46,7,0.0,451.22,135.37,66.0,3.8
ORD103685,2024-11-11,Electronics,North,Home Office,Standard,138.35,4,0.15000000000000002,470.39,-0.0,32.0,5.0
ORD103686,2024-03-30,Electronics,North,Corporate,Standard,1097.62,6,0.15,5597.86,0.0,63.0,5.0
ORD103687,2023-07-17,Electronics,South,Consumer,Standard,755.26,4,0.3,2114.73,-253.77,33.0,2.1
ORD103688,2024-07-08,Beauty,North,Corporate,Standard,83.02,1,0.0,83.02,24.91,65.0,5.0
ORD103689,2023-12-19,Home & Kitchen,North,Consumer,Express,120.27,1,0.05,114.26,16.0,52.0,3.7
ORD103690,2023-10-23,Home & Kitchen,South,Home Office,Standard,266.58,4,0.05,1013.0,141.82,23.0,4.7
ORD103691,2024-03-13,Clothing,South,Consumer,Express,96.53,6,0.1,521.26,88.61,38.0,3.6
ORD103692,2024-05-19,Electronics,Central,Consumer,Standard,1090.84,1,0.0,1090.84,130.9,48.0,2.7
ORD103693,2023-09-12,Beauty,South,Corporate,Standard,32.38,6,0.0,194.28,58.28,27.0,5.0
ORD103694,2023-04-02,Clothing,Central,Consumer,Express,31.89,3,0.0,95.67,23.92,21.0,4.1
ORD103695,2023-06-20,Books,East,Corporate,Standard,9.79,7,0.15,58.25,1.75,36.0,3.6
ORD103696,2024-07-16,Beauty,South,Corporate,Standard,75.35,1,0.05,71.58,18.61,32.0,5.0
ORD103697,2024-03-30,Electronics,North,Corporate,Standard,374.22,7,0.0,2619.54,314.34,58.0,4.6
ORD103698,2024-09-02,Beauty,North,Consumer,Express,50.83,1,0.15,43.21,7.78,46.0,3.1
ORD103699,2023-10-26,Home & Kitchen,West,Consumer,Standard,84.59,6,0.1,456.79,45.68,46.0,2.6
ORD103700,2023-11-18,Books,East,Consumer,Express,37.22,5,0.1,167.49,11.72,21.0,5.0
ORD103701,2023-06-15,Home & Kitchen,East,Home Office,Standard,251.22,6,0.15,1281.22,76.87,39.0,3.4
ORD103702,2024-08-21,Home & Kitchen,North,Corporate,Standard,66.14,5,0.1,297.63,29.76,64.0,4.6
ORD103703,2023-06-25,Electronics,East,Corporate,Standard,1122.61,6,0.0,6735.66,808.28,30.0,4.0
ORD103704,2024-11-10,Clothing,East,Corporate,Same Day,112.16,4,0.2,358.91,32.3,38.0,
ORD103705,2024-03-20,Electronics,North,Corporate,Standard,1134.09,5,0.05,5386.93,430.95,40.0,4.4
ORD103706,2024-08-21,Home & Kitchen,North,Consumer,Standard,154.2,2,0.15,262.14,15.73,26.0,4.1
ORD103707,2024-08-24,Beauty,West,Corporate,Express,51.39,7,0.1,323.76,71.23,38.0,1.0
ORD103708,2023-07-20,Books,North,Consumer,Standard,22.69,6,0.0,136.14,20.42,25.0,4.1
ORD103709,2024-07-27,Sports,East,Consumer,Standard,280.71,4,0.15,954.41,76.35,62.0,4.1
ORD103710,2023-05-04,Beauty,South,Home Office,Standard,38.67,4,0.0,154.68,46.4,29.0,4.4
ORD103711,2023-12-26,Clothing,South,Consumer,Standard,118.97,4,0.15000000000000002,404.5,52.58,19.0,4.7
ORD103712,2024-02-11,Clothing,North,Corporate,Standard,147.17,2,0.05,279.62,58.72,55.0,4.2
ORD103713,2023-02-27,Beauty,North,Consumer,Express,6.14,3,0.1,16.58,3.65,42.0,2.8
ORD103714,2024-12-04,Electronics,South,Corporate,Standard,294.62,3,0.15000000000000002,751.28,-0.0,37.0,
ORD103715,2024-10-28,Sports,North,Consumer,Express,247.6,7,0.1,1559.88,187.19,38.0,
ORD103716,2024-10-03,Home & Kitchen,North,Corporate,Standard,226.48,1,0.0,226.48,40.77,33.0,4.6
ORD103717,2024-06-10,Home & Kitchen,East,Corporate,Same Day,35.73,7,0.15,212.59,12.76,59.0,3.4
ORD103718,2023-01-05,Electronics,South,Consumer,Standard,926.66,7,0.0,6486.62,778.39,59.0,2.7
ORD103719,2024-02-20,Sports,East,Consumer,Standard,294.71,5,0.15,1252.52,100.2,45.0,4.1
ORD103720,2024-03-03,Clothing,West,Consumer,Standard,129.04,2,0.05,245.18,51.49,51.0,4.5
ORD103721,2024-06-23,Beauty,South,Home Office,Standard,84.87,5,0.05,403.13,104.81,21.0,
ORD103722,2023-08-08,Electronics,Central,Consumer,Standard,146.75,7,0.05,975.89,78.07,62.0,5.0
ORD103723,2024-05-21,Electronics,West,Consumer,Standard,700.25,7,0.0,4901.75,588.21,53.0,4.4
ORD103724,2024-06-28,Home & Kitchen,West,Consumer,Standard,278.52,3,0.1,752.0,75.2,32.0,3.5
ORD103725,2023-08-14,Home & Kitchen,South,Home Office,Express,139.03,5,0.0,695.15,125.13,34.0,4.3
ORD103726,2024-04-16,Electronics,North,Corporate,Express,253.72,3,0.1,685.04,27.4,57.0,4.3
ORD103727,2024-05-04,Clothing,South,Home Office,Same Day,146.77,5,0.0,733.85,183.46,26.0,
ORD103728,2024-09-08,Sports,South,Consumer,Standard,118.87,6,0.05,677.56,108.41,19.0,3.2
ORD103729,2023-05-12,Sports,South,Corporate,Same Day,245.05,7,0.2,1372.28,54.89,40.0,2.3
ORD103730,2023-11-06,Home & Kitchen,East,Consumer,Express,171.1,6,0.15000000000000002,872.61,52.36,35.0,5.0
ORD103731,2024-11-20,Home & Kitchen,West,Consumer,Standard,193.78,3,0.05,552.27,77.32,36.0,4.7
ORD103732,2023-04-21,Beauty,Central,Consumer,Express,119.24,2,0.05,226.56,58.91,27.0,4.1
ORD103733,2023-03-14,Home & Kitchen,East,Consumer,Standard,224.28,6,0.2,1076.54,21.53,55.0,4.4
ORD103734,2024-07-01,Sports,East,Home Office,Same Day,259.08,1,0.05,246.13,39.38,37.0,3.0
ORD103735,2023-10-07,Books,East,Consumer,Express,30.97,3,0.0,92.91,13.94,27.0,3.5
ORD103736,2023-07-18,Sports,West,Consumer,Standard,275.63,3,0.0,826.89,165.38,37.0,4.5
ORD103737,2024-12-10,Books,East,Consumer,Express,43.06,2,0.1,77.51,5.43,21.0,3.6
ORD103738,2023-08-28,Beauty,North,Consumer,Standard,81.42,2,0.05,154.7,40.22,34.0,4.5
ORD103739,2023-04-02,Clothing,North,Home Office,Express,33.03,3,0.15,84.23,10.95,38.0,4.4
ORD103740,2023-06-17,Clothing,North,Corporate,Same Day,27.42,2,0.1,49.36,8.39,61.0,4.2
ORD103741,2024-01-31,Beauty,South,Corporate,Express,25.54,5,0.1,114.93,25.28,24.0,3.4
ORD103742,2024-01-27,Beauty,West,Consumer,Standard,5.68,6,0.0,34.08,10.22,64.0,3.5
ORD103743,2024-12-16,Clothing,South,Consumer,Express,116.09,3,0.05,330.86,69.48,27.0,4.2
ORD103744,2023-06-30,Home & Kitchen,East,Corporate,Express,106.27,4,0.05,403.83,56.54,44.0,4.6
ORD103745,2023-03-01,Sports,East,Corporate,Standard,87.96,5,0.0,439.8,87.96,68.0,
ORD103746,2024-05-19,Electronics,South,Consumer,Standard,87.64,5,0.0,438.2,52.58,37.0,5.0
ORD103747,2023-06-09,Clothing,East,Home Office,Standard,116.07,2,0.0,232.14,58.04,27.0,3.6
ORD103748,2024-10-30,Clothing,East,Corporate,Express,44.96,4,0.0,179.84,44.96,55.0,3.8
ORD103749,2023-01-28,Electronics,East,Consumer,Standard,768.36,2,0.05,1459.88,116.79,20.0,3.8
ORD103750,2023-09-16,Sports,East,Corporate,Standard,158.43,3,0.0,475.29,95.06,52.0,4.1
ORD103751,2023-11-24,Sports,South,Corporate,Standard,239.89,6,0.2,1151.47,46.06,30.0,4.3
ORD103752,2023-09-26,Sports,East,Consumer,Express,141.19,1,0.0,141.19,28.24,36.0,5.0
ORD103753,2023-07-11,Home & Kitchen,South,Home Office,Same Day,361.22,4,0.2,1155.9,23.12,48.0,5.0
ORD103754,2024-10-10,Beauty,Central,Home Office,Standard,13.11,6,0.0,78.66,23.6,69.0,4.6
ORD103755,2023-09-21,Clothing,Central,Home Office,Standard,78.23,5,0.0,391.15,97.79,61.0,4.5
ORD103756,2024-12-09,Electronics,North,Home Office,Standard,923.13,6,0.05,5261.84,420.95,35.0,3.6
ORD103757,2023-08-26,Electronics,West,Consumer,Same Day,293.48,1,0.1,264.13,10.57,53.0,2.8
ORD103758,2023-03-11,Clothing,North,Corporate,Express,21.81,1,0.1,19.63,3.34,18.0,3.7
ORD103759,2024-07-28,Sports,Central,Home Office,Standard,26.65,5,0.05,126.59,20.25,45.0,5.0
ORD103760,2024-09-30,Home & Kitchen,East,Home Office,Standard,209.28,5,0.1,941.76,94.18,28.0,5.0
ORD103761,2024-10-25,Books,West,Consumer,Standard,12.99,6,0.15,66.25,1.99,39.0,4.0
ORD103762,2024-10-15,Electronics,South,Corporate,Standard,325.3,1,0.15,276.5,0.0,26.0,5.0
ORD103763,2024-08-18,Beauty,North,Consumer,Standard,74.6,5,0.0,373.0,111.9,36.0,4.0
ORD103764,2024-03-28,Home & Kitchen,South,Consumer,Standard,61.39,6,0.1,331.51,33.15,25.0,4.9
ORD103765,2024-06-04,Electronics,South,Consumer,Express,384.7,6,0.3,1615.74,-193.89,69.0,3.4
ORD103766,2023-04-11,Clothing,North,Home Office,Express,94.84,2,0.05,180.2,37.84,54.0,4.0
ORD103767,2023-01-15,Books,South,Home Office,Express,40.48,5,0.15,172.04,5.16,34.0,3.4
ORD103768,2024-01-04,Home & Kitchen,North,Corporate,Express,52.42,3,0.05,149.4,20.92,55.0,3.5
ORD103769,2023-03-25,Clothing,Central,Consumer,Same Day,100.97,2,0.0,201.94,50.48,46.0,3.7
ORD103770,2023-04-11,Home & Kitchen,South,Corporate,Standard,162.4,1,0.0,162.4,29.23,64.0,4.4
ORD103771,2024-06-07,Books,North,Consumer,Standard,25.58,2,0.1,46.04,3.22,52.0,4.5
ORD103772,2023-03-16,Clothing,West,Corporate,Standard,22.49,3,0.1,60.72,10.32,53.0,3.5
ORD103773,2024-02-28,Home & Kitchen,North,Consumer,Standard,395.11,6,0.0,2370.66,426.72,64.0,3.8
ORD103774,2023-01-02,Electronics,East,Consumer,Standard,645.39,7,0.1,4065.96,162.64,45.0,3.8
ORD103775,2023-01-09,Clothing,West,Corporate,Standard,43.29,5,0.05,205.63,43.18,55.0,
ORD103776,2023-11-01,Beauty,North,Consumer,Standard,89.68,7,0.05,596.37,155.06,48.0,5.0
ORD103777,2023-07-26,Clothing,South,Consumer,Express,90.92,7,0.1,572.8,97.38,60.0,3.8
ORD103778,2024-07-02,Home & Kitchen,East,Consumer,Standard,66.34,2,0.15,112.78,6.77,69.0,4.6
ORD103779,2023-01-19,Electronics,Central,Consumer,Express,772.87,5,0.0,3864.35,463.72,43.0,4.8
ORD103780,2023-05-24,Sports,Central,Consumer,Standard,256.73,6,0.0,1540.38,308.08,56.0,5.0
ORD103781,2023-12-31,Sports,South,Consumer,Standard,274.36,4,0.2,877.95,35.12,27.0,4.8
ORD103782,2024-06-17,Sports,West,Corporate,Standard,79.2,5,0.1,356.4,42.77,64.0,4.6
ORD103783,2023-02-07,Electronics,North,Consumer,Same Day,528.97,6,0.1,2856.44,114.26,66.0,4.5
ORD103784,2023-04-25,Electronics,Central,Corporate,Standard,840.06,1,0.05,798.06,63.84,51.0,3.3
ORD103785,2024-06-26,Electronics,Central,Consumer,Express,384.65,6,0.0,2307.9,276.95,33.0,4.4
ORD103786,2023-03-19,Electronics,West,Consumer,Express,750.22,4,0.1,2700.79,108.03,35.0,4.1
ORD103787,2023-09-29,Sports,West,Consumer,Standard,233.41,3,0.05,665.22,106.44,35.0,3.4
ORD103788,2023-05-23,Beauty,East,Consumer,Standard,65.11,6,0.1,351.59,77.35,39.0,2.5
ORD103789,2024-03-07,Books,Central,Consumer,Express,57.21,6,0.1,308.93,21.63,25.0,4.1
ORD103790,2024-10-13,Beauty,North,Corporate,Express,40.45,1,0.2,32.36,4.53,21.0,4.4
ORD103791,2024-05-23,Books,West,Corporate,Express,13.85,6,0.05,78.94,8.68,23.0,3.4
ORD103792,2024-08-30,Electronics,East,Corporate,Standard,995.19,6,0.1,5374.03,214.96,18.0,3.7
ORD103793,2023-12-25,Books,Central,Consumer,Express,48.99,3,0.25,110.23,-5.51,29.0,3.9
ORD103794,2024-03-23,Home & Kitchen,East,Corporate,Standard,37.71,6,0.1,203.63,20.36,46.0,4.9
ORD103795,2024-11-09,Home & Kitchen,East,Corporate,Express,137.65,7,0.35,626.31,-62.63,26.0,2.4
ORD103796,2024-03-17,Home & Kitchen,East,Corporate,Standard,295.53,5,0.05,1403.77,196.53,64.0,2.6
ORD103797,2023-06-19,Home & Kitchen,East,Consumer,Standard,112.28,3,0.1,303.16,30.32,61.0,3.9
ORD103798,2024-02-07,Clothing,West,Corporate,Standard,137.07,1,0.2,109.66,9.87,46.0,4.2
ORD103799,2023-08-06,Beauty,South,Home Office,Standard,108.09,2,0.05,205.37,53.4,64.0,4.6
ORD103800,2023-06-24,Clothing,North,Home Office,Express,97.27,1,0.0,97.27,24.32,45.0,4.0
ORD103801,2023-07-28,Electronics,Central,Corporate,Standard,527.57,2,0.0,1055.14,126.62,60.0,4.6
ORD103802,2023-04-27,Home & Kitchen,East,Consumer,Express,156.49,7,0.05,1040.66,145.69,61.0,2.9
ORD103803,2023-09-24,Electronics,South,Home Office,Express,693.99,3,0.1,1873.77,74.95,31.0,4.6
ORD103804,2024-02-26,Books,East,Consumer,Same Day,36.36,5,0.05,172.71,19.0,54.0,4.2
ORD103805,2023-09-23,Sports,North,Corporate,Same Day,132.65,3,0.0,397.95,79.59,27.0,4.2
ORD103806,2024-01-04,Clothing,Central,Home Office,Standard,54.18,2,0.15,92.11,11.97,54.0,4.1
ORD103807,2024-09-04,Clothing,North,Consumer,Standard,17.22,2,0.05,32.72,6.87,31.0,4.4
ORD103808,2024-09-29,Clothing,West,Corporate,Express,29.0,2,0.0,58.0,14.5,50.0,5.0
ORD103809,2023-07-23,Home & Kitchen,West,Home Office,Standard,306.56,4,0.2,980.99,19.62,45.0,
ORD103810,2023-11-16,Beauty,East,Home Office,Express,104.3,6,0.05,594.51,154.57,41.0,4.9
ORD103811,2024-07-24,Books,East,Consumer,Standard,34.63,5,0.1,155.84,10.91,28.0,
ORD103812,2023-03-05,Electronics,West,Consumer,Standard,1194.03,3,0.1,3223.88,128.96,64.0,5.0
ORD103813,2023-03-31,Clothing,East,Consumer,Standard,149.1,5,0.05,708.22,148.73,35.0,3.7
ORD103814,2024-08-08,Clothing,East,Consumer,Standard,57.19,4,0.1,205.88,35.0,46.0,3.4
ORD103815,2024-10-23,Clothing,Central,Corporate,Standard,91.02,7,0.2,509.71,45.87,50.0,4.9
ORD103816,2023-12-08,Sports,Central,Corporate,Express,226.9,4,0.25,680.7,0.0,38.0,3.7
ORD103817,2023-08-06,Books,Central,Corporate,Express,33.17,5,0.2,132.68,-1.33,61.0,2.6
ORD103818,2024-07-17,Electronics,West,Corporate,Same Day,582.8,6,0.05,3321.96,265.76,49.0,2.2
ORD103819,2024-04-07,Books,Central,Consumer,Standard,33.7,3,0.15,85.94,2.58,28.0,3.1
ORD103820,2023-11-09,Books,Central,Home Office,Express,44.18,7,0.35,201.02,-26.13,50.0,
ORD103821,2023-04-15,Clothing,South,Consumer,Express,117.68,5,0.0,588.4,147.1,36.0,3.7
ORD103822,2023-03-29,Home & Kitchen,Central,Consumer,Same Day,132.31,2,0.15,224.93,13.5,45.0,5.0
ORD103823,2023-09-16,Beauty,West,Corporate,Same Day,72.87,2,0.1,131.17,28.86,62.0,3.6
ORD103824,2024-06-27,Sports,North,Corporate,Standard,85.86,4,0.0,343.44,68.69,23.0,3.8
ORD103825,2023-06-12,Electronics,West,Consumer,Standard,519.5,4,0.15,1766.3,0.0,22.0,4.8
ORD103826,2023-04-11,Home & Kitchen,Central,Corporate,Express,245.91,5,0.05,1168.07,163.53,65.0,4.2
ORD103827,2023-09-18,Beauty,South,Corporate,Same Day,78.91,5,0.0,394.55,118.36,33.0,3.8
ORD103828,2023-10-02,Electronics,East,Consumer,Express,311.96,3,0.1,842.29,33.69,48.0,4.4
ORD103829,2024-02-03,Clothing,North,Consumer,Express,145.09,5,0.0,725.45,181.36,49.0,3.1
ORD103830,2023-11-28,Sports,Central,Corporate,Standard,149.99,7,0.05,997.43,159.59,41.0,3.5
ORD103831,2023-03-18,Home & Kitchen,Central,Consumer,Standard,265.49,6,0.2,1274.35,25.49,46.0,3.9
ORD103832,2023-02-11,Books,Central,Corporate,Standard,20.36,3,0.05,58.03,6.38,54.0,3.4
ORD103833,2023-08-30,Clothing,South,Consumer,Express,48.18,1,0.0,48.18,12.04,24.0,4.3
ORD103834,2024-12-07,Beauty,Central,Consumer,Standard,49.88,2,0.15000000000000002,84.8,15.26,39.0,3.0
ORD103835,2023-07-27,Beauty,East,Consumer,Express,108.48,4,0.0,433.92,130.18,46.0,4.9
ORD103836,2024-08-12,Home & Kitchen,North,Home Office,Express,196.44,2,0.0,392.88,70.72,66.0,4.3
ORD103837,2024-12-04,Books,West,Consumer,Standard,50.8,1,0.15000000000000002,43.18,1.3,42.0,3.6
ORD103838,2023-10-18,Home & Kitchen,South,Corporate,Express,104.67,2,0.0,209.34,37.68,46.0,4.9
ORD103839,2023-01-09,Clothing,Central,Consumer,Standard,140.71,6,0.2,675.41,60.79,43.0,3.7
ORD103840,2023-05-12,Electronics,South,Consumer,Standard,630.94,4,0.0,2523.76,302.85,58.0,4.3
ORD103841,2023-02-23,Electronics,North,Corporate,Standard,72.07,5,0.05,342.33,27.39,45.0,4.1
ORD103842,2023-07-03,Beauty,East,Home Office,Express,12.09,6,0.0,72.54,21.76,40.0,5.0
ORD103843,2024-01-11,Beauty,West,Consumer,Standard,18.96,2,0.0,37.92,11.38,57.0,4.4
ORD103844,2023-12-04,Sports,West,Corporate,Standard,288.37,3,0.15000000000000002,735.34,58.83,44.0,3.4
ORD103845,2023-06-29,Books,North,Corporate,Standard,26.15,1,0.0,26.15,3.92,32.0,3.6
ORD103846,2023-07-08,Home & Kitchen,West,Corporate,Express,92.65,4,0.0,370.6,66.71,41.0,4.6
ORD103847,2023-06-05,Clothing,North,Consumer,Express,10.68,6,0.0,64.08,16.02,53.0,5.0
ORD103848,2024-01-14,Sports,West,Consumer,Standard,104.45,5,0.1,470.02,56.4,67.0,4.9
ORD103849,2023-03-24,Electronics,West,Consumer,Express,1115.43,1,0.0,1115.43,133.85,53.0,4.1
ORD103850,2024-09-06,Home & Kitchen,South,Consumer,Express,164.17,2,0.15,279.09,16.75,55.0,4.7
ORD103851,2023-06-16,Clothing,North,Consumer,Standard,98.23,1,0.15,83.5,10.86,25.0,3.0
ORD103852,2024-04-17,Books,Central,Corporate,Standard,40.81,4,0.0,163.24,24.49,29.0,4.5
ORD103853,2023-02-04,Books,South,Home Office,Same Day,48.99,2,0.0,97.98,14.7,55.0,4.5
ORD103854,2023-06-12,Clothing,South,Home Office,Standard,116.2,5,0.2,464.8,41.83,37.0,2.9
ORD103855,2023-05-14,Home & Kitchen,East,Consumer,Standard,28.64,5,0.0,143.2,25.78,26.0,3.2
ORD103856,2023-06-11,Electronics,South,Home Office,Standard,313.85,4,0.1,1129.86,45.19,49.0,4.3
ORD103857,2023-07-11,Beauty,East,Consumer,Standard,48.74,5,0.05,231.52,60.2,59.0,5.0
ORD103858,2023-11-02,Electronics,East,Consumer,Standard,1172.72,7,0.35,5335.88,-853.74,34.0,4.6
ORD103859,2024-07-20,Sports,South,Home Office,Express,137.64,6,0.05,784.55,125.53,69.0,5.0
ORD103860,2024-10-23,Electronics,South,Consumer,Express,268.7,3,0.0,806.1,96.73,30.0,4.5
ORD103861,2024-10-18,Beauty,East,Consumer,Standard,24.7,7,0.05,164.26,42.71,50.0,4.7
ORD103862,2023-12-01,Electronics,Central,Consumer,Standard,1141.43,6,0.15000000000000002,5821.29,-0.0,49.0,
ORD103863,2023-08-13,Electronics,South,Consumer,Standard,1154.43,5,0.1,5194.94,207.8,39.0,5.0
ORD103864,2024-06-01,Beauty,North,Consumer,Standard,91.81,6,0.0,550.86,165.26,39.0,4.2
ORD103865,2024-02-17,Electronics,North,Corporate,Same Day,1148.93,2,0.1,2068.07,82.72,35.0,5.0
ORD103866,2023-06-05,Sports,South,Consumer,Express,22.53,6,0.05,128.42,20.55,33.0,4.6
ORD103867,2024-02-08,Home & Kitchen,Central,Home Office,Standard,28.31,4,0.3,79.27,-4.76,62.0,3.7
ORD103868,2024-12-21,Electronics,East,Home Office,Same Day,1023.62,7,0.15000000000000002,6090.54,-0.0,46.0,4.6
ORD103869,2024-10-11,Beauty,Central,Consumer,Standard,49.41,7,0.05,328.58,85.43,46.0,4.1
ORD103870,2024-06-09,Beauty,North,Corporate,Standard,83.13,3,0.1,224.45,49.38,60.0,3.8
ORD103871,2024-05-05,Electronics,South,Consumer,Standard,567.8,6,0.0,3406.8,408.82,62.0,4.8
ORD103872,2023-04-16,Sports,West,Home Office,Standard,250.79,7,0.05,1667.75,266.84,29.0,3.0
ORD103873,2023-10-16,Home & Kitchen,East,Consumer,Standard,350.49,4,0.0,1401.96,252.35,42.0,3.5
ORD103874,2024-07-20,Home & Kitchen,North,Consumer,Standard,321.26,3,0.2,771.02,15.42,67.0,4.1
ORD103875,2024-02-04,Beauty,Central,Corporate,Standard,27.43,6,0.0,164.58,49.37,35.0,3.3
ORD103876,2023-05-13,Clothing,Central,Home Office,Express,66.93,4,0.15,227.56,29.58,44.0,4.8
ORD103877,2024-04-01,Clothing,North,Corporate,Standard,148.04,4,0.0,592.16,148.04,65.0,1.3
ORD103878,2023-09-27,Clothing,South,Consumer,Standard,129.09,1,0.2,103.27,9.29,42.0,3.8
ORD103879,2023-09-20,Sports,East,Consumer,Same Day,276.64,2,0.0,553.28,110.66,62.0,4.3
ORD103880,2023-09-30,Electronics,West,Consumer,Standard,266.63,3,0.0,799.89,95.99,47.0,4.3
ORD103881,2024-04-26,Electronics,South,Consumer,Standard,237.34,1,0.0,237.34,28.48,22.0,4.0
ORD103882,2023-09-18,Beauty,East,Consumer,Standard,71.11,5,0.05,337.77,87.82,40.0,4.4
ORD103883,2023-05-18,Home & Kitchen,North,Home Office,Express,159.28,5,0.15,676.94,40.62,44.0,
ORD103884,2024-04-30,Books,West,Corporate,Standard,45.21,4,0.0,180.84,27.13,30.0,5.0
ORD103885,2024-10-24,Electronics,South,Consumer,Express,1090.7,5,0.3,3817.45,-458.09,49.0,4.3
ORD103886,2023-12-16,Clothing,West,Consumer,Standard,74.42,3,0.25,167.44,8.37,61.0,4.3
ORD103887,2024-02-26,Electronics,South,Corporate,Standard,941.92,6,0.1,5086.37,203.45,19.0,5.0
ORD103888,2024-09-19,Clothing,East,Consumer,Standard,90.09,6,0.05,513.51,107.84,65.0,
ORD103889,2023-05-13,Electronics,West,Consumer,Standard,1194.59,6,0.0,7167.54,860.1,45.0,4.6
ORD103890,2024-07-11,Electronics,East,Corporate,Standard,237.96,4,0.0,951.84,114.22,32.0,
ORD103891,2023-08-06,Home & Kitchen,West,Consumer,Express,216.72,7,0.0,1517.04,273.07,54.0,4.0
ORD103892,2023-12-21,Sports,North,Consumer,Express,106.16,4,0.05,403.41,64.55,64.0,4.2
ORD103893,2023-06-02,Beauty,South,Corporate,Standard,38.85,7,0.0,271.95,81.58,54.0,4.7
ORD103894,2024-01-08,Sports,Central,Consumer,Express,100.85,5,0.05,479.04,76.65,62.0,4.5
ORD103895,2023-09-23,Home & Kitchen,North,Corporate,Standard,347.65,3,0.1,938.65,93.86,50.0,4.5
ORD103896,2023-11-27,Books,Central,Home Office,Express,24.09,6,0.1,130.09,9.11,40.0,3.9
ORD103897,2024-03-15,Clothing,Central,Corporate,Standard,99.02,1,0.15,84.17,10.94,39.0,3.3
ORD103898,2023-11-24,Clothing,North,Home Office,Standard,29.05,7,0.35,132.18,-3.97,67.0,3.7
ORD103899,2023-07-27,Home & Kitchen,Central,Corporate,Same Day,254.77,1,0.0,254.77,45.86,36.0,3.9
ORD103900,2024-05-10,Electronics,West,Consumer,Standard,719.83,7,0.2,4031.05,-161.24,25.0,4.2
ORD103901,2023-04-27,Beauty,East,Home Office,Express,23.06,7,0.05,153.35,39.87,19.0,5.0
ORD103902,2023-04-17,Beauty,North,Corporate,Standard,7.18,1,0.05,6.82,1.77,23.0,3.7
ORD103903,2024-07-01,Electronics,West,Corporate,Standard,849.1,6,0.05,4839.87,387.19,36.0,4.4
ORD103904,2024-07-30,Sports,North,Corporate,Express,134.85,5,0.0,674.25,134.85,,3.9
ORD103905,2023-04-25,Home & Kitchen,East,Consumer,Express,356.21,4,0.15,1211.11,72.67,33.0,5.0
ORD103906,2024-11-09,Clothing,Central,Corporate,Express,22.65,7,0.05,150.62,31.63,44.0,3.8
ORD103907,2023-08-15,Clothing,North,Corporate,Standard,115.67,7,0.05,769.21,161.53,59.0,4.3
ORD103908,2024-01-20,Beauty,West,Consumer,Express,26.41,2,0.05,50.18,13.05,46.0,
ORD103909,2023-04-04,Sports,East,Consumer,Standard,188.12,4,0.1,677.23,81.27,43.0,4.9
ORD103910,2023-03-21,Electronics,South,Corporate,Express,1086.47,7,0.0,7605.29,912.63,66.0,3.6
ORD103911,2023-10-31,Home & Kitchen,North,Home Office,Standard,102.57,6,0.05,584.65,81.85,18.0,5.0
ORD103912,2024-06-02,Electronics,North,Consumer,Express,514.64,3,0.0,1543.92,185.27,53.0,3.6
ORD103913,2024-11-10,Electronics,North,Corporate,Same Day,748.24,7,0.1,4713.91,188.56,25.0,3.7
ORD103914,2023-12-18,Clothing,East,Corporate,Express,126.55,4,0.05,480.89,100.99,42.0,4.2
ORD103915,2024-09-16,Electronics,South,Home Office,Standard,679.54,4,0.0,2718.16,326.18,22.0,3.4
ORD103916,2023-01-22,Electronics,West,Consumer,Express,812.88,5,0.15,3454.74,0.0,30.0,3.0
ORD103917,2024-06-19,Electronics,North,Consumer,Standard,198.9,7,0.15,1183.46,0.0,55.0,4.9
ORD103918,2023-12-04,Electronics,Central,Consumer,Same Day,788.49,7,0.05,5243.46,419.48,40.0,4.3
ORD103919,2023-11-04,Clothing,South,Consumer,Same Day,56.95,5,0.25,213.56,10.68,39.0,4.3
ORD103920,2023-05-20,Electronics,East,Home Office,Same Day,241.12,1,0.05,229.06,18.32,69.0,4.2
ORD103921,2023-10-15,Home & Kitchen,East,Consumer,Express,35.21,3,0.2,84.5,1.69,21.0,3.5
ORD103922,2024-07-10,Beauty,North,Consumer,Same Day,13.67,2,0.0,27.34,8.2,49.0,3.9
ORD103923,2023-09-29,Home & Kitchen,East,Consumer,Same Day,332.41,7,0.05,2210.53,309.47,20.0,5.0
ORD103924,2024-03-11,Electronics,West,Home Office,Standard,142.38,5,0.0,711.9,85.43,,3.1
ORD103925,2023-12-13,Clothing,West,Consumer,Standard,63.08,7,0.25,331.17,16.56,60.0,3.3
ORD103926,2024-10-28,Electronics,East,Consumer,Same Day,462.06,3,0.05,1316.87,105.35,52.0,3.8
ORD103927,2024-07-19,Clothing,East,Consumer,Standard,29.44,1,0.15,25.02,3.25,43.0,3.7
ORD103928,2024-01-04,Clothing,East,Consumer,Standard,106.44,7,0.05,707.83,148.64,59.0,3.6
ORD103929,2023-08-10,Electronics,North,Home Office,Standard,994.94,5,0.2,3979.76,-159.19,35.0,5.0
ORD103930,2023-05-06,Books,Central,Home Office,Standard,52.13,3,0.0,156.39,23.46,19.0,
ORD103931,2024-01-30,Home & Kitchen,North,Consumer,Standard,346.33,6,0.0,2077.98,374.04,57.0,4.6
ORD103932,2023-08-14,Clothing,East,Consumer,Standard,21.31,4,0.05,80.98,17.01,53.0,3.6
ORD103933,2023-09-12,Home & Kitchen,North,Corporate,Same Day,377.55,2,0.2,604.08,12.08,27.0,4.7
ORD103934,2024-09-28,Sports,West,Corporate,Standard,125.45,7,0.1,790.34,94.84,58.0,3.8
ORD103935,2024-10-04,Books,West,Consumer,Standard,40.21,7,0.0,281.47,42.22,22.0,4.1
ORD103936,2024-08-20,Beauty,East,Consumer,Express,106.12,6,0.0,636.72,191.02,39.0,
ORD103937,2023-03-20,Electronics,North,Corporate,Express,230.24,1,0.1,207.22,8.29,68.0,5.0
ORD103938,2024-10-02,Sports,South,Corporate,Express,216.18,1,0.3,151.33,-6.05,37.0,4.2
ORD103939,2024-11-03,Sports,North,Home Office,Same Day,273.78,1,0.05,260.09,41.61,22.0,
ORD103940,2023-03-16,Home & Kitchen,North,Consumer,Express,155.48,5,0.2,621.92,12.44,23.0,4.0
ORD103941,2024-08-01,Electronics,East,Consumer,Same Day,898.17,7,0.15,5344.11,0.0,57.0,5.0
ORD103942,2024-03-22,Beauty,East,Consumer,Express,22.8,7,0.05,151.62,39.42,45.0,4.5
ORD103943,2024-11-06,Home & Kitchen,South,Corporate,Standard,348.33,3,0.15000000000000002,888.24,53.29,36.0,5.0
ORD103944,2023-08-29,Home & Kitchen,East,Consumer,Standard,230.41,1,0.1,207.37,20.74,48.0,4.0
ORD103945,2023-05-29,Home & Kitchen,East,Home Office,Express,283.25,3,0.1,764.78,76.48,49.0,4.6
ORD103946,2023-06-29,Sports,North,Corporate,Standard,271.23,1,0.0,271.23,54.25,37.0,4.8
ORD103947,2023-04-25,Electronics,West,Consumer,Standard,320.1,5,0.0,1600.5,192.06,35.0,5.0
ORD103948,2023-08-26,Clothing,Central,Consumer,Express,35.4,5,0.05,168.15,35.31,52.0,4.3
ORD103949,2023-10-03,Home & Kitchen,Central,Home Office,Express,239.74,2,0.05,455.51,63.77,57.0,4.4
ORD103950,2024-06-28,Electronics,North,Consumer,Express,509.54,4,0.1,1834.34,73.37,53.0,4.4
ORD103951,2024-12-07,Electronics,South,Home Office,Express,481.19,6,0.15000000000000002,2454.07,-0.0,18.0,4.1
ORD103952,2024-11-24,Electronics,West,Consumer,Express,242.6,6,0.05,1382.82,110.63,67.0,4.3
ORD103953,2024-03-26,Beauty,West,Consumer,Standard,91.1,5,0.05,432.72,112.51,64.0,5.0
ORD103954,2024-04-24,Books,West,Home Office,Standard,12.55,6,0.0,75.3,11.3,18.0,4.6
ORD103955,2023-10-05,Beauty,North,Home Office,Standard,6.1,3,0.1,16.47,3.62,23.0,4.5
ORD103956,2024-09-11,Books,East,Consumer,Same Day,59.25,5,0.05,281.44,30.96,60.0,4.4
ORD103957,2023-05-08,Sports,North,Corporate,Standard,288.45,2,0.1,519.21,62.31,23.0,3.9
ORD103958,2024-09-07,Home & Kitchen,West,Consumer,Same Day,109.32,4,0.15,371.69,22.3,37.0,3.4
ORD103959,2024-06-08,Clothing,Central,Corporate,Standard,140.53,3,0.15,358.35,46.59,68.0,3.9
ORD103960,2024-08-02,Sports,West,Corporate,Standard,199.78,5,0.0,998.9,199.78,23.0,5.0
ORD103961,2023-11-30,Electronics,North,Consumer,Standard,338.55,1,0.1,304.7,12.19,53.0,3.1
ORD103962,2023-01-25,Sports,West,Consumer,Standard,280.57,3,0.05,799.62,127.94,53.0,3.2
ORD103963,2023-08-24,Home & Kitchen,South,Consumer,Standard,134.46,1,0.15,114.29,6.86,19.0,4.3
ORD103964,2024-08-02,Clothing,East,Consumer,Standard,80.25,5,0.1,361.12,61.39,58.0,3.7
ORD103965,2023-05-30,Electronics,North,Corporate,Standard,168.24,6,0.1,908.5,36.34,53.0,4.2
ORD103966,2024-10-16,Books,South,Consumer,Standard,14.06,4,0.05,53.43,5.88,28.0,4.2
ORD103967,2024-09-06,Clothing,South,Consumer,Express,46.69,6,0.0,280.14,70.04,36.0,3.5
ORD103968,2023-07-22,Beauty,East,Consumer,Express,19.54,1,0.15,16.61,2.99,69.0,4.3
ORD103969,2024-04-24,Sports,West,Home Office,Standard,36.25,2,0.3,50.75,-2.03,30.0,3.6
ORD103970,2023-08-24,Electronics,West,Consumer,Express,194.08,5,0.1,873.36,34.93,53.0,3.4
ORD103971,2024-01-09,Electronics,South,Consumer,Standard,1108.11,2,0.05,2105.41,168.43,61.0,5.0
ORD103972,2024-05-14,Electronics,Central,Consumer,Standard,789.89,2,0.1,1421.8,56.87,47.0,2.1
ORD103973,2023-02-16,Beauty,Central,Consumer,Standard,104.45,4,0.0,417.8,125.34,66.0,3.7
ORD103974,2023-11-17,Electronics,South,Corporate,Standard,957.22,2,0.2,1531.55,-61.26,,4.4
ORD103975,2024-11-16,Home & Kitchen,East,Corporate,Standard,127.98,6,0.1,691.09,69.11,,2.8
ORD103976,2024-12-26,Clothing,South,Corporate,Express,15.6,2,0.05,29.64,6.22,47.0,2.6
ORD103977,2024-08-04,Electronics,North,Corporate,Standard,1140.34,5,0.0,5701.7,684.2,69.0,
ORD103978,2024-11-21,Sports,North,Consumer,Standard,175.23,1,0.05,166.47,26.64,40.0,4.5
ORD103979,2024-07-08,Beauty,East,Consumer,Express,117.85,7,0.15,701.21,126.22,34.0,
ORD103980,2023-01-07,Beauty,North,Consumer,Standard,80.01,7,0.1,504.06,110.89,68.0,4.3
ORD103981,2023-07-13,Beauty,Central,Corporate,Standard,33.98,4,0.2,108.74,15.22,,5.0
ORD103982,2023-03-23,Books,East,Home Office,Standard,19.84,3,0.05,56.54,6.22,36.0,5.0
ORD103983,2023-11-01,Books,East,Consumer,Standard,23.76,5,0.15000000000000002,100.98,3.03,52.0,3.4
ORD103984,2024-07-16,Electronics,East,Consumer,Express,1149.14,2,0.3,1608.8,-193.06,63.0,3.7
ORD103985,2024-01-18,Beauty,East,Home Office,Express,24.68,4,0.3,69.1,4.15,39.0,3.2
ORD103986,2023-10-27,Beauty,West,Consumer,Express,75.04,7,0.2,420.22,58.83,30.0,5.0
ORD103987,2024-10-11,Home & Kitchen,West,Corporate,Same Day,210.2,2,0.0,420.4,75.67,24.0,4.1
ORD103988,2023-01-09,Books,East,Corporate,Standard,33.6,3,0.05,95.76,10.53,28.0,3.5
ORD103989,2024-07-18,Clothing,East,Home Office,Standard,59.8,5,0.0,299.0,74.75,27.0,5.0
ORD103990,2023-05-10,Home & Kitchen,South,Corporate,Express,147.2,4,0.05,559.36,78.31,51.0,4.3
ORD103991,2023-11-01,Clothing,West,Corporate,Express,27.38,4,0.05,104.04,21.85,64.0,5.0
ORD103992,2024-11-17,Books,West,Corporate,Standard,7.83,4,0.05,29.75,3.27,61.0,3.9
ORD103993,2023-04-24,Home & Kitchen,North,Consumer,Standard,39.4,5,0.1,177.3,17.73,28.0,5.0
ORD103994,2024-02-06,Electronics,North,Consumer,Standard,349.21,2,0.15,593.66,0.0,54.0,
ORD103995,2023-03-12,Clothing,North,Consumer,Standard,21.06,4,0.1,75.82,12.89,51.0,4.3
ORD103996,2024-12-15,Electronics,West,Consumer,Standard,509.75,1,0.1,458.78,18.35,55.0,4.0
ORD103997,2023-07-08,Clothing,East,Corporate,Express,101.53,2,0.0,203.06,50.76,61.0,4.8
ORD103998,2023-06-12,Home & Kitchen,North,Home Office,Standard,63.92,6,0.0,383.52,69.03,41.0,4.8
ORD103999,2023-06-22,Sports,South,Consumer,Standard,288.79,1,0.05,274.35,43.9,58.0,
ORD104000,2024-07-31,Sports,South,Consumer,Express,208.09,6,0.05,1186.11,189.78,40.0,4.4
ORD104001,2024-04-19,Beauty,Central,Consumer,Express,36.92,6,0.0,221.52,66.46,36.0,4.7
ORD104002,2024-06-22,Clothing,East,Corporate,Standard,82.7,3,0.0,248.1,62.02,29.0,2.5
ORD104003,2024-06-02,Electronics,North,Consumer,Express,240.48,2,0.15,408.82,0.0,54.0,5.0
ORD104004,2024-02-03,Beauty,West,Home Office,Same Day,56.21,3,0.0,168.63,50.59,22.0,5.0
ORD104005,2023-03-09,Electronics,North,Consumer,Standard,519.46,2,0.0,1038.92,124.67,49.0,4.7
ORD104006,2023-10-28,Sports,West,Corporate,Standard,159.88,3,0.05,455.66,72.91,49.0,3.7
ORD104007,2023-07-01,Books,North,Corporate,Standard,51.98,3,0.15,132.55,3.98,68.0,4.0
ORD104008,2024-08-28,Clothing,North,Consumer,Standard,31.02,7,0.3,152.0,1.52,59.0,3.1
ORD104009,2023-12-01,Clothing,East,Corporate,Standard,96.15,3,0.05,274.03,57.55,41.0,4.1
ORD104010,2023-11-20,Clothing,South,Home Office,Standard,77.14,1,0.35,50.14,-1.5,28.0,3.4
ORD104011,2024-03-08,Clothing,North,Home Office,Standard,23.18,1,0.3,16.23,0.16,18.0,5.0
ORD104012,2024-07-13,Sports,West,Corporate,Standard,274.67,6,0.0,1648.02,329.6,33.0,3.2
ORD104013,2024-10-14,Books,Central,Consumer,Express,6.39,6,0.15,32.59,0.98,45.0,3.7
ORD104014,2024-08-19,Books,West,Corporate,Standard,14.56,6,0.1,78.62,5.5,53.0,5.0
ORD104015,2024-01-23,Electronics,West,Consumer,Standard,240.26,4,0.1,864.94,34.6,20.0,3.7
ORD104016,2023-01-04,Sports,South,Home Office,Standard,257.15,7,0.15,1530.04,122.4,24.0,2.5
ORD104017,2024-09-06,Beauty,South,Consumer,Standard,33.12,5,0.15,140.76,25.34,43.0,
ORD104018,2024-01-03,Electronics,North,Home Office,Standard,312.35,5,0.0,1561.75,187.41,18.0,4.3
ORD104019,2024-09-04,Books,South,Consumer,Express,15.19,3,0.0,45.57,6.84,38.0,2.7
ORD104020,2024-06-22,Sports,South,Consumer,Express,44.21,1,0.3,30.95,-1.24,19.0,3.6
ORD104021,2023-05-30,Home & Kitchen,South,Home Office,Same Day,381.84,2,0.15,649.13,38.95,20.0,5.0
ORD104022,2024-08-17,Beauty,West,Home Office,Express,36.13,1,0.1,32.52,7.15,55.0,
ORD104023,2024-04-11,Clothing,East,Consumer,Express,117.63,3,0.2,282.31,25.41,50.0,4.9
ORD104024,2024-05-02,Clothing,South,Consumer,Standard,80.9,3,0.0,242.7,60.68,53.0,4.1
ORD104025,2023-06-26,Clothing,North,Consumer,Express,148.62,4,0.15,505.31,65.69,69.0,
ORD104026,2024-09-12,Sports,East,Consumer,Same Day,80.56,3,0.1,217.51,26.1,32.0,4.4
ORD104027,2023-05-20,Electronics,East,Consumer,Express,947.23,4,0.0,3788.92,454.67,28.0,4.0
ORD104028,2024-02-22,Clothing,South,Consumer,Standard,14.91,2,0.0,29.82,7.46,56.0,3.9
ORD104029,2023-04-29,Home & Kitchen,South,Home Office,Standard,55.06,3,0.0,165.18,29.73,59.0,3.5
ORD104030,2023-09-20,Books,South,Corporate,Standard,47.36,3,0.0,142.08,21.31,38.0,3.2
ORD104031,2024-05-01,Home & Kitchen,North,Consumer,Standard,379.9,6,0.15,1937.49,116.25,32.0,5.0
ORD104032,2024-11-16,Electronics,East,Consumer,Standard,1014.68,1,0.25,761.01,-60.88,67.0,4.5
ORD104033,2024-02-17,Home & Kitchen,Central,Consumer,Express,191.62,5,0.05,910.2,127.43,43.0,4.9
ORD104034,2024-05-29,Home & Kitchen,South,Consumer,Standard,121.78,4,0.0,487.12,87.68,46.0,4.1
ORD104035,2024-08-26,Sports,South,Consumer,Standard,241.71,6,0.0,1450.26,290.05,46.0,4.2
ORD104036,2023-03-19,Home & Kitchen,West,Consumer,Express,201.65,4,0.15,685.61,41.14,24.0,
ORD104037,2024-10-22,Books,West,Corporate,Express,50.82,1,0.0,50.82,7.62,19.0,3.5
ORD104038,2023-03-27,Sports,West,Consumer,Standard,132.47,7,0.1,834.56,100.15,36.0,3.2
ORD104039,2024-05-04,Clothing,West,Home Office,Express,58.46,5,0.05,277.68,58.31,57.0,3.0
ORD104040,2024-06-15,Beauty,West,Home Office,Standard,44.76,2,0.0,89.52,26.86,21.0,4.5
ORD104041,2024-08-17,Electronics,South,Consumer,Express,132.17,2,0.0,264.34,31.72,29.0,3.7
ORD104042,2023-05-14,Home & Kitchen,South,Consumer,Express,22.05,2,0.15,37.48,2.25,51.0,3.7
ORD104043,2023-07-30,Home & Kitchen,East,Home Office,Standard,398.6,1,0.1,358.74,35.87,34.0,5.0
ORD104044,2024-05-19,Electronics,North,Consumer,Standard,980.74,5,0.0,4903.7,588.44,49.0,3.2
ORD104045,2023-09-17,Clothing,North,Consumer,Express,125.95,3,0.0,377.85,94.46,47.0,4.0
ORD104046,2024-03-11,Clothing,East,Home Office,Express,17.38,5,0.15,73.86,9.6,32.0,4.4
ORD104047,2024-02-12,Sports,North,Consumer,Same Day,15.8,1,0.15,13.43,1.07,34.0,4.3
ORD104048,2024-12-17,Electronics,North,Corporate,Express,746.06,4,0.2,2387.39,-95.5,60.0,3.9
ORD104049,2024-08-20,Sports,Central,Corporate,Express,252.38,1,0.1,227.14,27.26,34.0,5.0
ORD104050,2023-08-23,Home & Kitchen,North,Consumer,Express,212.27,7,0.2,1188.71,23.77,38.0,4.1
ORD104051,2023-06-22,Books,North,Corporate,Standard,23.04,4,0.0,92.16,13.82,30.0,3.7
ORD104052,2024-01-20,Books,West,Home Office,Standard,52.83,3,0.05,150.57,16.56,43.0,3.2
ORD104053,2023-12-02,Home & Kitchen,North,Home Office,Standard,265.3,5,0.15000000000000002,1127.52,67.65,21.0,3.3
ORD104054,2024-06-27,Beauty,East,Consumer,Express,18.58,6,0.0,111.48,33.44,42.0,3.1
ORD104055,2023-11-13,Home & Kitchen,West,Consumer,Standard,313.49,7,0.05,2084.71,291.86,55.0,5.0
ORD104056,2023-07-06,Electronics,West,Consumer,Express,685.68,3,0.1,1851.34,74.05,32.0,4.5
ORD104057,2024-11-24,Clothing,Central,Consumer,Standard,80.94,3,0.05,230.68,48.44,21.0,4.4
ORD104058,2024-07-12,Home & Kitchen,South,Consumer,Same Day,231.1,2,0.05,439.09,61.47,53.0,3.5
ORD104059,2024-03-15,Electronics,Central,Consumer,Express,957.06,4,0.2,3062.59,-122.5,60.0,4.5
ORD104060,2024-09-29,Sports,East,Consumer,Express,297.57,7,0.05,1978.84,316.61,57.0,4.3
ORD104061,2023-02-15,Clothing,Central,Consumer,Standard,118.94,4,0.1,428.18,72.79,48.0,2.9
ORD104062,2023-10-29,Electronics,East,Consumer,Same Day,1142.14,1,0.1,1027.93,41.12,19.0,4.0
ORD104063,2023-06-29,Electronics,West,Home Office,Standard,264.84,1,0.05,251.6,20.13,49.0,5.0
ORD104064,2024-08-23,Clothing,West,Home Office,Standard,56.76,2,0.0,113.52,28.38,,5.0
ORD104065,2024-08-29,Sports,Central,Consumer,Standard,97.8,7,0.3,479.22,-19.17,29.0,2.5
ORD104066,2023-07-02,Home & Kitchen,West,Corporate,Same Day,345.37,3,0.0,1036.11,186.5,39.0,4.1
ORD104067,2023-07-11,Beauty,West,Corporate,Express,91.58,4,0.05,348.0,90.48,62.0,5.0
ORD104068,2024-09-03,Beauty,Central,Consumer,Standard,13.4,6,0.1,72.36,15.92,37.0,5.0
ORD104069,2024-05-07,Clothing,North,Corporate,Standard,83.42,5,0.1,375.39,63.82,53.0,4.3
ORD104070,2023-02-05,Clothing,East,Consumer,Express,149.16,6,0.1,805.46,136.93,35.0,3.1
ORD104071,2024-10-19,Clothing,South,Consumer,Standard,25.82,2,0.1,46.48,7.9,56.0,4.4
ORD104072,2023-04-18,Books,East,Corporate,Standard,53.47,1,0.15,45.45,1.36,32.0,4.3
ORD104073,2024-07-23,Beauty,West,Corporate,Same Day,64.95,6,0.2,311.76,43.65,57.0,5.0
ORD104074,2023-03-13,Clothing,East,Consumer,Standard,48.72,6,0.2,233.86,21.05,52.0,4.1
ORD104075,2023-06-01,Electronics,East,Home Office,Same Day,157.4,5,0.0,787.0,94.44,26.0,3.4
ORD104076,2024-11-19,Electronics,North,Consumer,Standard,361.79,4,0.15000000000000002,1230.09,-0.0,25.0,3.0
ORD104077,2024-11-26,Books,South,Consumer,Same Day,44.76,4,0.35,116.38,-15.13,35.0,4.6
ORD104078,2024-05-27,Beauty,East,Corporate,Standard,45.97,6,0.0,275.82,82.75,25.0,4.8
ORD104079,2024-07-27,Books,East,Consumer,Standard,51.24,5,0.1,230.58,16.14,43.0,2.1
ORD104080,2024-09-10,Books,Central,Home Office,Standard,57.53,1,0.05,54.65,6.01,22.0,5.0
ORD104081,2024-11-14,Home & Kitchen,Central,Consumer,Same Day,44.5,7,0.1,280.35,28.03,60.0,4.3
ORD104082,2024-11-25,Clothing,South,Consumer,Standard,21.89,1,0.15000000000000002,18.61,2.42,26.0,4.9
ORD104083,2023-12-15,Beauty,West,Consumer,Standard,91.35,7,0.05,607.48,157.94,65.0,4.6
ORD104084,2023-04-11,Sports,North,Consumer,Express,250.52,5,0.05,1189.97,190.4,45.0,3.6
ORD104085,2023-02-07,Books,Central,Consumer,Express,28.34,7,0.0,198.38,29.76,49.0,4.8
ORD104086,2024-12-17,Books,West,Consumer,Standard,40.28,7,0.05,267.86,29.46,39.0,4.6
ORD104087,2024-05-12,Electronics,East,Home Office,Standard,430.41,2,0.0,860.82,103.3,40.0,5.0
ORD104088,2024-09-21,Sports,West,Corporate,Standard,35.3,1,0.1,31.77,3.81,20.0,4.1
ORD104089,2024-03-02,Electronics,Central,Consumer,Same Day,1042.33,7,0.1,6566.68,262.67,41.0,3.3
ORD104090,2023-05-10,Sports,North,Consumer,Standard,286.73,5,0.05,1361.97,217.92,69.0,5.0
ORD104091,2023-11-03,Electronics,North,Home Office,Standard,899.59,7,0.15000000000000002,5352.56,-0.0,25.0,4.8
ORD104092,2024-01-11,Clothing,South,Consumer,Standard,116.74,4,0.1,420.26,71.44,25.0,3.8
ORD104093,2023-01-29,Books,West,Consumer,Standard,22.0,1,0.2,17.6,-0.18,41.0,5.0
ORD104094,2023-01-22,Electronics,Central,Corporate,Express,585.01,7,0.0,4095.07,491.41,64.0,4.2
ORD104095,2023-01-09,Electronics,Central,Consumer,Standard,891.17,5,0.1,4010.26,160.41,43.0,4.1
ORD104096,2024-07-06,Home & Kitchen,North,Consumer,Express,196.37,5,0.2,785.48,15.71,57.0,4.6
ORD104097,2023-11-05,Books,East,Consumer,Same Day,9.32,3,0.05,26.56,2.92,32.0,4.9
ORD104098,2023-02-13,Home & Kitchen,East,Consumer,Standard,148.98,2,0.2,238.37,4.77,55.0,3.4
ORD104099,2024-01-03,Clothing,South,Corporate,Standard,112.24,1,0.05,106.63,22.39,62.0,4.3
ORD104100,2023-11-18,Beauty,North,Consumer,Standard,52.55,1,0.05,49.92,12.98,62.0,3.1
ORD104101,2024-09-16,Electronics,Central,Corporate,Express,848.44,5,0.0,4242.2,509.06,30.0,4.6
ORD104102,2024-05-28,Sports,North,Home Office,Standard,170.84,5,0.2,683.36,27.33,42.0,4.6
ORD104103,2024-12-04,Clothing,East,Consumer,Standard,99.3,1,0.2,79.44,7.15,45.0,3.3
ORD104104,2023-01-10,Home & Kitchen,Central,Consumer,Standard,214.56,6,0.1,1158.62,115.86,66.0,3.3
ORD104105,2023-07-10,Home & Kitchen,East,Consumer,Express,286.55,3,0.0,859.65,154.74,,5.0
ORD104106,2024-11-15,Sports,Central,Consumer,Standard,213.7,6,0.25,961.65,0.0,24.0,4.1
ORD104107,2023-09-06,Books,East,Consumer,Same Day,15.61,4,0.0,62.44,9.37,44.0,3.7
ORD104108,2024-03-17,Clothing,East,Consumer,Standard,39.24,5,0.2,156.96,14.13,60.0,3.3
ORD104109,2023-10-14,Clothing,South,Consumer,Express,69.9,7,0.0,489.3,122.32,59.0,4.3
ORD104110,2024-12-25,Beauty,South,Corporate,Standard,15.44,5,0.15000000000000002,65.62,11.81,38.0,3.4
ORD104111,2023-03-06,Electronics,West,Consumer,Same Day,143.72,5,0.15,610.81,0.0,26.0,4.5
ORD104112,2023-10-20,Beauty,Central,Home Office,Standard,19.68,6,0.0,118.08,35.42,40.0,
ORD104113,2023-11-13,Home & Kitchen,South,Corporate,Standard,110.2,4,0.05,418.76,58.63,62.0,4.2
ORD104114,2024-10-28,Electronics,Central,Home Office,Standard,288.16,3,0.0,864.48,103.74,32.0,4.8
ORD104115,2024-06-08,Electronics,East,Consumer,Express,626.58,3,0.0,1879.74,225.57,31.0,3.7
ORD104116,2023-10-06,Clothing,South,Home Office,Express,106.17,7,0.1,668.87,113.71,69.0,3.5
ORD104117,2024-02-14,Books,Central,Corporate,Standard,33.25,2,0.0,66.5,9.98,39.0,4.3
ORD104118,2024-11-28,Clothing,North,Corporate,Express,65.26,4,0.35,169.68,-5.09,34.0,3.5
ORD104119,2023-09-24,Beauty,South,Corporate,Same Day,48.64,2,0.1,87.55,19.26,41.0,4.2
ORD104120,2024-01-04,Beauty,Central,Consumer,Standard,106.31,4,0.0,425.24,127.57,44.0,5.0
ORD104121,2024-10-10,Books,West,Corporate,Standard,9.73,2,0.05,18.49,2.03,,3.7
ORD104122,2024-12-20,Electronics,South,Consumer,Standard,247.04,3,0.05,704.06,56.32,42.0,3.3
ORD104123,2024-02-18,Clothing,North,Consumer,Express,75.65,4,0.0,302.6,75.65,34.0,3.2
ORD104124,2024-06-04,Electronics,West,Corporate,Standard,492.49,5,0.0,2462.45,295.49,30.0,4.2
ORD104125,2024-01-05,Clothing,North,Corporate,Same Day,33.67,4,0.1,121.21,20.61,25.0,4.8
ORD104126,2023-03-28,Books,North,Home Office,Standard,22.32,7,0.1,140.62,9.84,55.0,4.3
ORD104127,2024-07-19,Books,West,Consumer,Same Day,45.01,1,0.0,45.01,6.75,21.0,5.0
ORD104128,2023-04-15,Beauty,West,Consumer,Standard,27.67,3,0.2,66.41,9.3,22.0,5.0
ORD104129,2024-06-26,Electronics,South,Consumer,Express,909.2,5,0.05,4318.7,345.5,47.0,3.9
ORD104130,2023-07-23,Books,North,Consumer,Standard,12.8,6,0.2,61.44,-0.61,46.0,2.8
ORD104131,2024-06-13,Sports,Central,Consumer,Standard,91.67,7,0.2,513.35,20.53,47.0,
ORD104132,2024-03-28,Electronics,East,Consumer,Express,236.63,1,0.1,212.97,8.52,63.0,4.2
ORD104133,2023-08-10,Electronics,North,Corporate,Standard,695.9,6,0.1,3757.86,150.31,,4.6
ORD104134,2023-12-30,Clothing,North,Home Office,Standard,36.56,6,0.1,197.42,33.56,40.0,4.1
ORD104135,2023-05-29,Home & Kitchen,East,Corporate,Express,38.8,2,0.1,69.84,6.98,47.0,
ORD104136,2023-04-27,Beauty,East,Consumer,Same Day,13.62,4,0.0,54.48,16.34,33.0,
ORD104137,2024-06-28,Electronics,South,Consumer,Express,360.58,6,0.0,2163.48,259.62,19.0,4.7
ORD104138,2024-02-26,Home & Kitchen,South,Home Office,Standard,356.7,3,0.0,1070.1,192.62,64.0,
ORD104139,2023-06-29,Sports,West,Consumer,Standard,41.66,4,0.05,158.31,25.33,54.0,5.0
ORD104140,2024-11-28,Books,Central,Consumer,Standard,39.07,7,0.05,259.82,28.58,58.0,4.9
ORD104141,2023-10-30,Books,East,Consumer,Standard,48.62,2,0.3,68.07,-6.13,48.0,4.2
ORD104142,2023-08-20,Clothing,East,Consumer,Standard,123.28,3,0.05,351.35,73.78,36.0,2.2
ORD104143,2023-01-07,Books,Central,Consumer,Same Day,28.51,7,0.15,169.63,5.09,27.0,4.0
ORD104144,2024-12-04,Beauty,Central,Corporate,Express,56.3,1,0.15000000000000002,47.86,8.61,42.0,4.4
ORD104145,2024-07-11,Home & Kitchen,East,Consumer,Standard,326.48,2,0.05,620.31,86.84,57.0,4.2
ORD104146,2023-08-11,Electronics,North,Home Office,Standard,374.94,2,0.0,749.88,89.99,26.0,3.1
ORD104147,2023-09-01,Electronics,North,Consumer,Standard,333.13,6,0.0,1998.78,239.85,40.0,3.4
ORD104148,2023-02-04,Clothing,Central,Home Office,Express,90.07,4,0.3,252.2,2.52,43.0,3.4
ORD104149,2024-02-21,Sports,South,Consumer,Express,16.12,3,0.1,43.52,5.22,53.0,3.9
ORD104150,2024-06-03,Beauty,North,Consumer,Standard,29.79,3,0.1,80.43,17.69,36.0,
ORD104151,2023-09-01,Books,South,Corporate,Express,11.8,4,0.2,37.76,-0.38,35.0,3.5
ORD104152,2024-01-18,Electronics,South,Corporate,Standard,1027.03,7,0.0,7189.21,862.71,48.0,3.1
ORD104153,2023-04-30,Beauty,Central,Consumer,Standard,35.51,1,0.1,31.96,7.03,27.0,4.0
ORD104154,2023-11-11,Beauty,Central,Consumer,Standard,53.89,4,0.05,204.78,53.24,42.0,3.3
ORD104155,2024-01-27,Books,Central,Home Office,Same Day,24.34,5,0.1,109.53,7.67,46.0,4.2
ORD104156,2024-11-25,Electronics,East,Consumer,Express,242.59,1,0.15000000000000002,206.2,-0.0,43.0,3.8
ORD104157,2024-05-16,Clothing,Central,Consumer,Express,101.06,7,0.05,672.05,141.13,68.0,3.8
ORD104158,2024-08-24,Beauty,West,Home Office,Express,115.11,5,0.1,518.0,113.96,54.0,4.1
ORD104159,2024-12-30,Clothing,South,Consumer,Express,79.65,4,0.15000000000000002,270.81,35.21,48.0,
ORD104160,2023-07-23,Home & Kitchen,East,Home Office,Express,114.17,2,0.1,205.51,20.55,43.0,2.8
ORD104161,2023-09-07,Books,South,Home Office,Same Day,29.68,1,0.0,29.68,4.45,63.0,5.0
ORD104162,2024-03-27,Clothing,North,Consumer,Standard,65.3,4,0.0,261.2,65.3,43.0,3.3
ORD104163,2024-09-18,Beauty,West,Consumer,Standard,92.2,1,0.05,87.59,22.77,67.0,4.0
ORD104164,2023-05-27,Home & Kitchen,North,Consumer,Standard,302.23,3,0.0,906.69,163.2,22.0,4.6
ORD104165,2024-04-15,Books,East,Consumer,Standard,38.72,3,0.05,110.35,12.14,35.0,5.0
ORD104166,2024-11-06,Electronics,North,Consumer,Express,965.33,2,0.15000000000000002,1641.06,-0.0,45.0,3.0
ORD104167,2024-04-05,Electronics,East,Consumer,Standard,554.58,3,0.15,1414.18,0.0,31.0,4.7
ORD104168,2023-02-06,Home & Kitchen,Central,Consumer,Standard,113.72,2,0.1,204.7,20.47,34.0,3.5
ORD104169,2023-08-24,Electronics,Central,Home Office,Express,924.49,1,0.0,924.49,110.94,36.0,5.0
ORD104170,2024-08-01,Sports,East,Consumer,Standard,273.84,6,0.05,1560.89,249.74,25.0,3.0
ORD104171,2024-08-14,Sports,South,Consumer,Standard,171.91,2,0.1,309.44,37.13,34.0,3.5
ORD104172,2023-12-04,Home & Kitchen,East,Consumer,Express,166.28,2,0.1,299.3,29.93,66.0,
ORD104173,2023-06-01,Home & Kitchen,Central,Consumer,Express,100.45,3,0.05,286.28,40.08,53.0,3.3
ORD104174,2024-06-28,Home & Kitchen,South,Home Office,Standard,393.44,6,0.05,2242.61,313.97,34.0,4.2
ORD104175,2023-12-27,Books,East,Consumer,Standard,40.59,6,0.05,231.36,25.45,25.0,5.0
ORD104176,2023-02-05,Home & Kitchen,South,Consumer,Standard,117.35,4,0.2,375.52,7.51,63.0,4.7
ORD104177,2024-07-18,Electronics,South,Consumer,Standard,309.32,2,0.0,618.64,74.24,42.0,3.4
ORD104178,2024-11-08,Sports,West,Corporate,Express,82.52,5,0.05,391.97,62.72,37.0,3.4
ORD104179,2024-04-24,Clothing,Central,Consumer,Standard,35.08,6,0.05,199.96,41.99,62.0,4.6
ORD104180,2024-08-22,Beauty,South,Consumer,Same Day,49.38,2,0.0,98.76,29.63,38.0,5.0
ORD104181,2024-11-02,Clothing,North,Corporate,Standard,116.57,2,0.15000000000000002,198.17,25.76,41.0,3.9
ORD104182,2024-09-20,Beauty,South,Corporate,Standard,95.92,6,0.0,575.52,172.66,43.0,4.7
ORD104183,2024-04-06,Home & Kitchen,West,Corporate,Standard,263.76,7,0.15,1569.37,94.16,37.0,5.0
ORD104184,2023-06-13,Sports,West,Consumer,Standard,13.09,2,0.0,26.18,5.24,55.0,3.1
ORD104185,2023-01-12,Electronics,West,Consumer,Same Day,127.32,1,0.15,108.22,0.0,25.0,5.0
ORD104186,2024-10-20,Home & Kitchen,West,Consumer,Standard,322.61,3,0.0,967.83,174.21,67.0,3.6
ORD104187,2023-11-23,Clothing,South,Consumer,Standard,81.68,2,0.05,155.19,32.59,23.0,5.0
ORD104188,2023-04-02,Books,East,Corporate,Standard,51.15,2,0.0,102.3,15.34,26.0,4.3
ORD104189,2024-05-24,Books,North,Consumer,Standard,56.65,3,0.05,161.45,17.76,63.0,3.7
ORD104190,2024-10-12,Beauty,South,Consumer,Standard,48.66,4,0.0,194.64,58.39,49.0,
ORD104191,2024-11-10,Clothing,West,Home Office,Standard,11.0,1,0.15000000000000002,9.35,1.22,52.0,4.3
ORD104192,2024-01-12,Sports,North,Consumer,Same Day,53.22,6,0.05,303.35,48.54,26.0,3.9
ORD104193,2024-05-31,Beauty,East,Consumer,Standard,31.62,4,0.1,113.83,25.04,64.0,3.7
ORD104194,2024-10-19,Electronics,West,Consumer,Express,1064.9,3,0.2,2555.76,-102.23,44.0,4.0
ORD104195,2023-07-25,Clothing,South,Corporate,Standard,43.43,4,0.1,156.35,26.58,53.0,3.8
ORD104196,2024-11-04,Home & Kitchen,East,Home Office,Standard,83.14,4,0.15000000000000002,282.68,16.96,35.0,3.2
ORD104197,2024-12-21,Books,North,Corporate,Standard,49.12,1,0.05,46.66,5.13,67.0,4.3
ORD104198,2023-02-24,Beauty,West,Consumer,Standard,46.12,7,0.1,290.56,63.92,18.0,5.0
ORD104199,2023-04-04,Home & Kitchen,South,Consumer,Standard,216.18,4,0.05,821.48,115.01,64.0,4.6
ORD104200,2024-02-02,Electronics,East,Consumer,Standard,684.43,3,0.1,1847.96,73.92,30.0,4.1
ORD104201,2023-10-07,Electronics,East,Home Office,Express,530.54,7,0.05,3528.09,282.25,63.0,4.6
ORD104202,2023-04-05,Beauty,Central,Corporate,Same Day,84.42,5,0.05,401.0,104.26,36.0,
ORD104203,2024-08-05,Home & Kitchen,South,Corporate,Express,102.23,3,0.0,306.69,55.2,41.0,4.2
ORD104204,2023-09-18,Electronics,South,Consumer,Express,1108.75,4,0.1,3991.5,159.66,29.0,4.7
ORD104205,2024-09-20,Electronics,South,Consumer,Standard,1157.11,7,0.3,5669.84,-680.38,38.0,4.4
ORD104206,2024-01-18,Clothing,West,Consumer,Standard,145.42,6,0.05,828.89,174.07,40.0,5.0
ORD104207,2024-03-09,Home & Kitchen,South,Home Office,Express,143.51,4,0.0,574.04,103.33,54.0,5.0
ORD104208,2023-10-12,Home & Kitchen,Central,Consumer,Standard,388.56,3,0.05,1107.4,155.04,44.0,3.7
ORD104209,2023-12-05,Sports,Central,Consumer,Express,138.49,2,0.35,180.04,-14.4,64.0,2.3
ORD104210,2024-07-23,Home & Kitchen,South,Consumer,Same Day,201.33,4,0.0,805.32,144.96,66.0,4.5
ORD104211,2024-05-10,Home & Kitchen,South,Corporate,Standard,322.15,7,0.0,2255.05,405.91,66.0,
ORD104212,2023-04-28,Books,South,Corporate,Standard,12.99,5,0.05,61.7,6.79,56.0,5.0
ORD104213,2023-07-18,Electronics,East,Corporate,Standard,305.76,7,0.0,2140.32,256.84,60.0,4.7
ORD104214,2024-08-12,Clothing,East,Home Office,Express,20.4,2,0.05,38.76,8.14,36.0,4.1
ORD104215,2024-03-10,Electronics,North,Consumer,Express,1174.79,1,0.0,1174.79,140.97,53.0,5.0
ORD104216,2023-05-24,Sports,Central,Consumer,Express,172.42,3,0.0,517.26,103.45,41.0,4.6
ORD104217,2023-01-08,Beauty,West,Consumer,Express,55.46,5,0.0,277.3,83.19,49.0,4.2
ORD104218,2024-09-02,Beauty,East,Consumer,Standard,64.21,1,0.1,57.79,12.71,33.0,4.5
ORD104219,2023-01-13,Electronics,North,Consumer,Express,377.69,2,0.1,679.84,27.19,36.0,4.3
ORD104220,2023-08-16,Clothing,East,Consumer,Standard,97.08,1,0.0,97.08,24.27,47.0,5.0
ORD104221,2024-04-17,Books,West,Consumer,Standard,22.06,6,0.15,112.51,3.38,38.0,4.9
ORD104222,2024-01-01,Electronics,South,Consumer,Standard,582.96,2,0.1,1049.33,41.97,24.0,5.0
ORD104223,2023-07-05,Home & Kitchen,North,Consumer,Standard,269.82,2,0.2,431.71,8.63,59.0,4.6
ORD104224,2023-04-17,Sports,Central,Corporate,Express,129.06,7,0.0,903.42,180.68,61.0,3.4
ORD104225,2024-02-27,Clothing,East,Corporate,Express,146.71,5,0.05,696.87,146.34,35.0,5.0
ORD104226,2023-12-24,Home & Kitchen,Central,Home Office,Standard,84.22,4,0.05,320.04,44.81,50.0,4.3
ORD104227,2024-12-24,Beauty,South,Corporate,Standard,54.71,4,0.05,207.9,54.05,47.0,4.4
ORD104228,2023-07-02,Electronics,West,Consumer,Express,172.59,2,0.05,327.92,26.23,69.0,3.9
ORD104229,2023-12-29,Books,North,Corporate,Standard,44.45,2,0.1,80.01,5.6,36.0,2.8
ORD104230,2023-12-04,Clothing,East,Corporate,Same Day,107.68,7,0.05,716.07,150.37,24.0,4.8
ORD104231,2023-07-24,Electronics,Central,Corporate,Standard,1157.99,3,0.05,3300.27,264.02,23.0,4.3
ORD104232,2024-05-04,Electronics,South,Consumer,Same Day,1049.65,4,0.1,3778.74,151.15,62.0,2.9
ORD104233,2024-07-08,Beauty,West,Corporate,Standard,16.69,1,0.05,15.86,4.12,69.0,5.0
ORD104234,2023-06-02,Electronics,Central,Consumer,Express,441.8,4,0.15,1502.12,0.0,29.0,5.0
ORD104235,2024-03-31,Electronics,Central,Consumer,Standard,286.64,1,0.05,272.31,21.78,28.0,5.0
ORD104236,2023-07-17,Sports,South,Home Office,Express,127.95,7,0.15,761.3,60.9,66.0,5.0
ORD104237,2024-01-03,Beauty,East,Corporate,Standard,117.73,7,0.15,700.49,126.09,34.0,4.4
ORD104238,2023-06-24,Clothing,West,Consumer,Express,23.42,7,0.2,131.15,11.8,53.0,4.3
ORD104239,2024-04-12,Sports,Central,Consumer,Same Day,223.16,6,0.05,1272.01,203.52,24.0,2.8
ORD104240,2024-01-30,Home & Kitchen,Central,Consumer,Standard,362.77,7,0.1,2285.45,228.54,24.0,
ORD104241,2023-11-12,Clothing,East,Consumer,Express,119.07,7,0.35,541.77,-16.25,58.0,3.9
ORD104242,2024-07-18,Clothing,North,Consumer,Standard,86.73,2,0.0,173.46,43.36,24.0,3.1
ORD104243,2024-03-17,Beauty,South,Home Office,Standard,55.85,7,0.15,332.31,59.82,37.0,4.0
ORD104244,2023-05-23,Sports,North,Consumer,Standard,139.69,3,0.05,398.12,63.7,20.0,4.4
ORD104245,2023-01-17,Sports,Central,Corporate,Standard,35.01,1,0.1,31.51,3.78,20.0,4.1
ORD104246,2024-02-10,Clothing,East,Consumer,Express,129.97,4,0.05,493.89,103.72,58.0,4.1
ORD104247,2023-05-03,Clothing,West,Consumer,Standard,133.85,7,0.1,843.26,143.35,,3.2
ORD104248,2024-11-11,Electronics,North,Consumer,Express,394.32,1,0.05,374.6,29.97,31.0,3.8
ORD104249,2024-11-05,Home & Kitchen,West,Corporate,Standard,371.61,2,0.15000000000000002,631.74,37.9,39.0,3.7
ORD104250,2024-07-28,Books,North,Consumer,Same Day,23.43,7,0.1,147.61,10.33,51.0,3.1
ORD104251,2024-12-16,Clothing,East,Home Office,Standard,62.74,6,0.05,357.62,75.1,61.0,4.6
ORD104252,2024-06-20,Home & Kitchen,West,Corporate,Standard,127.41,1,0.2,101.93,2.04,19.0,2.9
ORD104253,2023-12-05,Electronics,East,Consumer,Express,805.83,2,0.15000000000000002,1369.91,-0.0,29.0,
ORD104254,2024-01-16,Home & Kitchen,South,Consumer,Express,57.46,6,0.15,293.05,17.58,55.0,3.7
ORD104255,2023-09-14,Home & Kitchen,South,Corporate,Standard,245.51,5,0.0,1227.55,220.96,35.0,5.0
ORD104256,2024-05-11,Home & Kitchen,Central,Consumer,Express,374.78,4,0.3,1049.38,-62.96,49.0,5.0
ORD104257,2024-01-02,Books,North,Consumer,Same Day,57.44,4,0.0,229.76,34.46,39.0,3.0
ORD104258,2023-09-19,Electronics,Central,Consumer,Standard,210.09,5,0.05,997.93,79.83,52.0,4.1
ORD104259,2024-11-27,Clothing,North,Corporate,Standard,87.27,4,0.05,331.63,69.64,45.0,3.8
ORD104260,2024-12-07,Electronics,East,Consumer,Standard,636.67,4,0.1,2292.01,91.68,,2.7
ORD104261,2023-06-25,Electronics,North,Consumer,Standard,156.86,1,0.0,156.86,18.82,32.0,4.3
ORD104262,2023-01-18,Sports,East,Consumer,Standard,24.08,3,0.0,72.24,14.45,59.0,4.8
ORD104263,2024-05-14,Sports,East,Corporate,Standard,267.21,2,0.0,534.42,106.88,45.0,3.9
ORD104264,2024-03-24,Home & Kitchen,Central,Consumer,Same Day,58.34,7,0.05,387.96,54.31,27.0,4.4
ORD104265,2024-10-29,Electronics,North,Consumer,Express,191.72,2,0.05,364.27,29.14,63.0,3.9
ORD104266,2024-12-10,Electronics,South,Corporate,Express,356.19,4,0.05,1353.52,108.28,65.0,3.9
ORD104267,2023-10-16,Clothing,West,Home Office,Express,131.06,6,0.1,707.72,120.31,37.0,5.0
ORD104268,2024-07-27,Sports,West,Consumer,Standard,229.63,5,0.0,1148.15,229.63,45.0,1.5
ORD104269,2023-05-29,Electronics,North,Consumer,Express,944.2,2,0.15,1605.14,0.0,59.0,3.5
ORD104270,2024-12-22,Electronics,South,Home Office,Express,1092.37,4,0.05,4151.01,332.08,53.0,4.7
ORD104271,2023-11-30,Books,West,Consumer,Standard,55.19,6,0.05,314.58,34.6,30.0,4.1
ORD104272,2023-07-05,Home & Kitchen,East,Consumer,Standard,384.51,7,0.1,2422.41,242.24,31.0,4.1
ORD104273,2024-05-26,Home & Kitchen,South,Consumer,Standard,231.39,6,0.1,1249.51,124.95,,4.9
ORD104274,2024-01-20,Clothing,South,Corporate,Standard,97.37,6,0.15,496.59,64.56,32.0,3.5
ORD104275,2023-05-01,Electronics,East,Consumer,Standard,778.53,6,0.0,4671.18,560.54,53.0,4.6
ORD104276,2024-09-22,Electronics,West,Corporate,Standard,451.57,2,0.15,767.67,0.0,32.0,
ORD104277,2023-06-30,Electronics,South,Home Office,Standard,872.44,3,0.1,2355.59,94.22,24.0,4.8
ORD104278,2024-12-03,Clothing,North,Corporate,Standard,128.64,7,0.05,855.46,179.65,20.0,4.0
ORD104279,2024-12-20,Clothing,Central,Corporate,Standard,143.5,2,0.35,186.55,-5.6,50.0,4.6
ORD104280,2023-09-04,Beauty,West,Corporate,Standard,116.59,6,0.2,559.63,78.35,38.0,5.0
ORD104281,2023-06-26,Electronics,North,Consumer,Same Day,817.27,5,0.3,2860.44,-343.25,19.0,3.7
ORD104282,2023-12-03,Beauty,South,Home Office,Standard,82.25,6,0.05,468.82,121.89,54.0,
ORD104283,2023-10-17,Books,East,Consumer,Standard,31.88,4,0.05,121.14,13.33,31.0,3.6
ORD104284,2024-10-07,Home & Kitchen,South,Corporate,Standard,325.13,3,0.2,780.31,15.61,57.0,3.7
ORD104285,2024-01-23,Clothing,Central,Consumer,Standard,126.23,5,0.15,536.48,69.74,41.0,3.1
ORD104286,2023-08-18,Sports,Central,Consumer,Express,192.14,6,0.0,1152.84,230.57,48.0,4.6
ORD104287,2023-05-31,Sports,South,Home Office,Express,273.33,1,0.15,232.33,18.59,49.0,3.8
ORD104288,2024-01-22,Beauty,West,Consumer,Standard,67.52,3,0.15,172.18,30.99,33.0,3.1
ORD104289,2024-12-19,Clothing,East,Consumer,Same Day,121.46,5,0.15000000000000002,516.2,67.11,,5.0
ORD104290,2024-11-18,Electronics,South,Consumer,Express,827.96,3,0.35,1614.52,-258.32,50.0,2.9
ORD104291,2024-11-24,Sports,Central,Corporate,Express,261.19,2,0.2,417.9,16.72,39.0,3.4
ORD104292,2023-11-25,Home & Kitchen,North,Consumer,Same Day,385.51,7,0.2,2158.86,43.18,,4.9
ORD104293,2023-11-05,Electronics,North,Consumer,Express,189.5,6,0.05,1080.15,86.41,31.0,4.4
ORD104294,2024-02-26,Books,North,Consumer,Standard,20.76,4,0.0,83.04,12.46,,4.0
ORD104295,2023-03-28,Beauty,East,Consumer,Standard,9.13,7,0.1,57.52,12.65,58.0,4.8
ORD104296,2024-03-03,Books,East,Consumer,Standard,33.37,2,0.2,53.39,-0.53,40.0,5.0
ORD104297,2023-12-14,Clothing,East,Corporate,Express,56.76,6,0.15000000000000002,289.48,37.63,23.0,4.5
ORD104298,2023-09-23,Books,South,Consumer,Express,24.41,1,0.1,21.97,1.54,18.0,2.8
ORD104299,2024-06-25,Electronics,East,Consumer,Express,581.9,1,0.0,581.9,69.83,41.0,4.5
ORD104300,2024-07-29,Sports,Central,Home Office,Standard,288.0,3,0.0,864.0,172.8,34.0,4.8
ORD104301,2024-10-06,Beauty,South,Consumer,Standard,9.23,7,0.05,61.38,15.96,68.0,4.8
ORD104302,2023-09-15,Clothing,Central,Corporate,Standard,86.35,1,0.2,69.08,6.22,23.0,3.6
ORD104303,2023-01-17,Home & Kitchen,East,Consumer,Standard,348.29,4,0.05,1323.5,185.29,44.0,
ORD104304,2024-01-19,Electronics,South,Consumer,Standard,854.61,2,0.05,1623.76,129.9,42.0,4.4
ORD104305,2024-08-10,Electronics,North,Consumer,Standard,906.56,4,0.3,2538.37,-304.6,21.0,4.2
ORD104306,2024-11-07,Books,North,Consumer,Standard,36.69,4,0.05,139.42,15.34,65.0,4.4
ORD104307,2023-04-20,Home & Kitchen,West,Consumer,Standard,261.51,7,0.3,1281.4,-76.88,44.0,3.1
ORD104308,2023-02-11,Home & Kitchen,North,Consumer,Express,326.01,1,0.0,326.01,58.68,57.0,
ORD104309,2024-12-18,Clothing,Central,Home Office,Express,40.01,4,0.05,152.04,31.93,69.0,4.5
ORD104310,2023-04-29,Sports,Central,Consumer,Express,121.21,6,0.2,581.81,23.27,37.0,4.5
ORD104311,2024-08-22,Books,South,Corporate,Express,31.1,1,0.05,29.54,3.25,62.0,4.7
ORD104312,2023-06-04,Electronics,North,Home Office,Express,282.64,1,0.0,282.64,33.92,48.0,3.5
ORD104313,2024-09-01,Books,South,Consumer,Standard,6.85,1,0.05,6.51,0.72,33.0,4.0
ORD104314,2024-07-09,Electronics,East,Consumer,Express,609.42,5,0.05,2894.74,231.58,43.0,4.0
ORD104315,2023-09-13,Sports,West,Consumer,Standard,46.72,6,0.0,280.32,56.06,38.0,3.3
ORD104316,2023-10-08,Clothing,Central,Consumer,Standard,100.74,3,0.2,241.78,21.76,41.0,3.8
ORD104317,2023-03-17,Sports,North,Corporate,Express,130.48,2,0.1,234.86,28.18,34.0,3.5
ORD104318,2024-09-07,Electronics,South,Corporate,Express,773.12,2,0.0,1546.24,185.55,63.0,4.4
ORD104319,2023-06-13,Electronics,North,Consumer,Standard,132.01,3,0.05,376.23,30.1,20.0,4.1
ORD104320,2023-02-19,Electronics,South,Consumer,Standard,986.11,6,0.0,5916.66,710.0,18.0,
ORD104321,2024-09-20,Books,East,Home Office,Same Day,49.65,7,0.3,243.28,-21.9,54.0,3.9
ORD104322,2024-09-20,Clothing,North,Home Office,Express,71.02,1,0.2,56.82,5.11,54.0,5.0
ORD104323,2023-03-01,Beauty,North,Consumer,Standard,99.54,7,0.1,627.1,137.96,26.0,4.0
ORD104324,2023-03-22,Electronics,South,Consumer,Express,511.58,1,0.15,434.84,0.0,33.0,3.9
ORD104325,2024-09-15,Beauty,West,Corporate,Standard,108.85,2,0.15,185.04,33.31,69.0,4.5
ORD104326,2024-03-21,Beauty,South,Home Office,Standard,89.59,4,0.0,358.36,107.51,28.0,4.8
ORD104327,2023-08-23,Sports,North,Consumer,Standard,98.53,7,0.1,620.74,74.49,46.0,3.6
ORD104328,2023-07-10,Clothing,North,Consumer,Standard,102.01,6,0.15,520.25,67.63,52.0,4.2
ORD104329,2024-08-03,Electronics,North,Consumer,Standard,977.19,1,0.15,830.61,0.0,38.0,2.8
ORD104330,2023-11-01,Sports,South,Corporate,Standard,278.03,5,0.2,1112.12,44.48,50.0,3.5
ORD104331,2024-12-26,Home & Kitchen,East,Consumer,Express,176.7,2,0.05,335.73,47.0,40.0,2.9
ORD104332,2024-06-13,Beauty,South,Consumer,Standard,72.01,2,0.0,144.02,43.21,40.0,4.8
ORD104333,2023-05-27,Clothing,North,Consumer,Same Day,60.29,5,0.15,256.23,33.31,44.0,3.0
ORD104334,2023-09-18,Electronics,East,Consumer,Standard,418.51,1,0.0,418.51,50.22,51.0,3.8
ORD104335,2023-06-11,Electronics,West,Consumer,Standard,979.46,4,0.0,3917.84,470.14,42.0,2.9
ORD104336,2023-11-26,Clothing,West,Consumer,Standard,143.03,4,0.1,514.91,87.53,50.0,4.2
ORD104337,2024-03-18,Electronics,Central,Consumer,Express,485.82,1,0.0,485.82,58.3,28.0,3.9
ORD104338,2023-10-17,Electronics,East,Consumer,Standard,993.01,7,0.05,6603.52,528.28,45.0,5.0
ORD104339,2024-07-16,Clothing,South,Consumer,Standard,122.41,5,0.0,612.05,153.01,67.0,5.0
ORD104340,2023-10-24,Electronics,East,Consumer,Standard,1188.55,6,0.0,7131.3,855.76,32.0,
ORD104341,2024-12-03,Sports,East,Consumer,Express,36.35,1,0.05,34.53,5.52,48.0,2.9
ORD104342,2024-11-14,Sports,South,Consumer,Same Day,88.52,5,0.15000000000000002,376.21,30.1,46.0,5.0
ORD104343,2024-08-26,Beauty,Central,Consumer,Express,72.45,3,0.05,206.48,53.68,56.0,2.5
ORD104344,2023-07-03,Books,South,Home Office,Standard,51.17,6,0.3,214.91,-19.34,19.0,2.6
ORD104345,2023-08-26,Electronics,West,Consumer,Standard,377.33,7,0.0,2641.31,316.96,31.0,5.0
ORD104346,2024-03-27,Home & Kitchen,East,Consumer,Standard,217.83,5,0.2,871.32,17.43,38.0,
ORD104347,2023-01-28,Clothing,South,Corporate,Standard,125.72,4,0.15,427.45,55.57,57.0,4.2
ORD104348,2024-12-04,Home & Kitchen,Central,Corporate,Standard,380.47,3,0.05,1084.34,151.81,23.0,4.5
ORD104349,2024-06-04,Clothing,North,Consumer,Standard,93.95,1,0.2,75.16,6.76,39.0,4.9
ORD104350,2024-01-21,Electronics,Central,Consumer,Standard,210.13,1,0.15,178.61,0.0,69.0,4.0
ORD104351,2023-07-23,Electronics,East,Consumer,Standard,74.02,6,0.3,310.88,-37.31,59.0,2.5
ORD104352,2023-07-02,Clothing,East,Consumer,Standard,27.82,2,0.05,52.86,11.1,21.0,4.7
ORD104353,2024-02-09,Beauty,East,Corporate,Express,115.93,7,0.1,730.36,160.68,69.0,4.0
ORD104354,2023-03-25,Electronics,East,Corporate,Standard,1019.19,3,0.15,2598.93,0.0,60.0,3.6
ORD104355,2023-11-11,Clothing,North,Corporate,Same Day,81.92,4,0.05,311.3,65.37,68.0,4.5
ORD104356,2023-09-03,Sports,West,Home Office,Standard,288.83,1,0.05,274.39,43.9,23.0,3.6
ORD104357,2023-08-23,Clothing,North,Consumer,Standard,145.06,3,0.05,413.42,86.82,64.0,4.0
ORD104358,2024-08-27,Clothing,South,Consumer,Standard,44.61,7,0.1,281.04,47.78,53.0,5.0
ORD104359,2023-12-01,Electronics,South,Home Office,Standard,272.25,3,0.05,775.91,62.07,68.0,4.6
ORD104360,2023-07-27,Beauty,North,Consumer,Express,89.87,7,0.0,629.09,188.73,47.0,3.5
ORD104361,2023-11-13,Books,East,Consumer,Express,10.95,2,0.15000000000000002,18.61,0.56,23.0,2.4
ORD104362,2023-02-03,Home & Kitchen,East,Home Office,Standard,321.86,3,0.1,869.02,86.9,37.0,4.0
ORD104363,2024-05-20,Beauty,South,Consumer,Standard,68.28,3,0.05,194.6,50.6,48.0,2.9
ORD104364,2023-01-01,Home & Kitchen,Central,Consumer,Express,317.74,6,0.15,1620.47,97.23,40.0,4.3
ORD104365,2024-05-30,Home & Kitchen,West,Consumer,Standard,302.2,7,0.15,1798.09,107.89,63.0,4.6
ORD104366,2023-07-27,Home & Kitchen,Central,Home Office,Standard,235.65,3,0.05,671.6,94.02,55.0,3.8
ORD104367,2024-10-25,Clothing,North,Home Office,Express,135.7,3,0.0,407.1,101.78,32.0,4.0
ORD104368,2023-02-24,Beauty,South,Corporate,Standard,11.48,6,0.1,61.99,13.64,57.0,4.6
ORD104369,2024-12-20,Electronics,East,Consumer,Standard,1071.64,2,0.1,1928.95,77.16,55.0,4.5
ORD104370,2023-04-10,Home & Kitchen,Central,Consumer,Express,225.96,4,0.05,858.65,120.21,67.0,3.7
ORD104371,2024-12-09,Sports,South,Consumer,Express,279.46,4,0.05,1061.95,169.91,65.0,
ORD104372,2023-08-30,Books,North,Consumer,Same Day,43.22,3,0.0,129.66,19.45,56.0,4.4
ORD104373,2024-09-04,Home & Kitchen,East,Consumer,Standard,158.45,1,0.05,150.53,21.07,37.0,4.3
ORD104374,2023-08-08,Electronics,South,Consumer,Standard,142.6,1,0.15,121.21,0.0,34.0,3.7
ORD104375,2024-09-26,Home & Kitchen,North,Corporate,Standard,369.76,7,0.0,2588.32,465.9,64.0,4.0
ORD104376,2024-01-18,Beauty,East,Consumer,Standard,12.96,5,0.3,45.36,2.72,37.0,4.8
ORD104377,2023-09-06,Sports,East,Consumer,Standard,20.49,6,0.05,116.79,18.69,18.0,2.7
ORD104378,2023-12-23,Clothing,East,Consumer,Express,104.08,7,0.2,582.85,52.46,20.0,3.7
ORD104379,2023-01-16,Clothing,East,Corporate,Standard,19.15,4,0.2,61.28,5.52,49.0,5.0
ORD104380,2024-05-12,Electronics,Central,Home Office,Standard,800.98,7,0.05,5326.52,426.12,26.0,4.7
ORD104381,2023-07-02,Clothing,West,Consumer,Express,42.53,1,0.05,40.4,8.48,36.0,3.9
ORD104382,2024-05-10,Electronics,East,Corporate,Same Day,1099.56,5,0.1,4948.02,197.92,23.0,3.4
ORD104383,2024-10-28,Clothing,West,Consumer,Standard,75.97,3,0.1,205.12,34.87,69.0,3.9
ORD104384,2023-04-21,Clothing,East,Consumer,Standard,22.65,5,0.05,107.59,22.59,32.0,3.0
ORD104385,2024-02-22,Electronics,South,Home Office,Standard,207.64,4,0.15,705.98,0.0,31.0,4.4
ORD104386,2023-06-13,Clothing,South,Corporate,Standard,140.01,2,0.1,252.02,42.84,18.0,3.8
ORD104387,2023-01-02,Clothing,Central,Consumer,Standard,51.22,4,0.1,184.39,31.35,32.0,4.4
ORD104388,2023-01-10,Home & Kitchen,West,Consumer,Standard,163.02,1,0.15,138.57,8.31,50.0,
ORD104389,2024-08-15,Home & Kitchen,South,Home Office,Standard,365.24,2,0.1,657.43,65.74,28.0,3.1
ORD104390,2023-11-05,Clothing,West,Corporate,Standard,143.99,4,0.1,518.36,88.12,48.0,3.2
ORD104391,2024-12-21,Home & Kitchen,South,Consumer,Standard,15.38,7,0.1,96.89,9.69,65.0,4.1
ORD104392,2023-08-22,Sports,South,Corporate,Standard,45.43,2,0.05,86.32,13.81,61.0,4.2
ORD104393,2024-07-12,Home & Kitchen,North,Consumer,Standard,194.8,2,0.1,350.64,35.06,40.0,5.0
ORD104394,2023-05-31,Sports,East,Home Office,Standard,140.96,7,0.0,986.72,197.34,46.0,3.7
ORD104395,2024-02-23,Sports,East,Consumer,Express,83.92,7,0.05,558.07,89.29,69.0,3.5
ORD104396,2024-07-29,Electronics,East,Corporate,Express,1038.59,2,0.0,2077.18,249.26,43.0,4.6
ORD104397,2024-07-11,Sports,South,Consumer,Standard,265.5,1,0.05,252.22,40.36,26.0,4.9
ORD104398,2023-03-14,Books,North,Consumer,Express,48.42,4,0.1,174.31,12.2,36.0,4.6
ORD104399,2024-10-26,Electronics,Central,Consumer,Standard,1177.57,5,0.0,5887.85,706.54,61.0,3.6
ORD104400,2024-05-08,Electronics,West,Home Office,Standard,815.59,5,0.05,3874.05,309.92,,4.2
ORD104401,2023-07-16,Books,Central,Consumer,Standard,51.36,2,0.0,102.72,15.41,28.0,3.9
ORD104402,2024-10-28,Clothing,East,Consumer,Express,117.99,5,0.15,501.46,65.19,30.0,5.0
ORD104403,2023-02-01,Sports,West,Consumer,Standard,139.45,7,0.0,976.15,195.23,29.0,4.2
ORD104404,2023-01-09,Clothing,North,Consumer,Express,115.68,6,0.0,694.08,173.52,20.0,3.0
ORD104405,2023-01-16,Clothing,West,Corporate,Standard,134.48,3,0.15,342.92,44.58,46.0,3.4
ORD104406,2024-02-12,Books,East,Corporate,Standard,7.25,6,0.1,39.15,2.74,58.0,2.5
ORD104407,2024-12-06,Clothing,West,Consumer,Standard,69.93,4,0.2,223.78,20.14,38.0,2.4
ORD104408,2023-06-15,Sports,North,Corporate,Standard,227.18,6,0.05,1294.93,207.19,22.0,4.1
ORD104409,2024-03-13,Electronics,North,Home Office,Same Day,553.38,4,0.3,1549.46,-185.94,62.0,3.1
ORD104410,2024-12-10,Clothing,South,Consumer,Standard,120.23,3,0.15000000000000002,306.59,39.86,65.0,4.1
ORD104411,2024-10-29,Books,South,Corporate,Express,40.89,2,0.15,69.51,2.09,,5.0
ORD104412,2023-02-14,Electronics,Central,Corporate,Same Day,1103.54,7,0.0,7724.78,926.97,57.0,5.0
ORD104413,2024-06-23,Books,Central,Corporate,Standard,50.68,3,0.1,136.84,9.58,26.0,3.4
ORD104414,2023-08-13,Electronics,Central,Consumer,Standard,377.12,7,0.05,2507.85,200.63,51.0,3.1
ORD104415,2024-07-14,Beauty,North,Consumer,Standard,107.93,3,0.05,307.6,79.98,38.0,5.0
ORD104416,2023-02-26,Clothing,North,Consumer,Standard,51.11,3,0.05,145.66,30.59,68.0,4.1
ORD104417,2024-01-14,Home & Kitchen,East,Home Office,Standard,267.57,2,0.1,481.63,48.16,22.0,4.7
ORD104418,2023-05-03,Sports,North,Consumer,Express,274.05,3,0.1,739.94,88.79,35.0,3.6
ORD104419,2023-01-01,Clothing,East,Consumer,Standard,62.61,2,0.0,125.22,31.3,66.0,4.5
ORD104420,2024-07-03,Home & Kitchen,West,Consumer,Standard,343.71,3,0.0,1031.13,185.6,47.0,5.0
ORD104421,2024-09-20,Sports,South,Consumer,Standard,153.51,3,0.1,414.48,49.74,18.0,3.8
ORD104422,2023-06-05,Electronics,North,Consumer,Standard,103.29,7,0.0,723.03,86.76,22.0,4.3
ORD104423,2023-02-03,Clothing,South,Corporate,Same Day,38.95,4,0.1,140.22,23.84,36.0,4.0
ORD104424,2023-08-10,Electronics,West,Corporate,Standard,207.27,7,0.3,1015.62,-121.87,56.0,3.5
ORD104425,2023-10-22,Electronics,East,Corporate,Standard,216.69,1,0.0,216.69,26.0,54.0,4.6
ORD104426,2024-01-17,Clothing,North,Consumer,Standard,27.07,5,0.0,135.35,33.84,30.0,4.5
ORD104427,2023-06-19,Electronics,West,Consumer,Standard,795.26,5,0.05,3777.48,302.2,,3.3
ORD104428,2023-09-18,Electronics,Central,Consumer,Standard,636.86,7,0.1,4012.22,160.49,28.0,
ORD104429,2024-11-17,Clothing,Central,Consumer,Express,14.87,1,0.15000000000000002,12.64,1.64,22.0,2.9
ORD104430,2023-02-26,Home & Kitchen,North,Consumer,Express,169.97,2,0.0,339.94,61.19,31.0,5.0
ORD104431,2023-05-20,Beauty,South,Home Office,Express,57.27,3,0.3,120.27,7.22,51.0,4.1
ORD104432,2024-06-02,Home & Kitchen,South,Consumer,Standard,33.51,5,0.0,167.55,30.16,18.0,4.5
ORD104433,2024-04-08,Clothing,South,Home Office,Standard,32.52,3,0.0,97.56,24.39,,4.0
ORD104434,2024-03-05,Clothing,West,Consumer,Standard,14.68,3,0.05,41.84,8.79,54.0,5.0
ORD104435,2023-09-01,Clothing,North,Corporate,Standard,36.62,2,0.05,69.58,14.61,23.0,1.9
ORD104436,2023-09-30,Sports,North,Consumer,Standard,251.25,6,0.15,1281.38,102.51,66.0,3.0
ORD104437,2024-06-13,Clothing,East,Corporate,Standard,126.14,3,0.1,340.58,57.9,52.0,
ORD104438,2023-03-25,Home & Kitchen,North,Corporate,Standard,310.42,3,0.2,745.01,14.9,62.0,5.0
ORD104439,2023-09-22,Electronics,West,Consumer,Standard,445.72,5,0.0,2228.6,267.43,36.0,5.0
ORD104440,2024-10-24,Clothing,Central,Consumer,Standard,96.23,5,0.0,481.15,120.29,,5.0
ORD104441,2024-08-29,Home & Kitchen,West,Consumer,Same Day,286.85,6,0.0,1721.1,309.8,61.0,4.4
ORD104442,2023-06-30,Sports,East,Home Office,Express,48.95,7,0.05,325.52,52.08,52.0,3.0
ORD104443,2023-08-28,Clothing,West,Consumer,Express,76.76,5,0.1,345.42,58.72,53.0,4.5
ORD104444,2024-06-30,Home & Kitchen,East,Consumer,Same Day,229.98,3,0.1,620.95,62.09,29.0,3.9
ORD104445,2023-10-28,Clothing,East,Consumer,Standard,24.08,1,0.1,21.67,3.68,27.0,
ORD104446,2024-11-10,Sports,North,Corporate,Standard,171.6,2,0.15000000000000002,291.72,23.34,57.0,4.2
ORD104447,2023-11-09,Sports,West,Corporate,Standard,258.65,3,0.1,698.35,83.8,66.0,2.8
ORD104448,2023-11-26,Sports,Central,Corporate,Standard,91.18,6,0.05,519.73,83.16,42.0,2.1
ORD104449,2024-08-28,Electronics,South,Consumer,Standard,145.07,1,0.15,123.31,0.0,23.0,3.1
ORD104450,2023-03-02,Beauty,South,Corporate,Standard,111.73,2,0.2,178.77,25.03,31.0,4.4
ORD104451,2023-08-19,Beauty,South,Consumer,Standard,58.86,2,0.0,117.72,35.32,68.0,3.8
ORD104452,2024-01-11,Beauty,South,Consumer,Same Day,110.86,2,0.15,188.46,33.92,54.0,4.5
ORD104453,2024-11-18,Home & Kitchen,North,Home Office,Standard,292.85,5,0.15000000000000002,1244.61,74.68,33.0,4.9
ORD104454,2023-01-06,Electronics,Central,Home Office,Standard,483.34,2,0.0,966.68,116.0,49.0,5.0
ORD104455,2024-12-14,Books,North,Corporate,Same Day,14.83,2,0.15000000000000002,25.21,0.76,20.0,3.6
ORD104456,2023-01-16,Beauty,South,Corporate,Standard,35.64,1,0.1,32.08,7.06,53.0,4.1
ORD104457,2024-02-29,Home & Kitchen,North,Consumer,Express,344.55,1,0.15,292.87,17.57,55.0,4.1
ORD104458,2024-01-05,Books,South,Consumer,Standard,17.47,1,0.05,16.6,1.83,40.0,4.0
ORD104459,2024-06-08,Electronics,North,Corporate,Same Day,90.42,1,0.0,90.42,10.85,62.0,4.7
ORD104460,2023-12-19,Home & Kitchen,West,Consumer,Express,138.76,4,0.05,527.29,73.82,23.0,4.5
ORD104461,2024-12-12,Clothing,North,Consumer,Standard,123.22,4,0.15000000000000002,418.95,54.46,27.0,5.0
ORD104462,2023-04-14,Clothing,Central,Corporate,Standard,128.66,3,0.05,366.68,77.0,33.0,4.0
ORD104463,2024-02-09,Electronics,South,Home Office,Standard,985.18,4,0.0,3940.72,472.89,21.0,3.9
ORD104464,2024-01-13,Beauty,North,Home Office,Express,81.44,4,0.0,325.76,97.73,28.0,4.6
ORD104465,2023-02-05,Clothing,East,Consumer,Standard,84.43,6,0.2,405.26,36.47,69.0,4.1
ORD104466,2024-10-08,Clothing,West,Consumer,Standard,144.58,4,0.0,578.32,144.58,31.0,3.4
ORD104467,2023-02-12,Home & Kitchen,East,Consumer,Express,278.15,4,0.1,1001.34,100.13,67.0,5.0
ORD104468,2024-09-17,Beauty,West,Home Office,Standard,104.22,2,0.2,166.75,23.34,68.0,4.1
ORD104469,2023-12-18,Home & Kitchen,East,Consumer,Standard,209.9,6,0.05,1196.43,167.5,51.0,3.6
ORD104470,2023-09-09,Clothing,North,Consumer,Standard,27.72,2,0.0,55.44,13.86,37.0,5.0
ORD104471,2023-06-04,Electronics,North,Consumer,Standard,873.53,5,0.05,4149.27,331.94,31.0,4.3
ORD104472,2024-10-09,Clothing,Central,Corporate,Express,53.74,6,0.15,274.07,35.63,32.0,4.1
ORD104473,2023-01-15,Home & Kitchen,West,Corporate,Standard,392.93,3,0.3,825.15,-49.51,63.0,5.0
ORD104474,2024-01-09,Home & Kitchen,South,Consumer,Standard,138.26,2,0.2,221.22,4.42,63.0,3.7
ORD104475,2023-05-29,Clothing,North,Corporate,Standard,90.21,6,0.1,487.13,82.81,67.0,5.0
ORD104476,2023-05-04,Clothing,South,Corporate,Express,61.54,2,0.1,110.77,18.83,49.0,4.6
ORD104477,2023-12-05,Clothing,South,Home Office,Express,122.88,4,0.05,466.94,98.06,24.0,5.0
ORD104478,2023-07-31,Electronics,Central,Consumer,Express,95.45,2,0.2,152.72,-6.11,60.0,4.3
ORD104479,2024-11-12,Electronics,South,Consumer,Same Day,941.13,5,0.05,4470.37,357.63,30.0,
ORD104480,2023-11-30,Home & Kitchen,Central,Consumer,Express,336.8,3,0.05,959.88,134.38,48.0,3.5
ORD104481,2023-03-18,Electronics,East,Consumer,Express,95.73,5,0.05,454.72,36.38,21.0,4.6
ORD104482,2024-05-28,Electronics,West,Corporate,Standard,627.14,3,0.05,1787.35,142.99,61.0,3.5
ORD104483,2023-03-11,Home & Kitchen,West,Consumer,Express,336.61,4,0.0,1346.44,242.36,45.0,4.3
ORD104484,2024-05-09,Books,South,Consumer,Standard,34.3,3,0.1,92.61,6.48,62.0,4.9
ORD104485,2023-08-13,Clothing,Central,Consumer,Standard,34.65,3,0.0,103.95,25.99,52.0,5.0
ORD104486,2024-10-11,Clothing,East,Corporate,Standard,73.33,2,0.05,139.33,29.26,50.0,4.4
ORD104487,2024-06-29,Electronics,South,Corporate,Standard,835.71,7,0.1,5264.97,210.6,41.0,3.6
ORD104488,2023-12-22,Home & Kitchen,North,Corporate,Standard,243.93,2,0.1,439.07,43.91,43.0,4.1
ORD104489,2023-04-10,Home & Kitchen,East,Corporate,Standard,54.47,7,0.0,381.29,68.63,29.0,4.4
ORD104490,2024-03-24,Electronics,South,Home Office,Express,1146.07,6,0.05,6532.6,522.61,66.0,4.4
ORD104491,2023-10-26,Electronics,East,Consumer,Standard,833.28,1,0.1,749.95,30.0,18.0,4.7
ORD104492,2023-08-04,Home & Kitchen,East,Consumer,Same Day,65.48,2,0.0,130.96,23.57,69.0,4.4
ORD104493,2024-12-11,Sports,East,Consumer,Same Day,239.53,6,0.05,1365.32,218.45,56.0,4.2
ORD104494,2024-07-10,Beauty,East,Consumer,Standard,27.58,1,0.0,27.58,8.27,37.0,4.2
ORD104495,2024-03-30,Beauty,West,Home Office,Express,107.11,7,0.15,637.3,114.71,47.0,3.9
ORD104496,2023-11-09,Electronics,South,Consumer,Standard,1091.0,3,0.1,2945.7,117.83,50.0,3.5
ORD104497,2023-04-19,Books,South,Home Office,Same Day,26.91,2,0.05,51.13,5.62,31.0,5.0
ORD104498,2023-07-09,Electronics,North,Corporate,Standard,824.83,3,0.0,2474.49,296.94,37.0,4.9
ORD104499,2023-12-16,Electronics,East,Consumer,Express,612.46,5,0.05,2909.18,232.73,33.0,3.8
ORD104500,2024-04-19,Books,East,Consumer,Express,39.59,3,0.0,118.77,17.82,62.0,4.1
ORD104501,2023-05-16,Home & Kitchen,South,Consumer,Standard,52.12,2,0.2,83.39,1.67,,4.8
ORD104502,2023-12-14,Home & Kitchen,East,Consumer,Express,242.89,2,0.05,461.49,64.61,64.0,4.2
ORD104503,2024-01-29,Clothing,East,Home Office,Same Day,64.58,4,0.1,232.49,39.52,26.0,3.3
ORD104504,2023-01-27,Electronics,West,Corporate,Standard,455.15,1,0.0,455.15,54.62,22.0,4.9
ORD104505,2024-05-28,Clothing,South,Corporate,Express,50.66,4,0.0,202.64,50.66,28.0,3.0
ORD104506,2024-05-09,Clothing,Central,Consumer,Same Day,80.42,6,0.0,482.52,120.63,67.0,
ORD104507,2024-09-03,Beauty,Central,Consumer,Express,53.74,3,0.0,161.22,48.37,52.0,3.7
ORD104508,2023-02-20,Clothing,Central,Consumer,Standard,146.71,1,0.15,124.7,16.21,42.0,4.5
ORD104509,2024-02-24,Sports,East,Corporate,Express,161.84,1,0.1,145.66,17.48,52.0,5.0
ORD104510,2024-03-11,Beauty,West,Consumer,Standard,53.29,2,0.3,74.61,4.48,22.0,4.2
ORD104511,2024-12-25,Home & Kitchen,West,Consumer,Standard,258.43,2,0.05,491.02,68.74,21.0,3.3
ORD104512,2024-03-10,Books,Central,Consumer,Same Day,17.34,3,0.05,49.42,5.44,44.0,5.0
ORD104513,2023-10-17,Home & Kitchen,Central,Consumer,Standard,274.45,3,0.1,741.02,74.1,38.0,
ORD104514,2023-07-04,Sports,West,Consumer,Same Day,137.52,2,0.1,247.54,29.7,30.0,3.6
ORD104515,2023-12-24,Home & Kitchen,South,Home Office,Standard,376.37,3,0.05,1072.65,150.17,24.0,3.6
ORD104516,2024-12-16,Sports,North,Consumer,Standard,37.73,5,0.05,179.22,28.68,47.0,3.1
ORD104517,2023-04-22,Home & Kitchen,East,Corporate,Express,348.89,7,0.0,2442.23,439.6,57.0,3.9
ORD104518,2023-08-08,Clothing,Central,Home Office,Standard,34.71,5,0.3,121.48,1.21,61.0,3.7
ORD104519,2023-12-04,Home & Kitchen,North,Consumer,Standard,179.32,3,0.05,511.06,71.55,,4.0
ORD104520,2023-11-08,Sports,South,Consumer,Standard,17.4,7,0.05,115.71,18.51,66.0,
ORD104521,2024-12-04,Home & Kitchen,West,Corporate,Same Day,267.15,3,0.15000000000000002,681.23,40.87,44.0,3.6
ORD104522,2024-09-09,Electronics,North,Consumer,Same Day,159.57,6,0.15,813.81,0.0,27.0,3.7
ORD104523,2024-10-20,Clothing,South,Consumer,Standard,111.33,6,0.1,601.18,102.2,34.0,4.4
ORD104524,2023-07-28,Home & Kitchen,East,Consumer,Express,205.24,1,0.0,205.24,36.94,,2.6
ORD104525,2024-06-05,Clothing,South,Consumer,Standard,89.43,1,0.05,84.96,17.84,18.0,2.9
ORD104526,2024-05-14,Clothing,Central,Consumer,Express,145.39,3,0.0,436.17,109.04,33.0,5.0
ORD104527,2024-10-17,Electronics,South,Consumer,Express,141.65,1,0.3,99.16,-11.9,38.0,4.8
ORD104528,2023-07-02,Electronics,North,Consumer,Standard,1068.43,5,0.1,4807.94,192.32,51.0,5.0
ORD104529,2023-11-01,Clothing,North,Consumer,Express,138.21,3,0.15000000000000002,352.44,45.82,32.0,3.9
ORD104530,2023-06-19,Home & Kitchen,North,Corporate,Express,191.06,5,0.1,859.77,85.98,34.0,3.8
ORD104531,2024-09-07,Beauty,West,Consumer,Standard,13.94,7,0.0,97.58,29.27,47.0,3.9
ORD104532,2023-10-25,Beauty,Central,Home Office,Express,107.05,4,0.1,385.38,84.78,60.0,2.5
ORD104533,2024-03-26,Home & Kitchen,West,Corporate,Standard,124.93,4,0.1,449.75,44.97,36.0,3.8
ORD104534,2024-01-12,Clothing,South,Home Office,Express,74.43,6,0.05,424.25,89.09,42.0,3.7
ORD104535,2024-05-28,Clothing,North,Corporate,Standard,67.45,4,0.0,269.8,67.45,59.0,4.7
ORD104536,2023-10-13,Electronics,West,Consumer,Standard,910.07,4,0.0,3640.28,436.83,69.0,4.2
ORD104537,2023-08-03,Beauty,Central,Corporate,Express,116.48,4,0.3,326.14,19.57,22.0,4.5
ORD104538,2024-04-07,Books,Central,Home Office,Same Day,41.19,1,0.0,41.19,6.18,18.0,4.3
ORD104539,2023-11-18,Clothing,South,Corporate,Standard,96.15,7,0.15000000000000002,572.09,74.37,20.0,4.6
ORD104540,2023-07-29,Home & Kitchen,East,Home Office,Standard,281.14,4,0.0,1124.56,202.42,41.0,4.6
ORD104541,2024-10-30,Clothing,West,Corporate,Standard,52.18,7,0.2,292.21,26.3,29.0,3.2
ORD104542,2024-01-09,Clothing,Central,Consumer,Express,60.79,5,0.15,258.36,33.59,50.0,4.2
ORD104543,2024-03-23,Home & Kitchen,Central,Corporate,Standard,277.75,6,0.05,1583.18,221.65,37.0,4.3
ORD104544,2023-05-30,Home & Kitchen,North,Corporate,Express,310.77,1,0.15,264.15,15.85,32.0,4.6
ORD104545,2024-01-24,Clothing,West,Corporate,Standard,81.06,1,0.2,64.85,5.84,54.0,3.6
ORD104546,2024-07-29,Books,West,Consumer,Express,11.43,6,0.05,65.15,7.17,54.0,4.2
ORD104547,2023-12-05,Books,North,Consumer,Standard,14.5,3,0.2,34.8,-0.35,63.0,4.1
ORD104548,2024-01-22,Clothing,North,Home Office,Standard,32.29,4,0.2,103.33,9.3,42.0,4.9
ORD104549,2024-03-23,Clothing,Central,Consumer,Standard,95.66,4,0.1,344.38,58.54,19.0,4.4
ORD104550,2023-09-02,Books,West,Consumer,Same Day,30.53,3,0.0,91.59,13.74,51.0,3.4
ORD104551,2024-06-13,Clothing,Central,Consumer,Standard,12.33,5,0.1,55.48,9.43,48.0,4.4
ORD104552,2024-07-04,Sports,East,Corporate,Standard,28.51,4,0.3,79.83,-3.19,29.0,4.1
ORD104553,2023-04-27,Clothing,South,Consumer,Standard,106.93,2,0.15,181.78,23.63,35.0,5.0
ORD104554,2024-06-25,Home & Kitchen,Central,Home Office,Standard,264.73,3,0.2,635.35,12.71,31.0,4.8
ORD104555,2023-09-10,Electronics,North,Home Office,Standard,425.96,1,0.15,362.07,0.0,24.0,3.6
ORD104556,2024-10-15,Home & Kitchen,North,Home Office,Standard,258.75,5,0.1,1164.38,116.44,33.0,3.6
ORD104557,2024-03-30,Home & Kitchen,Central,Consumer,Standard,108.6,1,0.15,92.31,5.54,38.0,4.6
ORD104558,2023-04-24,Clothing,North,Consumer,Standard,58.58,5,0.2,234.32,21.09,53.0,3.4
ORD104559,2023-11-04,Sports,East,Corporate,Express,203.63,4,0.05,773.79,123.81,51.0,5.0
ORD104560,2024-09-30,Sports,South,Consumer,Standard,289.92,2,0.05,550.85,88.14,27.0,3.3
ORD104561,2023-08-15,Clothing,South,Corporate,Express,66.95,4,0.1,241.02,40.97,,3.7
ORD104562,2024-11-13,Clothing,West,Consumer,Standard,129.53,4,0.05,492.21,103.36,24.0,2.1
ORD104563,2024-08-29,Books,Central,Corporate,Standard,38.99,3,0.0,116.97,17.55,24.0,4.8
ORD104564,2023-12-04,Books,West,Corporate,Standard,37.18,3,0.05,105.96,11.66,50.0,3.6
ORD104565,2023-09-21,Clothing,North,Consumer,Express,88.05,1,0.15,74.84,9.73,65.0,3.8
ORD104566,2024-12-26,Books,South,Consumer,Express,50.03,2,0.1,90.05,6.3,48.0,3.7
ORD104567,2023-10-16,Books,South,Consumer,Standard,51.66,2,0.1,92.99,6.51,65.0,4.2
ORD104568,2024-09-04,Books,West,Consumer,Same Day,47.61,7,0.05,316.61,34.83,35.0,3.2
ORD104569,2023-06-11,Sports,Central,Corporate,Standard,114.39,1,0.0,114.39,22.88,68.0,3.3
ORD104570,2024-05-24,Electronics,South,Corporate,Express,751.08,4,0.05,2854.1,228.33,18.0,4.0
ORD104571,2023-05-18,Beauty,West,Consumer,Standard,21.21,7,0.0,148.47,44.54,58.0,3.3
ORD104572,2023-11-02,Electronics,Central,Consumer,Standard,1043.76,2,0.1,1878.77,75.15,53.0,5.0
ORD104573,2023-01-25,Books,Central,Home Office,Standard,40.88,1,0.05,38.84,4.27,64.0,3.9
ORD104574,2023-06-16,Electronics,Central,Home Office,Standard,296.26,4,0.0,1185.04,142.2,22.0,5.0
ORD104575,2023-12-13,Books,North,Corporate,Standard,49.62,3,0.1,133.97,9.38,47.0,4.0
ORD104576,2023-07-21,Electronics,West,Consumer,Standard,623.56,1,0.1,561.2,22.45,39.0,3.9
ORD104577,2024-06-02,Home & Kitchen,South,Consumer,Standard,72.17,2,0.0,144.34,25.98,41.0,5.0
ORD104578,2023-05-06,Sports,West,Consumer,Express,279.66,7,0.1,1761.86,211.42,18.0,4.2
ORD104579,2024-03-25,Electronics,South,Consumer,Standard,293.74,2,0.05,558.11,44.65,53.0,3.3
ORD104580,2023-08-23,Sports,East,Home Office,Standard,28.52,4,0.1,102.67,12.32,19.0,2.9
ORD104581,2024-03-10,Home & Kitchen,North,Consumer,Express,246.64,3,0.1,665.93,66.59,39.0,4.8
ORD104582,2023-02-06,Books,Central,Home Office,Standard,59.54,6,0.1,321.52,22.51,69.0,4.9
ORD104583,2024-06-02,Clothing,Central,Corporate,Standard,142.07,2,0.0,284.14,71.04,67.0,
ORD104584,2023-02-14,Books,Central,Corporate,Standard,42.33,5,0.0,211.65,31.75,,3.8
ORD104585,2023-05-20,Electronics,South,Corporate,Standard,515.0,4,0.0,2060.0,247.2,20.0,3.3
ORD104586,2023-09-15,Home & Kitchen,East,Consumer,Standard,264.6,6,0.3,1111.32,-66.68,66.0,4.4
ORD104587,2023-12-18,Beauty,East,Consumer,Same Day,118.66,2,0.1,213.59,46.99,56.0,4.6
ORD104588,2024-03-24,Beauty,South,Corporate,Express,86.4,1,0.05,82.08,21.34,50.0,3.5
ORD104589,2024-11-05,Beauty,Central,Consumer,Express,67.99,5,0.2,271.96,38.07,33.0,4.2
ORD104590,2024-03-22,Beauty,Central,Home Office,Express,63.29,3,0.0,189.87,56.96,30.0,4.9
ORD104591,2024-09-05,Books,North,Home Office,Express,45.03,6,0.2,216.14,-2.16,38.0,4.9
ORD104592,2023-01-02,Beauty,West,Consumer,Standard,18.09,4,0.0,72.36,21.71,61.0,4.0
ORD104593,2024-03-20,Sports,North,Home Office,Express,258.58,4,0.05,982.6,157.22,68.0,
ORD104594,2024-09-21,Electronics,South,Consumer,Same Day,704.29,2,0.0,1408.58,169.03,19.0,4.8
ORD104595,2023-04-25,Home & Kitchen,North,Consumer,Standard,184.5,5,0.1,830.25,83.02,59.0,4.2
ORD104596,2023-08-11,Books,North,Consumer,Standard,36.41,6,0.2,174.77,-1.75,44.0,5.0
ORD104597,2024-07-27,Beauty,Central,Consumer,Standard,80.29,4,0.05,305.1,79.33,53.0,5.0
ORD104598,2023-02-15,Electronics,South,Consumer,Express,784.29,5,0.05,3725.38,298.03,41.0,3.5
ORD104599,2024-04-20,Electronics,East,Home Office,Standard,1154.86,7,0.15,6871.42,0.0,52.0,4.6
ORD104600,2024-11-23,Electronics,West,Home Office,Same Day,560.65,6,0.2,2691.12,-107.64,25.0,4.0
ORD104601,2023-11-25,Beauty,North,Consumer,Same Day,16.35,3,0.05,46.6,12.12,39.0,3.9
ORD104602,2024-05-25,Books,East,Consumer,Same Day,35.75,5,0.2,143.0,-1.43,31.0,4.9
ORD104603,2023-07-18,Beauty,East,Consumer,Express,93.78,5,0.1,422.01,92.84,33.0,3.4
ORD104604,2023-03-24,Clothing,Central,Consumer,Standard,126.42,2,0.05,240.2,50.44,64.0,3.4
ORD104605,2023-10-16,Books,North,Consumer,Standard,48.41,4,0.0,193.64,29.05,60.0,
ORD104606,2024-09-22,Electronics,West,Consumer,Standard,870.55,1,0.1,783.5,31.34,,4.1
ORD104607,2023-02-03,Books,West,Consumer,Standard,27.74,4,0.0,110.96,16.64,32.0,3.9
ORD104608,2023-05-20,Electronics,North,Home Office,Standard,1195.01,4,0.15,4063.03,0.0,35.0,2.6
ORD104609,2023-04-20,Home & Kitchen,West,Consumer,Express,315.04,1,0.0,315.04,56.71,66.0,4.9
ORD104610,2024-03-21,Books,South,Corporate,Standard,55.11,1,0.0,55.11,8.27,66.0,3.7
ORD104611,2024-11-15,Electronics,South,Corporate,Standard,743.98,7,0.1,4687.07,187.48,43.0,
ORD104612,2023-07-18,Electronics,East,Consumer,Same Day,543.66,6,0.05,3098.86,247.91,25.0,3.5
ORD104613,2023-08-18,Electronics,South,Corporate,Express,411.47,3,0.0,1234.41,148.13,68.0,4.7
ORD104614,2023-04-18,Sports,South,Home Office,Same Day,218.69,4,0.05,831.02,132.96,52.0,4.0
ORD104615,2023-01-12,Home & Kitchen,East,Home Office,Standard,293.18,5,0.1,1319.31,131.93,28.0,
ORD104616,2024-01-11,Home & Kitchen,West,Corporate,Standard,351.65,7,0.1,2215.4,221.54,37.0,
ORD104617,2024-07-18,Electronics,North,Home Office,Express,171.68,6,0.3,721.06,-86.53,62.0,4.3
ORD104618,2023-06-01,Books,Central,Consumer,Standard,36.25,2,0.15,61.62,1.85,53.0,3.8
ORD104619,2023-03-13,Beauty,South,Corporate,Standard,18.41,5,0.15,78.24,14.08,27.0,2.8
ORD104620,2023-12-27,Home & Kitchen,Central,Corporate,Standard,225.27,2,0.15000000000000002,382.96,22.98,44.0,2.8
ORD104621,2024-07-29,Books,West,Corporate,Same Day,53.11,4,0.2,169.95,-1.7,36.0,3.4
ORD104622,2023-10-27,Books,South,Consumer,Standard,38.15,4,0.05,144.97,15.95,37.0,3.5
ORD104623,2024-12-26,Sports,North,Consumer,Standard,265.01,1,0.05,251.76,40.28,60.0,3.2
ORD104624,2023-08-01,Electronics,East,Home Office,Express,649.11,5,0.1,2921.0,116.84,59.0,4.1
ORD104625,2023-05-20,Sports,Central,Consumer,Standard,228.03,4,0.1,820.91,98.51,28.0,3.5
ORD104626,2024-03-20,Home & Kitchen,West,Corporate,Same Day,366.36,6,0.0,2198.16,395.67,54.0,3.8
ORD104627,2023-01-19,Beauty,East,Consumer,Express,95.16,1,0.0,95.16,28.55,19.0,3.9
ORD104628,2024-11-27,Beauty,East,Corporate,Express,15.61,7,0.1,98.34,21.63,61.0,4.8
ORD104629,2023-08-08,Clothing,North,Consumer,Standard,55.21,1,0.0,55.21,13.8,69.0,3.8
ORD104630,2023-01-27,Beauty,East,Consumer,Same Day,36.06,7,0.2,201.94,28.27,44.0,3.1
ORD104631,2023-08-14,Sports,South,Consumer,Express,102.0,3,0.05,290.7,46.51,26.0,2.9
ORD104632,2023-08-14,Clothing,South,Consumer,Same Day,123.54,7,0.2,691.82,62.26,54.0,4.8
ORD104633,2024-02-22,Electronics,Central,Consumer,Standard,72.29,4,0.2,231.33,-9.25,30.0,3.4
ORD104634,2023-01-06,Sports,North,Corporate,Standard,155.52,4,0.3,435.46,-17.42,60.0,4.0
ORD104635,2023-10-24,Electronics,Central,Corporate,Standard,870.96,5,0.2,3483.84,-139.35,36.0,3.8
ORD104636,2023-11-05,Home & Kitchen,East,Home Office,Standard,298.08,1,0.15000000000000002,253.37,15.2,40.0,5.0
ORD104637,2024-12-17,Electronics,Central,Corporate,Standard,863.68,3,0.25,1943.28,-155.46,51.0,3.8
ORD104638,2024-06-16,Beauty,West,Consumer,Standard,100.13,3,0.1,270.35,59.48,23.0,4.1
ORD104639,2023-07-21,Home & Kitchen,East,Corporate,Standard,340.07,1,0.1,306.06,30.61,36.0,3.6
ORD104640,2023-07-30,Electronics,Central,Corporate,Same Day,986.45,4,0.0,3945.8,473.5,46.0,3.6
ORD104641,2023-08-27,Home & Kitchen,East,Corporate,Standard,255.78,2,0.0,511.56,92.08,54.0,4.1
ORD104642,2024-01-16,Beauty,South,Consumer,Standard,82.45,7,0.0,577.15,173.14,49.0,5.0
ORD104643,2023-11-13,Sports,Central,Consumer,Standard,271.05,1,0.05,257.5,41.2,24.0,4.6
ORD104644,2024-11-24,Electronics,North,Home Office,Same Day,937.68,4,0.2,3000.58,-120.02,44.0,4.0
ORD104645,2024-08-28,Clothing,South,Corporate,Express,107.47,7,0.15,639.45,83.13,30.0,4.5
ORD104646,2024-04-02,Books,East,Consumer,Same Day,7.56,4,0.1,27.22,1.91,39.0,4.3
ORD104647,2023-07-11,Clothing,North,Consumer,Standard,119.28,5,0.2,477.12,42.94,46.0,
ORD104648,2023-09-21,Clothing,South,Consumer,Standard,117.57,5,0.0,587.85,146.96,19.0,4.2
ORD104649,2024-04-20,Clothing,South,Consumer,Standard,136.81,1,0.0,136.81,34.2,64.0,2.9
ORD104650,2023-09-19,Electronics,North,Corporate,Express,164.3,6,0.0,985.8,118.3,42.0,3.7
ORD104651,2024-10-18,Clothing,North,Consumer,Standard,70.11,1,0.05,66.6,13.99,53.0,4.2
ORD104652,2023-02-05,Sports,West,Home Office,Express,47.39,3,0.15,120.84,9.67,39.0,4.7
ORD104653,2024-09-17,Clothing,Central,Corporate,Standard,12.95,5,0.15,55.04,7.16,34.0,5.0
ORD104654,2023-01-15,Electronics,South,Consumer,Standard,234.76,7,0.15,1396.82,0.0,69.0,3.5
ORD104655,2024-10-24,Electronics,South,Corporate,Standard,444.39,2,0.05,844.34,67.55,45.0,3.8
ORD104656,2023-12-13,Beauty,East,Consumer,Standard,7.01,4,0.05,26.64,6.93,51.0,5.0
ORD104657,2024-12-24,Beauty,North,Consumer,Standard,55.21,5,0.1,248.45,54.66,69.0,4.5
ORD104658,2023-04-17,Electronics,West,Corporate,Standard,829.13,1,0.05,787.67,63.01,20.0,3.5
ORD104659,2023-09-17,Electronics,North,Consumer,Standard,502.09,7,0.1,3163.17,126.53,32.0,4.0
ORD104660,2024-01-25,Beauty,South,Corporate,Express,15.41,2,0.05,29.28,7.61,63.0,3.1
ORD104661,2024-10-31,Books,South,Home Office,Standard,30.52,5,0.15,129.71,3.89,41.0,3.6
ORD104662,2024-07-25,Home & Kitchen,East,Consumer,Standard,148.0,5,0.1,666.0,66.6,66.0,3.1
ORD104663,2024-04-27,Beauty,South,Consumer,Express,48.22,2,0.1,86.8,19.1,33.0,3.6
ORD104664,2023-10-29,Beauty,North,Consumer,Standard,107.09,7,0.05,712.15,185.16,38.0,4.1
ORD104665,2024-10-19,Clothing,East,Consumer,Standard,97.55,2,0.0,195.1,48.78,32.0,3.7
ORD104666,2023-03-26,Clothing,North,Consumer,Standard,67.07,1,0.05,63.72,13.38,47.0,3.8
ORD104667,2023-01-10,Electronics,South,Consumer,Express,1014.31,1,0.2,811.45,-32.46,66.0,5.0
ORD104668,2023-11-27,Electronics,West,Home Office,Express,428.69,5,0.15000000000000002,1821.93,-0.0,52.0,5.0
ORD104669,2023-03-04,Sports,East,Consumer,Standard,11.66,3,0.05,33.23,5.32,43.0,3.7
ORD104670,2024-07-17,Home & Kitchen,East,Consumer,Standard,187.21,5,0.3,655.24,-39.31,60.0,
ORD104671,2024-07-12,Clothing,South,Consumer,Same Day,112.67,3,0.05,321.11,67.43,60.0,4.3
ORD104672,2023-01-05,Clothing,East,Consumer,Standard,107.13,7,0.0,749.91,187.48,52.0,3.5
ORD104673,2023-06-08,Home & Kitchen,East,Corporate,Standard,211.24,1,0.1,190.12,19.01,37.0,2.7
ORD104674,2023-05-11,Clothing,East,Corporate,Express,145.77,5,0.1,655.96,111.51,59.0,2.0
ORD104675,2024-08-19,Home & Kitchen,North,Corporate,Standard,17.58,3,0.1,47.47,4.75,26.0,4.3
ORD104676,2024-12-17,Clothing,Central,Home Office,Same Day,125.22,3,0.05,356.88,74.94,31.0,3.3
ORD104677,2024-06-30,Beauty,South,Consumer,Standard,62.51,3,0.1,168.78,37.13,35.0,4.1
ORD104678,2024-07-08,Electronics,West,Consumer,Express,573.57,4,0.0,2294.28,275.31,58.0,4.3
ORD104679,2023-02-27,Beauty,East,Consumer,Same Day,18.56,1,0.15,15.78,2.84,48.0,4.9
ORD104680,2024-11-13,Sports,Central,Corporate,Express,22.82,3,0.2,54.77,2.19,,3.5
ORD104681,2023-04-08,Clothing,Central,Consumer,Standard,44.96,4,0.0,179.84,44.96,20.0,
ORD104682,2023-08-16,Clothing,South,Corporate,Express,35.43,4,0.1,127.55,21.68,18.0,4.3
ORD104683,2024-10-02,Home & Kitchen,East,Consumer,Standard,94.64,1,0.1,85.18,8.52,50.0,3.1
ORD104684,2023-01-09,Books,East,Consumer,Express,30.6,4,0.0,122.4,18.36,43.0,5.0
ORD104685,2023-03-19,Clothing,West,Consumer,Express,99.66,5,0.15,423.55,55.06,53.0,4.4
ORD104686,2024-09-01,Home & Kitchen,South,Corporate,Standard,121.2,2,0.0,242.4,43.63,20.0,4.2
ORD104687,2024-07-30,Clothing,North,Corporate,Standard,126.45,1,0.15,107.48,13.97,58.0,4.5
ORD104688,2023-07-13,Books,South,Corporate,Express,35.95,6,0.15,183.34,5.5,61.0,2.6
ORD104689,2024-02-16,Books,North,Home Office,Express,12.25,1,0.15,10.41,0.31,50.0,2.9
ORD104690,2023-05-05,Electronics,South,Home Office,Standard,748.05,4,0.05,2842.59,227.41,39.0,5.0
ORD104691,2024-06-02,Books,West,Consumer,Express,55.38,4,0.05,210.44,23.15,61.0,4.1
ORD104692,2024-10-26,Books,Central,Home Office,Standard,24.15,2,0.0,48.3,7.24,37.0,4.0
ORD104693,2024-09-17,Clothing,Central,Home Office,Standard,14.84,2,0.05,28.2,5.92,60.0,5.0
ORD104694,2024-10-19,Sports,West,Corporate,Standard,106.9,7,0.0,748.3,149.66,62.0,4.5
ORD104695,2024-04-22,Sports,West,Consumer,Standard,228.93,7,0.2,1282.01,51.28,62.0,4.3
ORD104696,2024-08-14,Electronics,South,Consumer,Standard,689.16,3,0.1,1860.73,74.43,37.0,4.0
ORD104697,2023-01-20,Electronics,South,Consumer,Standard,861.96,4,0.3,2413.49,-289.62,46.0,4.8
ORD104698,2023-11-01,Clothing,Central,Consumer,Standard,138.3,5,0.2,553.2,49.79,30.0,4.3
ORD104699,2024-08-06,Books,West,Home Office,Standard,31.44,1,0.0,31.44,4.72,21.0,3.9
ORD104700,2024-10-02,Books,North,Consumer,Standard,35.27,3,0.0,105.81,15.87,22.0,4.4
ORD104701,2024-01-05,Electronics,South,Corporate,Standard,954.65,4,0.0,3818.6,458.23,48.0,
ORD104702,2024-11-29,Clothing,Central,Corporate,Standard,51.22,1,0.15000000000000002,43.54,5.66,66.0,3.7
ORD104703,2023-03-23,Sports,Central,Corporate,Express,119.15,1,0.05,113.19,18.11,57.0,3.6
ORD104704,2023-02-16,Home & Kitchen,East,Corporate,Standard,284.99,1,0.1,256.49,25.65,61.0,5.0
ORD104705,2023-01-22,Home & Kitchen,East,Corporate,Same Day,318.05,7,0.0,2226.35,400.74,67.0,3.4
ORD104706,2023-09-18,Home & Kitchen,North,Corporate,Standard,134.34,6,0.15,685.13,41.11,23.0,3.9
ORD104707,2024-03-19,Home & Kitchen,South,Corporate,Standard,354.47,4,0.0,1417.88,255.22,66.0,3.8
ORD104708,2023-08-17,Electronics,South,Consumer,Standard,1175.7,6,0.0,7054.2,846.5,32.0,4.3
ORD104709,2024-06-16,Home & Kitchen,Central,Consumer,Standard,366.93,4,0.2,1174.18,23.48,46.0,3.2
ORD104710,2024-03-20,Beauty,East,Consumer,Express,12.61,4,0.05,47.92,12.46,55.0,5.0
ORD104711,2023-05-15,Beauty,South,Consumer,Standard,55.64,6,0.2,267.07,37.39,67.0,3.5
ORD104712,2023-03-21,Beauty,East,Consumer,Standard,117.13,4,0.1,421.67,92.77,19.0,4.0
ORD104713,2023-08-31,Electronics,East,Consumer,Standard,409.04,7,0.1,2576.95,103.08,63.0,3.4
ORD104714,2023-02-01,Beauty,South,Consumer,Express,30.87,4,0.05,117.31,30.5,28.0,3.1
ORD104715,2024-12-02,Home & Kitchen,East,Consumer,Standard,381.83,5,0.05,1813.69,253.92,38.0,5.0
ORD104716,2023-04-27,Beauty,South,Home Office,Standard,73.61,6,0.0,441.66,132.5,55.0,3.5
ORD104717,2023-05-23,Beauty,North,Corporate,Standard,5.91,5,0.05,28.07,7.3,59.0,3.9
ORD104718,2024-05-14,Electronics,East,Consumer,Express,329.59,7,0.0,2307.13,276.86,52.0,3.4
ORD104719,2024-04-12,Sports,South,Consumer,Standard,63.51,4,0.3,177.83,-7.11,23.0,3.3
ORD104720,2023-07-28,Sports,Central,Consumer,Same Day,200.22,1,0.0,200.22,40.04,69.0,4.4
ORD104721,2024-06-08,Books,South,Consumer,Standard,31.67,5,0.0,158.35,23.75,36.0,3.7
ORD104722,2024-02-20,Electronics,North,Consumer,Standard,335.51,4,0.0,1342.04,161.04,37.0,3.8
ORD104723,2023-09-20,Beauty,Central,Corporate,Standard,86.59,5,0.05,411.3,106.94,22.0,4.5
ORD104724,2023-07-18,Home & Kitchen,North,Home Office,Express,386.11,5,0.0,1930.55,347.5,51.0,3.9
ORD104725,2023-11-20,Electronics,East,Consumer,Standard,785.27,5,0.2,3141.08,-125.64,48.0,3.5
ORD104726,2024-12-05,Electronics,Central,Corporate,Express,306.29,2,0.1,551.32,22.05,60.0,2.6
ORD104727,2024-10-30,Home & Kitchen,South,Corporate,Express,322.21,6,0.2,1546.61,30.93,55.0,3.5
ORD104728,2024-06-29,Clothing,West,Corporate,Same Day,62.95,4,0.2,201.44,18.13,35.0,3.2
ORD104729,2023-11-11,Home & Kitchen,West,Consumer,Express,273.73,7,0.05,1820.3,254.84,37.0,2.9
ORD104730,2023-04-16,Books,Central,Consumer,Express,30.13,5,0.15,128.05,3.84,46.0,4.0
ORD104731,2023-05-01,Sports,East,Consumer,Standard,195.03,7,0.15,1160.43,92.83,35.0,3.3
ORD104732,2023-10-03,Books,Central,Consumer,Standard,30.24,7,0.05,201.1,22.12,35.0,3.4
ORD104733,2023-09-29,Sports,East,Consumer,Standard,251.8,3,0.1,679.86,81.58,68.0,3.5
ORD104734,2023-05-25,Electronics,West,Corporate,Express,350.73,3,0.0,1052.19,126.26,24.0,5.0
ORD104735,2023-03-11,Beauty,East,Home Office,Standard,41.34,6,0.15,210.83,37.95,58.0,5.0
ORD104736,2023-08-25,Clothing,West,Consumer,Standard,18.13,5,0.05,86.12,18.09,40.0,
ORD104737,2023-09-14,Clothing,West,Consumer,Express,38.37,1,0.1,34.53,5.87,55.0,3.1
ORD104738,2023-06-22,Electronics,South,Consumer,Standard,61.27,7,0.05,407.45,32.6,38.0,4.7
ORD104739,2023-08-06,Clothing,Central,Corporate,Express,88.94,1,0.1,80.05,13.61,31.0,3.3
ORD104740,2023-12-07,Books,East,Consumer,Standard,54.43,2,0.2,87.09,-0.87,40.0,3.2
ORD104741,2023-08-16,Sports,Central,Consumer,Standard,273.8,4,0.05,1040.44,166.47,68.0,3.7
ORD104742,2023-05-25,Electronics,North,Consumer,Express,1106.5,3,0.0,3319.5,398.34,61.0,5.0
ORD104743,2023-12-10,Electronics,South,Consumer,Standard,1114.31,4,0.2,3565.79,-142.63,53.0,5.0
ORD104744,2024-10-08,Sports,North,Consumer,Standard,197.38,7,0.05,1312.58,210.01,44.0,3.5
ORD104745,2023-06-03,Home & Kitchen,South,Consumer,Express,310.95,3,0.1,839.56,83.96,39.0,3.5
ORD104746,2024-02-06,Electronics,South,Consumer,Standard,157.19,7,0.05,1045.31,83.62,64.0,5.0
ORD104747,2024-06-28,Home & Kitchen,South,Corporate,Standard,301.33,2,0.05,572.53,80.15,29.0,4.1
ORD104748,2024-03-22,Sports,West,Home Office,Same Day,161.76,3,0.1,436.75,52.41,38.0,5.0
ORD104749,2023-05-16,Electronics,South,Corporate,Standard,76.95,7,0.0,538.65,64.64,61.0,4.7
ORD104750,2023-11-06,Home & Kitchen,North,Corporate,Express,206.92,3,0.25,465.57,-9.31,49.0,4.2
ORD104751,2024-02-29,Beauty,North,Corporate,Standard,57.8,2,0.05,109.82,28.55,48.0,4.8
ORD104752,2024-12-10,Home & Kitchen,Central,Corporate,Express,175.45,1,0.05,166.68,23.34,30.0,2.7
ORD104753,2023-10-15,Electronics,East,Consumer,Express,619.18,1,0.0,619.18,74.3,43.0,4.8
ORD104754,2024-10-25,Home & Kitchen,South,Corporate,Express,293.32,1,0.0,293.32,52.8,27.0,5.0
ORD104755,2023-03-18,Home & Kitchen,East,Consumer,Standard,206.95,4,0.15,703.63,42.22,22.0,4.3
ORD104756,2023-07-20,Electronics,East,Consumer,Standard,769.87,6,0.05,4388.26,351.06,40.0,4.6
ORD104757,2023-05-23,Electronics,East,Corporate,Standard,525.31,2,0.0,1050.62,126.07,37.0,3.8
ORD104758,2024-07-06,Electronics,North,Consumer,Same Day,462.14,7,0.0,3234.98,388.2,66.0,3.9
ORD104759,2024-07-12,Books,North,Corporate,Express,24.74,2,0.05,47.01,5.17,27.0,3.9
ORD104760,2023-04-22,Clothing,East,Consumer,Standard,125.78,4,0.0,503.12,125.78,34.0,4.2
ORD104761,2024-06-12,Clothing,Central,Consumer,Same Day,20.63,6,0.1,111.4,18.94,40.0,4.4
ORD104762,2023-10-31,Electronics,South,Corporate,Express,274.47,4,0.3,768.52,-92.22,49.0,4.1
ORD104763,2024-04-15,Clothing,Central,Consumer,Standard,47.82,1,0.05,45.43,9.54,62.0,3.9
ORD104764,2024-04-06,Electronics,North,Home Office,Standard,269.1,7,0.1,1695.33,67.81,19.0,4.3
ORD104765,2023-08-13,Clothing,South,Consumer,Express,66.5,6,0.0,399.0,99.75,38.0,4.1
ORD104766,2023-02-15,Home & Kitchen,West,Corporate,Express,382.87,1,0.3,268.01,-16.08,43.0,3.9
ORD104767,2023-02-19,Clothing,South,Consumer,Standard,82.33,2,0.0,164.66,41.16,30.0,5.0
ORD104768,2024-05-13,Sports,Central,Consumer,Standard,292.73,3,0.0,878.19,175.64,19.0,4.0
ORD104769,2024-04-15,Clothing,South,Corporate,Standard,16.87,3,0.1,45.55,7.74,31.0,4.5
ORD104770,2023-11-13,Books,Central,Corporate,Standard,46.0,1,0.2,36.8,-0.37,54.0,
ORD104771,2023-08-16,Home & Kitchen,North,Corporate,Express,296.2,5,0.1,1332.9,133.29,67.0,4.7
ORD104772,2023-01-31,Beauty,West,Corporate,Express,34.68,2,0.2,55.49,7.77,49.0,5.0
ORD104773,2024-01-06,Electronics,East,Corporate,Standard,1075.43,4,0.2,3441.38,-137.66,57.0,1.2
ORD104774,2023-12-18,Home & Kitchen,South,Consumer,Express,236.37,2,0.15000000000000002,401.83,24.11,35.0,4.8
ORD104775,2024-12-28,Electronics,Central,Consumer,Standard,453.77,7,0.1,2858.75,114.35,45.0,4.0
ORD104776,2024-02-05,Home & Kitchen,East,Consumer,Express,170.35,5,0.0,851.75,153.32,61.0,4.5
ORD104777,2023-04-09,Sports,South,Corporate,Standard,268.37,4,0.2,858.78,34.35,49.0,3.5
ORD104778,2024-08-06,Clothing,South,Home Office,Standard,56.85,7,0.0,397.95,99.49,67.0,4.1
ORD104779,2023-11-27,Sports,East,Corporate,Same Day,82.84,6,0.2,397.63,15.91,48.0,3.6
ORD104780,2023-04-30,Home & Kitchen,East,Consumer,Standard,181.78,7,0.05,1208.84,169.24,61.0,4.5
ORD104781,2024-11-13,Electronics,West,Home Office,Standard,433.74,5,0.1,1951.83,78.07,43.0,4.1
ORD104782,2023-12-25,Sports,South,Corporate,Standard,218.11,4,0.1,785.2,94.22,29.0,3.1
ORD104783,2024-11-01,Home & Kitchen,North,Consumer,Express,395.88,3,0.1,1068.88,106.89,50.0,4.3
ORD104784,2024-01-09,Electronics,Central,Consumer,Standard,619.12,7,0.0,4333.84,520.06,31.0,
ORD104785,2023-07-12,Home & Kitchen,South,Home Office,Same Day,218.04,3,0.0,654.12,117.74,62.0,3.3
ORD104786,2023-04-25,Beauty,South,Consumer,Standard,50.44,7,0.0,353.08,105.92,53.0,4.3
ORD104787,2024-02-11,Books,Central,Consumer,Standard,21.21,3,0.05,60.45,6.65,35.0,4.4
ORD104788,2023-11-14,Electronics,North,Consumer,Express,608.78,2,0.25,913.17,-73.05,66.0,3.9
ORD104789,2024-02-21,Clothing,East,Consumer,Standard,75.37,3,0.0,226.11,56.53,34.0,5.0
ORD104790,2024-07-20,Clothing,Central,Consumer,Standard,33.78,6,0.0,202.68,50.67,23.0,4.7
ORD104791,2023-08-01,Electronics,East,Consumer,Same Day,163.06,4,0.15,554.4,0.0,30.0,5.0
ORD104792,2024-06-23,Electronics,Central,Consumer,Standard,980.69,6,0.0,5884.14,706.1,43.0,3.0
ORD104793,2023-03-25,Beauty,Central,Consumer,Standard,40.41,1,0.0,40.41,12.12,,4.9
ORD104794,2024-09-13,Clothing,West,Consumer,Same Day,29.13,4,0.15,99.04,12.88,42.0,4.3
ORD104795,2023-08-09,Clothing,East,Corporate,Standard,148.16,3,0.05,422.26,88.67,65.0,
ORD104796,2024-04-20,Books,South,Home Office,Express,56.37,2,0.1,101.47,7.1,30.0,4.0
ORD104797,2024-12-04,Electronics,North,Corporate,Express,412.74,7,0.25,2166.89,-173.35,22.0,3.8
ORD104798,2024-10-12,Books,West,Corporate,Express,12.93,2,0.0,25.86,3.88,64.0,4.2
ORD104799,2024-07-05,Electronics,South,Consumer,Standard,849.73,3,0.1,2294.27,91.77,52.0,3.3
ORD104800,2023-02-21,Clothing,South,Home Office,Standard,67.41,6,0.2,323.57,29.12,65.0,3.9
ORD104801,2023-06-26,Clothing,North,Consumer,Express,66.0,4,0.0,264.0,66.0,69.0,4.8
ORD104802,2023-04-10,Electronics,West,Corporate,Express,539.11,4,0.05,2048.62,163.89,26.0,4.6
ORD104803,2023-07-11,Home & Kitchen,East,Home Office,Standard,19.64,5,0.1,88.38,8.84,25.0,4.1
ORD104804,2023-03-19,Beauty,West,Consumer,Same Day,29.54,6,0.0,177.24,53.17,24.0,4.8
ORD104805,2024-04-05,Electronics,Central,Home Office,Standard,900.27,7,0.05,5986.8,478.94,30.0,4.0
ORD104806,2024-02-04,Clothing,Central,Consumer,Express,117.46,3,0.0,352.38,88.1,62.0,4.0
ORD104807,2023-06-19,Electronics,West,Consumer,Standard,452.97,1,0.0,452.97,54.36,66.0,4.3
ORD104808,2023-09-22,Electronics,West,Consumer,Standard,1028.28,7,0.0,7197.96,863.76,41.0,5.0
ORD104809,2024-04-06,Sports,East,Consumer,Standard,14.88,7,0.0,104.16,20.83,20.0,3.7
ORD104810,2024-05-27,Electronics,North,Consumer,Standard,528.36,5,0.15,2245.53,0.0,29.0,4.1
ORD104811,2023-04-04,Sports,South,Corporate,Standard,295.14,6,0.05,1682.3,269.17,62.0,4.7
ORD104812,2023-06-20,Clothing,North,Home Office,Express,82.57,4,0.0,330.28,82.57,62.0,3.7
ORD104813,2024-01-25,Clothing,West,Home Office,Express,37.86,2,0.0,75.72,18.93,25.0,4.0
ORD104814,2024-01-07,Home & Kitchen,West,Corporate,Standard,29.57,5,0.0,147.85,26.61,64.0,4.5
ORD104815,2023-06-22,Clothing,West,Consumer,Standard,100.17,2,0.1,180.31,30.65,22.0,4.5
ORD104816,2024-12-16,Books,East,Corporate,Standard,49.24,5,0.05,233.89,25.73,50.0,3.2
ORD104817,2023-12-24,Beauty,South,Consumer,Standard,106.37,2,0.2,170.19,23.83,46.0,5.0
ORD104818,2023-04-19,Home & Kitchen,South,Corporate,Express,280.12,2,0.1,504.22,50.42,29.0,4.0
ORD104819,2024-09-10,Beauty,Central,Consumer,Standard,57.4,1,0.2,45.92,6.43,46.0,1.9
ORD104820,2024-08-06,Clothing,East,Corporate,Standard,118.64,4,0.0,474.56,118.64,28.0,3.6
ORD104821,2023-02-16,Home & Kitchen,East,Consumer,Standard,91.19,5,0.2,364.76,7.3,42.0,5.0
ORD104822,2024-02-04,Beauty,South,Corporate,Standard,26.93,4,0.3,75.4,4.52,40.0,3.5
ORD104823,2023-06-20,Electronics,North,Consumer,Standard,635.87,4,0.0,2543.48,305.22,34.0,3.1
ORD104824,2024-04-05,Clothing,South,Consumer,Standard,70.74,4,0.05,268.81,56.45,26.0,5.0
ORD104825,2024-03-19,Beauty,East,Consumer,Standard,104.72,5,0.1,471.24,103.67,53.0,3.8
ORD104826,2023-01-24,Home & Kitchen,West,Corporate,Express,303.3,3,0.0,909.9,163.78,68.0,3.3
ORD104827,2024-02-29,Electronics,South,Consumer,Standard,703.42,4,0.0,2813.68,337.64,68.0,4.8
ORD104828,2023-02-16,Electronics,South,Corporate,Standard,941.99,3,0.0,2825.97,339.12,29.0,4.0
ORD104829,2024-07-20,Electronics,Central,Corporate,Standard,468.46,7,0.0,3279.22,393.51,29.0,5.0
ORD104830,2024-05-24,Electronics,Central,Consumer,Express,354.48,2,0.05,673.51,53.88,50.0,5.0
ORD104831,2024-03-10,Electronics,South,Home Office,Standard,471.88,5,0.2,1887.52,-75.5,27.0,3.9
ORD104832,2024-09-19,Books,West,Consumer,Standard,47.83,2,0.0,95.66,14.35,32.0,4.7
ORD104833,2024-05-08,Beauty,Central,Consumer,Same Day,61.39,4,0.0,245.56,73.67,62.0,4.6
ORD104834,2024-10-06,Home & Kitchen,South,Corporate,Same Day,170.78,3,0.0,512.34,92.22,45.0,4.3
ORD104835,2023-05-28,Clothing,South,Corporate,Standard,29.48,5,0.15,125.29,16.29,53.0,4.1
ORD104836,2024-09-03,Beauty,East,Corporate,Standard,95.82,6,0.3,402.44,24.15,62.0,4.6
ORD104837,2023-07-23,Home & Kitchen,West,Consumer,Standard,29.29,2,0.2,46.86,0.94,59.0,3.3
ORD104838,2024-06-01,Books,West,Home Office,Standard,51.65,3,0.05,147.2,16.19,,4.4
ORD104839,2023-04-26,Clothing,East,Consumer,Standard,15.55,7,0.1,97.96,16.65,25.0,3.7
ORD104840,2024-12-01,Clothing,East,Consumer,Express,77.66,5,0.05,368.88,77.46,30.0,3.2
ORD104841,2023-01-25,Electronics,South,Consumer,Standard,569.83,1,0.15,484.36,0.0,33.0,3.6
ORD104842,2024-12-26,Clothing,North,Consumer,Standard,65.09,1,0.15000000000000002,55.33,7.19,36.0,2.9
ORD104843,2024-05-01,Electronics,South,Corporate,Standard,194.3,1,0.1,174.87,6.99,62.0,4.3
ORD104844,2024-12-07,Clothing,East,Home Office,Express,146.79,6,0.1,792.67,134.75,26.0,4.5
ORD104845,2023-06-27,Books,East,Corporate,Same Day,58.33,2,0.0,116.66,17.5,19.0,4.0
ORD104846,2024-05-24,Clothing,East,Consumer,Express,137.88,4,0.0,551.52,137.88,28.0,3.3
ORD104847,2023-06-19,Books,West,Home Office,Standard,44.55,1,0.3,31.18,-2.81,23.0,2.8
ORD104848,2023-07-29,Sports,South,Corporate,Standard,107.74,3,0.0,323.22,64.64,31.0,3.7
ORD104849,2024-06-05,Home & Kitchen,West,Consumer,Standard,118.58,7,0.0,830.06,149.41,42.0,4.9
ORD104850,2024-05-24,Beauty,South,Consumer,Standard,117.08,1,0.05,111.23,28.92,59.0,4.6
ORD104851,2023-02-06,Books,East,Consumer,Express,6.64,6,0.0,39.84,5.98,69.0,3.6
ORD104852,2023-01-06,Home & Kitchen,West,Home Office,Express,62.82,4,0.3,175.9,-10.55,36.0,4.5
ORD104853,2024-05-13,Clothing,North,Home Office,Express,57.94,3,0.3,121.67,1.22,27.0,4.7
ORD104854,2023-08-31,Sports,West,Corporate,Express,275.75,4,0.0,1103.0,220.6,38.0,2.8
ORD104855,2023-04-23,Sports,North,Corporate,Express,241.57,2,0.0,483.14,96.63,37.0,2.9
ORD104856,2023-09-17,Beauty,East,Corporate,Same Day,105.05,3,0.15,267.88,48.22,35.0,4.7
ORD104857,2024-01-07,Books,Central,Home Office,Express,39.78,7,0.1,250.61,17.54,33.0,4.6
ORD104858,2023-03-22,Beauty,West,Consumer,Standard,97.81,2,0.0,195.62,58.69,25.0,4.8
ORD104859,2023-10-30,Books,North,Home Office,Express,9.48,2,0.0,18.96,2.84,28.0,3.9
ORD104860,2023-02-18,Sports,South,Corporate,Express,241.13,3,0.1,651.05,78.13,44.0,3.0
ORD104861,2023-04-20,Electronics,South,Consumer,Standard,476.98,4,0.0,1907.92,228.95,51.0,3.3
ORD104862,2024-12-20,Clothing,East,Consumer,Standard,79.78,2,0.05,151.58,31.83,18.0,3.3
ORD104863,2024-06-17,Clothing,South,Consumer,Standard,140.85,4,0.0,563.4,140.85,48.0,3.5
ORD104864,2023-06-18,Books,Central,Consumer,Standard,53.68,7,0.0,375.76,56.36,30.0,3.7
ORD104865,2023-05-13,Home & Kitchen,East,Corporate,Standard,158.98,3,0.0,476.94,85.85,62.0,2.1
ORD104866,2023-08-26,Home & Kitchen,Central,Consumer,Express,164.03,1,0.15,139.43,8.37,34.0,4.2
ORD104867,2023-03-11,Clothing,South,Corporate,Express,65.6,3,0.05,186.96,39.26,28.0,4.6
ORD104868,2024-04-24,Clothing,East,Consumer,Express,130.64,5,0.05,620.54,130.31,51.0,4.8
ORD104869,2023-04-26,Electronics,North,Consumer,Express,771.17,7,0.1,4858.37,194.33,28.0,4.0
ORD104870,2023-12-05,Clothing,West,Corporate,Standard,73.53,4,0.05,279.41,58.68,,
ORD104871,2023-02-19,Home & Kitchen,West,Home Office,Same Day,130.93,6,0.1,707.02,70.7,29.0,
ORD104872,2024-08-21,Sports,West,Corporate,Standard,14.67,7,0.0,102.69,20.54,47.0,4.0
ORD104873,2024-11-23,Beauty,West,Home Office,Standard,29.74,2,0.1,53.53,11.78,59.0,4.7
ORD104874,2024-02-11,Home & Kitchen,South,Corporate,Express,284.74,7,0.0,1993.18,358.77,30.0,3.3
ORD104875,2023-10-02,Electronics,North,Corporate,Standard,933.64,3,0.05,2660.87,212.87,56.0,
ORD104876,2024-03-05,Clothing,North,Consumer,Standard,84.24,7,0.0,589.68,147.42,65.0,5.0
ORD104877,2024-10-31,Sports,East,Consumer,Standard,156.34,6,0.1,844.24,101.31,39.0,2.8
ORD104878,2023-10-01,Home & Kitchen,North,Home Office,Same Day,288.51,2,0.0,577.02,103.86,20.0,4.6
ORD104879,2024-06-12,Beauty,South,Consumer,Express,105.95,1,0.0,105.95,31.78,54.0,5.0
ORD104880,2024-05-26,Clothing,East,Corporate,Standard,74.66,2,0.05,141.85,29.79,30.0,4.2
ORD104881,2023-12-06,Electronics,South,Corporate,Standard,743.72,2,0.2,1189.95,-47.6,55.0,3.6
ORD104882,2024-05-05,Electronics,South,Corporate,Standard,1115.75,5,0.0,5578.75,669.45,57.0,
ORD104883,2023-09-15,Sports,South,Consumer,Standard,262.08,1,0.1,235.87,28.3,38.0,4.6
ORD104884,2023-10-15,Electronics,East,Corporate,Express,327.94,4,0.05,1246.17,99.69,48.0,4.8
ORD104885,2023-09-29,Beauty,Central,Consumer,Express,78.2,5,0.2,312.8,43.79,56.0,4.5
ORD104886,2023-05-12,Home & Kitchen,West,Home Office,Same Day,30.43,5,0.2,121.72,2.43,58.0,3.7
ORD104887,2024-07-24,Beauty,East,Consumer,Same Day,106.88,1,0.3,74.82,4.49,54.0,3.9
ORD104888,2024-05-19,Clothing,South,Corporate,Standard,78.94,4,0.05,299.97,62.99,56.0,
ORD104889,2023-08-06,Electronics,South,Home Office,Standard,849.82,1,0.05,807.33,64.59,49.0,4.4
ORD104890,2023-03-31,Home & Kitchen,North,Home Office,Express,100.5,3,0.05,286.42,40.1,55.0,5.0
ORD104891,2024-05-02,Electronics,East,Consumer,Express,319.94,1,0.05,303.94,24.32,54.0,3.2
ORD104892,2023-03-27,Sports,East,Home Office,Standard,11.9,1,0.0,11.9,2.38,34.0,3.8
ORD104893,2024-05-10,Electronics,West,Consumer,Standard,1033.51,6,0.1,5580.95,223.24,35.0,5.0
ORD104894,2024-05-09,Electronics,North,Corporate,Same Day,1158.75,5,0.3,4055.62,-486.67,50.0,4.5
ORD104895,2023-08-28,Electronics,East,Corporate,Standard,948.16,5,0.2,3792.64,-151.71,68.0,4.4
ORD104896,2024-03-21,Electronics,West,Consumer,Standard,1039.63,5,0.05,4938.24,395.06,65.0,
ORD104897,2023-06-07,Sports,North,Consumer,Standard,45.77,2,0.0,91.54,18.31,43.0,3.1
ORD104898,2023-02-08,Clothing,South,Consumer,Standard,82.17,2,0.15,139.69,18.16,19.0,3.8
ORD104899,2024-02-11,Electronics,South,Corporate,Express,743.63,7,0.2,4164.33,-166.57,62.0,3.2
ORD104900,2023-04-12,Home & Kitchen,North,Home Office,Standard,369.08,5,0.15,1568.59,94.12,66.0,4.8
ORD104901,2023-11-23,Sports,South,Consumer,Standard,187.92,3,0.1,507.38,60.89,18.0,3.9
ORD104902,2023-10-12,Clothing,Central,Consumer,Standard,137.43,1,0.15,116.82,15.19,61.0,4.0
ORD104903,2024-06-12,Beauty,Central,Consumer,Standard,100.63,1,0.1,90.57,19.93,63.0,4.1
ORD104904,2024-01-08,Clothing,West,Corporate,Standard,63.36,1,0.3,44.35,0.44,42.0,2.9
ORD104905,2024-01-29,Electronics,West,Home Office,Express,1183.07,6,0.3,4968.89,-596.27,48.0,3.6
ORD104906,2024-03-20,Home & Kitchen,East,Corporate,Express,351.18,2,0.15,597.01,35.82,35.0,4.4
ORD104907,2023-03-15,Clothing,Central,Corporate,Standard,109.98,7,0.05,731.37,153.59,46.0,3.8
ORD104908,2024-04-29,Beauty,East,Consumer,Standard,50.74,1,0.0,50.74,15.22,34.0,2.7
ORD104909,2024-12-26,Home & Kitchen,East,Consumer,Same Day,47.53,3,0.1,128.33,12.83,64.0,3.7
ORD104910,2023-02-01,Home & Kitchen,South,Consumer,Express,103.7,5,0.05,492.58,68.96,,3.6
ORD104911,2023-10-14,Home & Kitchen,East,Consumer,Standard,108.65,5,0.0,543.25,97.78,46.0,3.7
ORD104912,2024-07-23,Electronics,South,Corporate,Standard,820.53,6,0.2,3938.54,-157.54,30.0,3.1
ORD104913,2024-01-02,Clothing,Central,Corporate,Same Day,119.77,7,0.0,838.39,209.6,61.0,4.5
ORD104914,2023-03-19,Home & Kitchen,West,Consumer,Express,165.02,2,0.0,330.04,59.41,52.0,4.6
ORD104915,2023-05-14,Electronics,West,Corporate,Express,202.1,6,0.15,1030.71,0.0,,3.7
ORD104916,2023-10-14,Clothing,East,Consumer,Standard,115.44,3,0.0,346.32,86.58,30.0,4.3
ORD104917,2024-03-31,Home & Kitchen,Central,Consumer,Express,397.87,4,0.1,1432.33,143.23,58.0,4.8
ORD104918,2023-11-05,Electronics,East,Corporate,Standard,1135.33,1,0.15000000000000002,965.03,-0.0,57.0,3.6
ORD104919,2023-05-26,Home & Kitchen,North,Consumer,Same Day,252.85,4,0.05,960.83,134.52,31.0,3.7
ORD104920,2024-06-02,Sports,Central,Consumer,Standard,52.37,4,0.0,209.48,41.9,61.0,4.1
ORD104921,2024-10-02,Electronics,South,Home Office,Standard,550.64,3,0.1,1486.73,59.47,27.0,5.0
ORD104922,2023-01-15,Electronics,East,Consumer,Standard,799.46,3,0.0,2398.38,287.81,61.0,3.6
ORD104923,2023-12-03,Beauty,North,Consumer,Express,113.39,6,0.15000000000000002,578.29,104.09,26.0,4.1
ORD104924,2023-09-22,Beauty,East,Home Office,Express,87.77,1,0.2,70.22,9.83,46.0,5.0
ORD104925,2024-12-10,Home & Kitchen,South,Corporate,Express,90.44,6,0.1,488.38,48.84,31.0,4.6
ORD104926,2023-04-26,Books,South,Consumer,Standard,6.62,6,0.1,35.75,2.5,44.0,4.2
ORD104927,2024-11-02,Electronics,North,Consumer,Standard,1187.15,7,0.2,6648.04,-265.92,56.0,4.6
ORD104928,2024-05-17,Beauty,East,Consumer,Standard,74.9,4,0.0,299.6,89.88,24.0,5.0
ORD104929,2023-04-01,Home & Kitchen,West,Home Office,Express,201.13,4,0.0,804.52,144.81,27.0,5.0
ORD104930,2023-12-20,Books,West,Corporate,Same Day,51.72,7,0.1,325.84,22.81,55.0,4.2
ORD104931,2024-05-08,Sports,West,Consumer,Express,293.16,1,0.0,293.16,58.63,60.0,4.1
ORD104932,2023-07-23,Electronics,Central,Corporate,Express,1166.83,2,0.15,1983.61,0.0,23.0,3.0
ORD104933,2024-06-24,Home & Kitchen,South,Home Office,Express,377.94,2,0.05,718.09,100.53,,4.3
ORD104934,2023-03-12,Clothing,East,Consumer,Standard,122.68,4,0.15,417.11,54.22,55.0,4.1
ORD104935,2024-12-13,Books,West,Corporate,Express,9.86,7,0.05,65.57,7.21,44.0,5.0
ORD104936,2024-10-29,Home & Kitchen,South,Corporate,Express,38.52,2,0.05,73.19,10.25,66.0,5.0
ORD104937,2023-06-10,Home & Kitchen,East,Corporate,Standard,48.63,7,0.05,323.39,45.27,54.0,4.0
ORD104938,2024-09-12,Books,Central,Consumer,Express,36.33,7,0.2,203.45,-2.03,39.0,3.4
ORD104939,2024-04-23,Clothing,North,Consumer,Standard,66.55,5,0.05,316.11,66.38,20.0,4.0
ORD104940,2023-08-20,Home & Kitchen,North,Consumer,Standard,59.24,1,0.05,56.28,7.88,42.0,4.4
ORD104941,2024-12-07,Home & Kitchen,West,Corporate,Standard,69.06,4,0.05,262.43,36.74,21.0,5.0
ORD104942,2023-11-19,Books,North,Corporate,Standard,47.61,3,0.1,128.55,9.0,25.0,4.1
ORD104943,2023-08-24,Books,South,Consumer,Standard,34.42,1,0.0,34.42,5.16,65.0,4.5
ORD104944,2024-10-24,Clothing,South,Corporate,Same Day,66.75,4,0.0,267.0,66.75,44.0,4.7
ORD104945,2024-01-13,Clothing,South,Consumer,Express,103.21,3,0.0,309.63,77.41,33.0,3.5
ORD104946,2023-11-08,Home & Kitchen,East,Corporate,Standard,258.04,5,0.15000000000000002,1096.67,65.8,33.0,3.7
ORD104947,2024-07-29,Electronics,North,Consumer,Standard,932.41,3,0.0,2797.23,335.67,42.0,3.7
ORD104948,2024-01-18,Sports,North,Corporate,Standard,272.77,1,0.15,231.85,18.55,30.0,3.6
ORD104949,2023-01-16,Electronics,North,Corporate,Express,1120.96,1,0.1,1008.86,40.35,69.0,4.7
ORD104950,2023-02-07,Books,South,Consumer,Standard,31.27,5,0.1,140.72,9.85,19.0,5.0
ORD104951,2023-10-08,Home & Kitchen,Central,Corporate,Express,375.22,7,0.05,2495.21,349.33,63.0,3.0
ORD104952,2024-06-19,Home & Kitchen,East,Home Office,Standard,179.12,3,0.2,429.89,8.6,23.0,5.0
ORD104953,2023-07-23,Clothing,Central,Consumer,Express,13.36,6,0.0,80.16,20.04,50.0,3.4
ORD104954,2023-07-30,Clothing,North,Consumer,Express,61.13,3,0.0,183.39,45.85,57.0,2.4
ORD104955,2023-12-07,Books,East,Corporate,Express,12.92,4,0.2,41.34,-0.41,21.0,3.5
ORD104956,2023-09-10,Electronics,North,Corporate,Same Day,836.98,7,0.05,5565.92,445.27,29.0,2.0
ORD104957,2024-05-29,Electronics,West,Consumer,Standard,782.87,2,0.0,1565.74,187.89,49.0,4.3
ORD104958,2023-07-28,Sports,West,Corporate,Express,54.96,4,0.05,208.85,33.42,56.0,5.0
ORD104959,2024-07-27,Home & Kitchen,North,Home Office,Standard,363.08,5,0.15,1543.09,92.59,58.0,4.9
ORD104960,2024-08-08,Electronics,East,Consumer,Standard,559.18,1,0.05,531.22,42.5,45.0,3.7
ORD104961,2024-08-06,Clothing,North,Consumer,Standard,32.47,7,0.3,159.1,1.59,58.0,4.6
ORD104962,2023-04-17,Beauty,North,Home Office,Same Day,109.27,2,0.2,174.83,24.48,29.0,4.0
ORD104963,2024-04-15,Electronics,North,Home Office,Standard,672.37,6,0.1,3630.8,145.23,37.0,4.2
ORD104964,2023-06-10,Electronics,West,Consumer,Standard,1058.27,6,0.1,5714.66,228.59,48.0,4.4
ORD104965,2023-04-14,Beauty,East,Consumer,Express,71.74,5,0.05,340.76,88.6,60.0,4.4
ORD104966,2023-05-29,Electronics,West,Corporate,Express,1128.05,3,0.0,3384.15,406.1,43.0,4.1
ORD104967,2023-05-11,Books,Central,Consumer,Standard,58.65,3,0.0,175.95,26.39,59.0,5.0
ORD104968,2024-08-15,Sports,East,Corporate,Express,162.05,1,0.2,129.64,5.19,26.0,3.8
ORD104969,2024-03-05,Electronics,East,Consumer,Same Day,652.9,6,0.3,2742.18,-329.06,69.0,4.6
ORD104970,2023-07-28,Clothing,South,Consumer,Express,132.11,4,0.2,422.75,38.05,50.0,4.6
ORD104971,2023-01-26,Home & Kitchen,East,Consumer,Standard,182.27,3,0.05,519.47,72.73,26.0,5.0
ORD104972,2023-10-17,Sports,East,Corporate,Same Day,253.35,7,0.0,1773.45,354.69,,3.3
ORD104973,2023-12-19,Electronics,South,Consumer,Standard,1076.86,1,0.05,1023.02,81.84,24.0,5.0
ORD104974,2023-05-15,Clothing,South,Consumer,Standard,12.52,3,0.05,35.68,7.49,28.0,3.9
ORD104975,2023-02-27,Beauty,West,Corporate,Express,118.88,1,0.1,106.99,23.54,45.0,3.0
ORD104976,2023-06-28,Electronics,North,Consumer,Express,814.18,2,0.2,1302.69,-52.11,54.0,2.4
ORD104977,2024-09-04,Electronics,North,Home Office,Standard,423.03,6,0.15,2157.45,0.0,51.0,
ORD104978,2024-08-06,Electronics,East,Home Office,Standard,218.75,6,0.0,1312.5,157.5,63.0,4.4
ORD104979,2023-09-23,Clothing,North,Consumer,Express,24.83,5,0.15,105.53,13.72,50.0,4.6
ORD104980,2023-09-12,Sports,East,Consumer,Same Day,12.56,1,0.0,12.56,2.51,60.0,4.2
ORD104981,2023-01-02,Books,East,Corporate,Standard,31.05,2,0.05,59.0,6.49,25.0,4.1
ORD104982,2023-04-22,Clothing,East,Consumer,Express,52.09,1,0.0,52.09,13.02,62.0,3.7
ORD104983,2024-10-12,Home & Kitchen,East,Consumer,Standard,226.04,6,0.2,1084.99,21.7,52.0,4.8
ORD104984,2023-09-26,Books,North,Corporate,Standard,41.09,1,0.1,36.98,2.59,21.0,5.0
ORD104985,2023-04-18,Electronics,South,Corporate,Standard,1157.82,2,0.2,1852.51,-74.1,48.0,3.0
ORD104986,2023-02-07,Clothing,West,Consumer,Standard,93.45,2,0.05,177.56,37.29,29.0,4.2
ORD104987,2023-03-12,Beauty,South,Consumer,Express,43.45,3,0.15,110.8,19.94,34.0,4.3
ORD104988,2023-10-13,Home & Kitchen,South,Consumer,Express,224.93,7,0.2,1259.61,25.19,51.0,4.9
ORD104989,2024-08-03,Electronics,North,Consumer,Same Day,363.01,3,0.15,925.68,0.0,20.0,4.2
ORD104990,2024-01-02,Beauty,Central,Corporate,Standard,100.19,5,0.15,425.81,76.65,28.0,4.8
ORD104991,2024-11-28,Books,North,Consumer,Same Day,48.75,7,0.15000000000000002,290.06,8.7,,
ORD104992,2023-07-16,Home & Kitchen,North,Consumer,Express,193.82,7,0.2,1085.39,21.71,34.0,4.3
ORD104993,2024-11-18,Beauty,Central,Corporate,Standard,58.83,2,0.1,105.89,23.3,34.0,4.3
ORD104994,2023-12-05,Clothing,East,Consumer,Express,23.61,7,0.15000000000000002,140.48,18.26,41.0,4.1
ORD104995,2023-07-23,Home & Kitchen,East,Corporate,Standard,151.87,6,0.1,820.1,82.01,25.0,5.0
ORD104996,2024-05-29,Electronics,Central,Corporate,Same Day,545.47,6,0.0,3272.82,392.74,18.0,5.0
ORD104997,2024-08-25,Beauty,South,Corporate,Express,59.44,7,0.15,353.67,63.66,46.0,4.1
ORD104998,2024-11-15,Home & Kitchen,East,Consumer,Standard,48.91,5,0.05,232.32,32.52,58.0,3.8
ORD104999,2024-07-08,Sports,East,Consumer,Standard,282.45,7,0.1,1779.44,213.53,37.0,3.7
ORD102764,2024-11-12,Beauty,Central,Corporate,Standard,92.59,2,0.05,175.92,45.74,35.0,
ORD104767,2023-02-19,Clothing,South,Consumer,Standard,82.33,2,0.0,164.66,41.16,30.0,5.0
ORD103814,2024-08-08,Clothing,East,Consumer,Standard,57.19,4,0.1,205.88,35.0,46.0,3.4
ORD103499,2023-11-12,Electronics,East,Home Office,Standard,915.98,5,0.25,3434.92,-274.79,52.0,3.5
ORD102735,2023-10-03,Clothing,Central,Consumer,Standard,55.31,6,0.0,331.86,82.96,64.0,5.0
ORD103922,2024-07-10,Beauty,North,Consumer,Same Day,13.67,2,0.0,27.34,8.2,49.0,3.9
ORD102701,2024-10-20,Beauty,West,Consumer,Express,111.3,2,0.1,200.34,44.07,41.0,5.0
ORD101179,2024-11-14,Beauty,North,Consumer,Same Day,22.61,3,0.05,64.44,16.75,66.0,4.9
ORD100932,2023-02-09,Electronics,West,Corporate,Standard,381.97,4,0.15,1298.7,0.0,19.0,4.4
ORD100792,2023-05-05,Beauty,North,Corporate,Same Day,80.58,1,0.1,72.52,15.95,27.0,3.7
ORD101852,2023-12-21,Home & Kitchen,Central,Corporate,Standard,274.24,2,0.05,521.06,72.95,31.0,4.7
ORD101185,2023-08-14,Books,East,Home Office,Standard,45.63,4,0.3,127.76,-11.5,47.0,3.7
ORD101724,2023-12-02,Clothing,North,Consumer,Standard,111.71,7,0.25,586.48,29.32,69.0,5.0
ORD104080,2024-09-10,Books,Central,Home Office,Standard,57.53,1,0.05,54.65,6.01,22.0,5.0
ORD103823,2023-09-16,Beauty,West,Corporate,Same Day,72.87,2,0.1,131.17,28.86,62.0,3.6
